ISO-10303-21;
HEADER;
FILE_DESCRIPTION(('FreeCAD Model'),'2;1');
FILE_NAME('Open CASCADE Shape Model','2025-08-09T17:57:40',(''),(''),
  'Open CASCADE STEP processor 7.9','FreeCAD','Unknown');
FILE_SCHEMA(('AUTOMOTIVE_DESIGN { 1 0 10303 214 1 1 1 1 }'));
ENDSEC;
DATA;
#1 = APPLICATION_PROTOCOL_DEFINITION('international standard',
  'automotive_design',2000,#2);
#2 = APPLICATION_CONTEXT(
  'core data for automotive mechanical design processes');
#3 = SHAPE_DEFINITION_REPRESENTATION(#4,#10);
#4 = PRODUCT_DEFINITION_SHAPE('','',#5);
#5 = PRODUCT_DEFINITION('design','',#6,#9);
#6 = PRODUCT_DEFINITION_FORMATION('','',#7);
#7 = PRODUCT('Body','Body','',(#8));
#8 = PRODUCT_CONTEXT('',#2,'mechanical');
#9 = PRODUCT_DEFINITION_CONTEXT('part definition',#2,'design');
#10 = ADVANCED_BREP_SHAPE_REPRESENTATION('',(#11,#15),#2929);
#11 = AXIS2_PLACEMENT_3D('',#12,#13,#14);
#12 = CARTESIAN_POINT('',(0.,0.,0.));
#13 = DIRECTION('',(0.,0.,1.));
#14 = DIRECTION('',(1.,0.,-0.));
#15 = MANIFOLD_SOLID_BREP('',#16);
#16 = CLOSED_SHELL('',(#17,#73,#104,#128,#223,#258,#289,#306,#325,#381,
    #405,#436,#460,#507,#538,#585,#616,#663,#719,#858,#883,#937,#1004,
    #1035,#1121,#1138,#1162,#1186,#1210,#1245,#1262,#1286,#1310,#1345,
    #1369,#1386,#1410,#1434,#1469,#1493,#1510,#1527,#1558,#1583,#1608,
    #1633,#1658,#1683,#1714,#1738,#1762,#1779,#1804,#1829,#1854,#1866,
    #1880,#1894,#1908,#1926,#1966,#1988,#2035,#2057,#2104,#2126,#2166,
    #2190,#2223,#2263,#2310,#2357,#2382,#2407,#2432,#2449,#2461,#2473,
    #2493,#2513,#2525,#2545,#2565,#2593,#2610,#2622,#2639,#2656,#2684,
    #2701,#2713,#2730,#2747,#2775,#2792,#2804,#2821,#2838,#2861,#2878,
    #2895,#2912));
#17 = ADVANCED_FACE('',(#18),#68,.T.);
#18 = FACE_BOUND('',#19,.T.);
#19 = EDGE_LOOP('',(#20,#30,#38,#46,#54,#62));
#20 = ORIENTED_EDGE('',*,*,#21,.T.);
#21 = EDGE_CURVE('',#22,#24,#26,.T.);
#22 = VERTEX_POINT('',#23);
#23 = CARTESIAN_POINT('',(0.,150.1,0.));
#24 = VERTEX_POINT('',#25);
#25 = CARTESIAN_POINT('',(0.,150.1,-9.999999999996E-03));
#26 = LINE('',#27,#28);
#27 = CARTESIAN_POINT('',(0.,150.1,0.));
#28 = VECTOR('',#29,1.);
#29 = DIRECTION('',(0.,0.,-1.));
#30 = ORIENTED_EDGE('',*,*,#31,.T.);
#31 = EDGE_CURVE('',#24,#32,#34,.T.);
#32 = VERTEX_POINT('',#33);
#33 = CARTESIAN_POINT('',(0.,149.6,-3.));
#34 = LINE('',#35,#36);
#35 = CARTESIAN_POINT('',(0.,149.97581337526,-0.75263601593));
#36 = VECTOR('',#37,1.);
#37 = DIRECTION('',(0.,-0.164933883836,-0.986304625338));
#38 = ORIENTED_EDGE('',*,*,#39,.T.);
#39 = EDGE_CURVE('',#32,#40,#42,.T.);
#40 = VERTEX_POINT('',#41);
#41 = CARTESIAN_POINT('',(0.,143.6,-3.));
#42 = LINE('',#43,#44);
#43 = CARTESIAN_POINT('',(0.,150.1,-3.));
#44 = VECTOR('',#45,1.);
#45 = DIRECTION('',(0.,-1.,0.));
#46 = ORIENTED_EDGE('',*,*,#47,.F.);
#47 = EDGE_CURVE('',#48,#40,#50,.T.);
#48 = VERTEX_POINT('',#49);
#49 = CARTESIAN_POINT('',(-1.972152263053E-31,143.1,-1.E-02));
#50 = LINE('',#51,#52);
#51 = CARTESIAN_POINT('',(0.,143.31939777586,-1.321998699688));
#52 = VECTOR('',#53,1.);
#53 = DIRECTION('',(0.,0.164933883836,-0.986304625338));
#54 = ORIENTED_EDGE('',*,*,#55,.F.);
#55 = EDGE_CURVE('',#56,#48,#58,.T.);
#56 = VERTEX_POINT('',#57);
#57 = CARTESIAN_POINT('',(0.,143.1,0.));
#58 = LINE('',#59,#60);
#59 = CARTESIAN_POINT('',(0.,143.1,0.));
#60 = VECTOR('',#61,1.);
#61 = DIRECTION('',(0.,0.,-1.));
#62 = ORIENTED_EDGE('',*,*,#63,.F.);
#63 = EDGE_CURVE('',#22,#56,#64,.T.);
#64 = LINE('',#65,#66);
#65 = CARTESIAN_POINT('',(0.,160.,0.));
#66 = VECTOR('',#67,1.);
#67 = DIRECTION('',(0.,-1.,0.));
#68 = PLANE('',#69);
#69 = AXIS2_PLACEMENT_3D('',#70,#71,#72);
#70 = CARTESIAN_POINT('',(0.,150.1,0.));
#71 = DIRECTION('',(-1.,-0.,-0.));
#72 = DIRECTION('',(0.,-1.,0.));
#73 = ADVANCED_FACE('',(#74),#99,.T.);
#74 = FACE_BOUND('',#75,.T.);
#75 = EDGE_LOOP('',(#76,#86,#92,#93));
#76 = ORIENTED_EDGE('',*,*,#77,.T.);
#77 = EDGE_CURVE('',#78,#80,#82,.T.);
#78 = VERTEX_POINT('',#79);
#79 = CARTESIAN_POINT('',(14.,150.1,0.));
#80 = VERTEX_POINT('',#81);
#81 = CARTESIAN_POINT('',(14.,150.1,-9.999999999996E-03));
#82 = LINE('',#83,#84);
#83 = CARTESIAN_POINT('',(14.,150.1,0.));
#84 = VECTOR('',#85,1.);
#85 = DIRECTION('',(0.,0.,-1.));
#86 = ORIENTED_EDGE('',*,*,#87,.T.);
#87 = EDGE_CURVE('',#80,#24,#88,.T.);
#88 = LINE('',#89,#90);
#89 = CARTESIAN_POINT('',(14.,150.1,-1.E-02));
#90 = VECTOR('',#91,1.);
#91 = DIRECTION('',(-1.,0.,0.));
#92 = ORIENTED_EDGE('',*,*,#21,.F.);
#93 = ORIENTED_EDGE('',*,*,#94,.F.);
#94 = EDGE_CURVE('',#78,#22,#95,.T.);
#95 = LINE('',#96,#97);
#96 = CARTESIAN_POINT('',(14.,150.1,0.));
#97 = VECTOR('',#98,1.);
#98 = DIRECTION('',(-1.,0.,0.));
#99 = PLANE('',#100);
#100 = AXIS2_PLACEMENT_3D('',#101,#102,#103);
#101 = CARTESIAN_POINT('',(14.,150.1,0.));
#102 = DIRECTION('',(0.,1.,0.));
#103 = DIRECTION('',(-1.,0.,0.));
#104 = ADVANCED_FACE('',(#105),#123,.F.);
#105 = FACE_BOUND('',#106,.F.);
#106 = EDGE_LOOP('',(#107,#115,#116,#117));
#107 = ORIENTED_EDGE('',*,*,#108,.F.);
#108 = EDGE_CURVE('',#80,#109,#111,.T.);
#109 = VERTEX_POINT('',#110);
#110 = CARTESIAN_POINT('',(14.,149.6,-3.));
#111 = LINE('',#112,#113);
#112 = CARTESIAN_POINT('',(14.,149.88060222413,-1.321998699688));
#113 = VECTOR('',#114,1.);
#114 = DIRECTION('',(0.,-0.164933883836,-0.986304625338));
#115 = ORIENTED_EDGE('',*,*,#87,.T.);
#116 = ORIENTED_EDGE('',*,*,#31,.T.);
#117 = ORIENTED_EDGE('',*,*,#118,.F.);
#118 = EDGE_CURVE('',#109,#32,#119,.T.);
#119 = LINE('',#120,#121);
#120 = CARTESIAN_POINT('',(14.,149.6,-3.));
#121 = VECTOR('',#122,1.);
#122 = DIRECTION('',(-1.,0.,0.));
#123 = PLANE('',#124);
#124 = AXIS2_PLACEMENT_3D('',#125,#126,#127);
#125 = CARTESIAN_POINT('',(14.,149.85,-1.505));
#126 = DIRECTION('',(-7.250732432324E-18,-0.986304625338,0.164933883836)
  );
#127 = DIRECTION('',(-1.,7.151430935089E-18,-1.195891460717E-18));
#128 = ADVANCED_FACE('',(#129),#218,.F.);
#129 = FACE_BOUND('',#130,.F.);
#130 = EDGE_LOOP('',(#131,#141,#149,#157,#165,#173,#181,#189,#197,#205,
    #211,#212));
#131 = ORIENTED_EDGE('',*,*,#132,.T.);
#132 = EDGE_CURVE('',#133,#135,#137,.T.);
#133 = VERTEX_POINT('',#134);
#134 = CARTESIAN_POINT('',(0.,160.,0.));
#135 = VERTEX_POINT('',#136);
#136 = CARTESIAN_POINT('',(0.,160.,10.));
#137 = LINE('',#138,#139);
#138 = CARTESIAN_POINT('',(0.,160.,0.));
#139 = VECTOR('',#140,1.);
#140 = DIRECTION('',(0.,0.,1.));
#141 = ORIENTED_EDGE('',*,*,#142,.T.);
#142 = EDGE_CURVE('',#135,#143,#145,.T.);
#143 = VERTEX_POINT('',#144);
#144 = CARTESIAN_POINT('',(0.,0.,10.));
#145 = LINE('',#146,#147);
#146 = CARTESIAN_POINT('',(0.,160.,10.));
#147 = VECTOR('',#148,1.);
#148 = DIRECTION('',(0.,-1.,0.));
#149 = ORIENTED_EDGE('',*,*,#150,.F.);
#150 = EDGE_CURVE('',#151,#143,#153,.T.);
#151 = VERTEX_POINT('',#152);
#152 = CARTESIAN_POINT('',(0.,0.,0.));
#153 = LINE('',#154,#155);
#154 = CARTESIAN_POINT('',(0.,0.,0.));
#155 = VECTOR('',#156,1.);
#156 = DIRECTION('',(0.,0.,1.));
#157 = ORIENTED_EDGE('',*,*,#158,.F.);
#158 = EDGE_CURVE('',#159,#151,#161,.T.);
#159 = VERTEX_POINT('',#160);
#160 = CARTESIAN_POINT('',(0.,9.9,0.));
#161 = LINE('',#162,#163);
#162 = CARTESIAN_POINT('',(0.,160.,0.));
#163 = VECTOR('',#164,1.);
#164 = DIRECTION('',(0.,-1.,0.));
#165 = ORIENTED_EDGE('',*,*,#166,.F.);
#166 = EDGE_CURVE('',#167,#159,#169,.T.);
#167 = VERTEX_POINT('',#168);
#168 = CARTESIAN_POINT('',(0.,16.9,0.));
#169 = LINE('',#170,#171);
#170 = CARTESIAN_POINT('',(0.,160.,0.));
#171 = VECTOR('',#172,1.);
#172 = DIRECTION('',(0.,-1.,0.));
#173 = ORIENTED_EDGE('',*,*,#174,.F.);
#174 = EDGE_CURVE('',#175,#167,#177,.T.);
#175 = VERTEX_POINT('',#176);
#176 = CARTESIAN_POINT('',(0.,54.3,0.));
#177 = LINE('',#178,#179);
#178 = CARTESIAN_POINT('',(0.,160.,0.));
#179 = VECTOR('',#180,1.);
#180 = DIRECTION('',(0.,-1.,0.));
#181 = ORIENTED_EDGE('',*,*,#182,.F.);
#182 = EDGE_CURVE('',#183,#175,#185,.T.);
#183 = VERTEX_POINT('',#184);
#184 = CARTESIAN_POINT('',(0.,61.3,0.));
#185 = LINE('',#186,#187);
#186 = CARTESIAN_POINT('',(0.,160.,0.));
#187 = VECTOR('',#188,1.);
#188 = DIRECTION('',(0.,-1.,0.));
#189 = ORIENTED_EDGE('',*,*,#190,.F.);
#190 = EDGE_CURVE('',#191,#183,#193,.T.);
#191 = VERTEX_POINT('',#192);
#192 = CARTESIAN_POINT('',(0.,98.7,0.));
#193 = LINE('',#194,#195);
#194 = CARTESIAN_POINT('',(0.,160.,0.));
#195 = VECTOR('',#196,1.);
#196 = DIRECTION('',(0.,-1.,0.));
#197 = ORIENTED_EDGE('',*,*,#198,.F.);
#198 = EDGE_CURVE('',#199,#191,#201,.T.);
#199 = VERTEX_POINT('',#200);
#200 = CARTESIAN_POINT('',(0.,105.7,0.));
#201 = LINE('',#202,#203);
#202 = CARTESIAN_POINT('',(0.,160.,0.));
#203 = VECTOR('',#204,1.);
#204 = DIRECTION('',(0.,-1.,0.));
#205 = ORIENTED_EDGE('',*,*,#206,.F.);
#206 = EDGE_CURVE('',#56,#199,#207,.T.);
#207 = LINE('',#208,#209);
#208 = CARTESIAN_POINT('',(0.,160.,0.));
#209 = VECTOR('',#210,1.);
#210 = DIRECTION('',(0.,-1.,0.));
#211 = ORIENTED_EDGE('',*,*,#63,.F.);
#212 = ORIENTED_EDGE('',*,*,#213,.F.);
#213 = EDGE_CURVE('',#133,#22,#214,.T.);
#214 = LINE('',#215,#216);
#215 = CARTESIAN_POINT('',(0.,160.,0.));
#216 = VECTOR('',#217,1.);
#217 = DIRECTION('',(0.,-1.,0.));
#218 = PLANE('',#219);
#219 = AXIS2_PLACEMENT_3D('',#220,#221,#222);
#220 = CARTESIAN_POINT('',(0.,160.,0.));
#221 = DIRECTION('',(1.,0.,0.));
#222 = DIRECTION('',(0.,-1.,0.));
#223 = ADVANCED_FACE('',(#224,#242),#253,.F.);
#224 = FACE_BOUND('',#225,.F.);
#225 = EDGE_LOOP('',(#226,#227,#235,#241));
#226 = ORIENTED_EDGE('',*,*,#39,.T.);
#227 = ORIENTED_EDGE('',*,*,#228,.T.);
#228 = EDGE_CURVE('',#40,#229,#231,.T.);
#229 = VERTEX_POINT('',#230);
#230 = CARTESIAN_POINT('',(14.,143.6,-3.));
#231 = LINE('',#232,#233);
#232 = CARTESIAN_POINT('',(0.,143.6,-3.));
#233 = VECTOR('',#234,1.);
#234 = DIRECTION('',(1.,0.,0.));
#235 = ORIENTED_EDGE('',*,*,#236,.T.);
#236 = EDGE_CURVE('',#229,#109,#237,.T.);
#237 = LINE('',#238,#239);
#238 = CARTESIAN_POINT('',(14.,143.1,-3.));
#239 = VECTOR('',#240,1.);
#240 = DIRECTION('',(0.,1.,0.));
#241 = ORIENTED_EDGE('',*,*,#118,.T.);
#242 = FACE_BOUND('',#243,.F.);
#243 = EDGE_LOOP('',(#244));
#244 = ORIENTED_EDGE('',*,*,#245,.F.);
#245 = EDGE_CURVE('',#246,#246,#248,.T.);
#246 = VERTEX_POINT('',#247);
#247 = CARTESIAN_POINT('',(10.75,146.6,-3.));
#248 = CIRCLE('',#249,2.75);
#249 = AXIS2_PLACEMENT_3D('',#250,#251,#252);
#250 = CARTESIAN_POINT('',(8.,146.6,-3.));
#251 = DIRECTION('',(0.,0.,1.));
#252 = DIRECTION('',(1.,0.,0.));
#253 = PLANE('',#254);
#254 = AXIS2_PLACEMENT_3D('',#255,#256,#257);
#255 = CARTESIAN_POINT('',(62.5,80.,-3.));
#256 = DIRECTION('',(0.,0.,1.));
#257 = DIRECTION('',(1.,0.,0.));
#258 = ADVANCED_FACE('',(#259),#284,.T.);
#259 = FACE_BOUND('',#260,.T.);
#260 = EDGE_LOOP('',(#261,#262,#270,#278));
#261 = ORIENTED_EDGE('',*,*,#55,.T.);
#262 = ORIENTED_EDGE('',*,*,#263,.T.);
#263 = EDGE_CURVE('',#48,#264,#266,.T.);
#264 = VERTEX_POINT('',#265);
#265 = CARTESIAN_POINT('',(14.,143.1,-1.E-02));
#266 = LINE('',#267,#268);
#267 = CARTESIAN_POINT('',(0.,143.1,-1.E-02));
#268 = VECTOR('',#269,1.);
#269 = DIRECTION('',(1.,0.,0.));
#270 = ORIENTED_EDGE('',*,*,#271,.F.);
#271 = EDGE_CURVE('',#272,#264,#274,.T.);
#272 = VERTEX_POINT('',#273);
#273 = CARTESIAN_POINT('',(14.,143.1,0.));
#274 = LINE('',#275,#276);
#275 = CARTESIAN_POINT('',(14.,143.1,0.));
#276 = VECTOR('',#277,1.);
#277 = DIRECTION('',(0.,0.,-1.));
#278 = ORIENTED_EDGE('',*,*,#279,.F.);
#279 = EDGE_CURVE('',#56,#272,#280,.T.);
#280 = LINE('',#281,#282);
#281 = CARTESIAN_POINT('',(0.,143.1,0.));
#282 = VECTOR('',#283,1.);
#283 = DIRECTION('',(1.,0.,0.));
#284 = PLANE('',#285);
#285 = AXIS2_PLACEMENT_3D('',#286,#287,#288);
#286 = CARTESIAN_POINT('',(0.,143.1,0.));
#287 = DIRECTION('',(0.,-1.,0.));
#288 = DIRECTION('',(1.,0.,0.));
#289 = ADVANCED_FACE('',(#290),#301,.F.);
#290 = FACE_BOUND('',#291,.F.);
#291 = EDGE_LOOP('',(#292,#293,#294,#300));
#292 = ORIENTED_EDGE('',*,*,#47,.F.);
#293 = ORIENTED_EDGE('',*,*,#263,.T.);
#294 = ORIENTED_EDGE('',*,*,#295,.T.);
#295 = EDGE_CURVE('',#264,#229,#296,.T.);
#296 = LINE('',#297,#298);
#297 = CARTESIAN_POINT('',(14.,143.22418662473,-0.75263601593));
#298 = VECTOR('',#299,1.);
#299 = DIRECTION('',(0.,0.164933883836,-0.986304625338));
#300 = ORIENTED_EDGE('',*,*,#228,.F.);
#301 = PLANE('',#302);
#302 = AXIS2_PLACEMENT_3D('',#303,#304,#305);
#303 = CARTESIAN_POINT('',(0.,143.35,-1.505));
#304 = DIRECTION('',(7.250732432324E-18,0.986304625338,0.164933883836));
#305 = DIRECTION('',(1.,-7.151430935089E-18,-1.195891460717E-18));
#306 = ADVANCED_FACE('',(#307),#320,.T.);
#307 = FACE_BOUND('',#308,.T.);
#308 = EDGE_LOOP('',(#309,#310,#311,#312,#313,#314));
#309 = ORIENTED_EDGE('',*,*,#271,.T.);
#310 = ORIENTED_EDGE('',*,*,#295,.T.);
#311 = ORIENTED_EDGE('',*,*,#236,.T.);
#312 = ORIENTED_EDGE('',*,*,#108,.F.);
#313 = ORIENTED_EDGE('',*,*,#77,.F.);
#314 = ORIENTED_EDGE('',*,*,#315,.T.);
#315 = EDGE_CURVE('',#78,#272,#316,.T.);
#316 = LINE('',#317,#318);
#317 = CARTESIAN_POINT('',(14.,151.,0.));
#318 = VECTOR('',#319,1.);
#319 = DIRECTION('',(0.,-1.,0.));
#320 = PLANE('',#321);
#321 = AXIS2_PLACEMENT_3D('',#322,#323,#324);
#322 = CARTESIAN_POINT('',(14.,143.1,0.));
#323 = DIRECTION('',(1.,0.,0.));
#324 = DIRECTION('',(0.,1.,0.));
#325 = ADVANCED_FACE('',(#326),#376,.F.);
#326 = FACE_BOUND('',#327,.F.);
#327 = EDGE_LOOP('',(#328,#329,#330,#338,#346,#354,#362,#370));
#328 = ORIENTED_EDGE('',*,*,#213,.T.);
#329 = ORIENTED_EDGE('',*,*,#94,.F.);
#330 = ORIENTED_EDGE('',*,*,#331,.F.);
#331 = EDGE_CURVE('',#332,#78,#334,.T.);
#332 = VERTEX_POINT('',#333);
#333 = CARTESIAN_POINT('',(14.,151.,0.));
#334 = LINE('',#335,#336);
#335 = CARTESIAN_POINT('',(14.,151.,0.));
#336 = VECTOR('',#337,1.);
#337 = DIRECTION('',(0.,-1.,0.));
#338 = ORIENTED_EDGE('',*,*,#339,.F.);
#339 = EDGE_CURVE('',#340,#332,#342,.T.);
#340 = VERTEX_POINT('',#341);
#341 = CARTESIAN_POINT('',(111.,151.,0.));
#342 = LINE('',#343,#344);
#343 = CARTESIAN_POINT('',(111.,151.,0.));
#344 = VECTOR('',#345,1.);
#345 = DIRECTION('',(-1.,0.,0.));
#346 = ORIENTED_EDGE('',*,*,#347,.F.);
#347 = EDGE_CURVE('',#348,#340,#350,.T.);
#348 = VERTEX_POINT('',#349);
#349 = CARTESIAN_POINT('',(111.,150.1,0.));
#350 = LINE('',#351,#352);
#351 = CARTESIAN_POINT('',(111.,9.,0.));
#352 = VECTOR('',#353,1.);
#353 = DIRECTION('',(0.,1.,0.));
#354 = ORIENTED_EDGE('',*,*,#355,.F.);
#355 = EDGE_CURVE('',#356,#348,#358,.T.);
#356 = VERTEX_POINT('',#357);
#357 = CARTESIAN_POINT('',(125.,150.1,0.));
#358 = LINE('',#359,#360);
#359 = CARTESIAN_POINT('',(125.,150.1,0.));
#360 = VECTOR('',#361,1.);
#361 = DIRECTION('',(-1.,0.,0.));
#362 = ORIENTED_EDGE('',*,*,#363,.T.);
#363 = EDGE_CURVE('',#356,#364,#366,.T.);
#364 = VERTEX_POINT('',#365);
#365 = CARTESIAN_POINT('',(125.,160.,0.));
#366 = LINE('',#367,#368);
#367 = CARTESIAN_POINT('',(125.,0.,0.));
#368 = VECTOR('',#369,1.);
#369 = DIRECTION('',(0.,1.,0.));
#370 = ORIENTED_EDGE('',*,*,#371,.T.);
#371 = EDGE_CURVE('',#364,#133,#372,.T.);
#372 = LINE('',#373,#374);
#373 = CARTESIAN_POINT('',(125.,160.,0.));
#374 = VECTOR('',#375,1.);
#375 = DIRECTION('',(-1.,0.,0.));
#376 = PLANE('',#377);
#377 = AXIS2_PLACEMENT_3D('',#378,#379,#380);
#378 = CARTESIAN_POINT('',(62.5,80.,0.));
#379 = DIRECTION('',(0.,0.,1.));
#380 = DIRECTION('',(1.,0.,0.));
#381 = ADVANCED_FACE('',(#382),#400,.F.);
#382 = FACE_BOUND('',#383,.F.);
#383 = EDGE_LOOP('',(#384,#392,#398,#399));
#384 = ORIENTED_EDGE('',*,*,#385,.T.);
#385 = EDGE_CURVE('',#364,#386,#388,.T.);
#386 = VERTEX_POINT('',#387);
#387 = CARTESIAN_POINT('',(125.,160.,10.));
#388 = LINE('',#389,#390);
#389 = CARTESIAN_POINT('',(125.,160.,0.));
#390 = VECTOR('',#391,1.);
#391 = DIRECTION('',(0.,0.,1.));
#392 = ORIENTED_EDGE('',*,*,#393,.T.);
#393 = EDGE_CURVE('',#386,#135,#394,.T.);
#394 = LINE('',#395,#396);
#395 = CARTESIAN_POINT('',(125.,160.,10.));
#396 = VECTOR('',#397,1.);
#397 = DIRECTION('',(-1.,0.,0.));
#398 = ORIENTED_EDGE('',*,*,#132,.F.);
#399 = ORIENTED_EDGE('',*,*,#371,.F.);
#400 = PLANE('',#401);
#401 = AXIS2_PLACEMENT_3D('',#402,#403,#404);
#402 = CARTESIAN_POINT('',(125.,160.,0.));
#403 = DIRECTION('',(0.,-1.,0.));
#404 = DIRECTION('',(-1.,0.,0.));
#405 = ADVANCED_FACE('',(#406),#431,.F.);
#406 = FACE_BOUND('',#407,.F.);
#407 = EDGE_LOOP('',(#408,#409,#417,#425));
#408 = ORIENTED_EDGE('',*,*,#150,.T.);
#409 = ORIENTED_EDGE('',*,*,#410,.T.);
#410 = EDGE_CURVE('',#143,#411,#413,.T.);
#411 = VERTEX_POINT('',#412);
#412 = CARTESIAN_POINT('',(125.,0.,10.));
#413 = LINE('',#414,#415);
#414 = CARTESIAN_POINT('',(0.,0.,10.));
#415 = VECTOR('',#416,1.);
#416 = DIRECTION('',(1.,0.,0.));
#417 = ORIENTED_EDGE('',*,*,#418,.F.);
#418 = EDGE_CURVE('',#419,#411,#421,.T.);
#419 = VERTEX_POINT('',#420);
#420 = CARTESIAN_POINT('',(125.,0.,0.));
#421 = LINE('',#422,#423);
#422 = CARTESIAN_POINT('',(125.,0.,0.));
#423 = VECTOR('',#424,1.);
#424 = DIRECTION('',(0.,0.,1.));
#425 = ORIENTED_EDGE('',*,*,#426,.F.);
#426 = EDGE_CURVE('',#151,#419,#427,.T.);
#427 = LINE('',#428,#429);
#428 = CARTESIAN_POINT('',(0.,0.,0.));
#429 = VECTOR('',#430,1.);
#430 = DIRECTION('',(1.,0.,0.));
#431 = PLANE('',#432);
#432 = AXIS2_PLACEMENT_3D('',#433,#434,#435);
#433 = CARTESIAN_POINT('',(0.,0.,0.));
#434 = DIRECTION('',(0.,1.,0.));
#435 = DIRECTION('',(1.,0.,0.));
#436 = ADVANCED_FACE('',(#437),#455,.F.);
#437 = FACE_BOUND('',#438,.F.);
#438 = EDGE_LOOP('',(#439,#440,#448,#454));
#439 = ORIENTED_EDGE('',*,*,#206,.T.);
#440 = ORIENTED_EDGE('',*,*,#441,.T.);
#441 = EDGE_CURVE('',#199,#442,#444,.T.);
#442 = VERTEX_POINT('',#443);
#443 = CARTESIAN_POINT('',(14.,105.7,0.));
#444 = LINE('',#445,#446);
#445 = CARTESIAN_POINT('',(0.,105.7,0.));
#446 = VECTOR('',#447,1.);
#447 = DIRECTION('',(1.,0.,0.));
#448 = ORIENTED_EDGE('',*,*,#449,.F.);
#449 = EDGE_CURVE('',#272,#442,#450,.T.);
#450 = LINE('',#451,#452);
#451 = CARTESIAN_POINT('',(14.,151.,0.));
#452 = VECTOR('',#453,1.);
#453 = DIRECTION('',(0.,-1.,0.));
#454 = ORIENTED_EDGE('',*,*,#279,.F.);
#455 = PLANE('',#456);
#456 = AXIS2_PLACEMENT_3D('',#457,#458,#459);
#457 = CARTESIAN_POINT('',(62.5,80.,0.));
#458 = DIRECTION('',(0.,0.,1.));
#459 = DIRECTION('',(1.,0.,0.));
#460 = ADVANCED_FACE('',(#461),#502,.F.);
#461 = FACE_BOUND('',#462,.F.);
#462 = EDGE_LOOP('',(#463,#471,#479,#487,#495,#501));
#463 = ORIENTED_EDGE('',*,*,#464,.T.);
#464 = EDGE_CURVE('',#191,#465,#467,.T.);
#465 = VERTEX_POINT('',#466);
#466 = CARTESIAN_POINT('',(0.,98.7,-1.E-02));
#467 = LINE('',#468,#469);
#468 = CARTESIAN_POINT('',(0.,98.7,0.));
#469 = VECTOR('',#470,1.);
#470 = DIRECTION('',(0.,0.,-1.));
#471 = ORIENTED_EDGE('',*,*,#472,.T.);
#472 = EDGE_CURVE('',#465,#473,#475,.T.);
#473 = VERTEX_POINT('',#474);
#474 = CARTESIAN_POINT('',(0.,99.2,-3.));
#475 = LINE('',#476,#477);
#476 = CARTESIAN_POINT('',(0.,98.824186624737,-0.75263601593));
#477 = VECTOR('',#478,1.);
#478 = DIRECTION('',(0.,0.164933883836,-0.986304625338));
#479 = ORIENTED_EDGE('',*,*,#480,.T.);
#480 = EDGE_CURVE('',#473,#481,#483,.T.);
#481 = VERTEX_POINT('',#482);
#482 = CARTESIAN_POINT('',(-9.860761315263E-32,105.2,-3.));
#483 = LINE('',#484,#485);
#484 = CARTESIAN_POINT('',(0.,98.7,-3.));
#485 = VECTOR('',#486,1.);
#486 = DIRECTION('',(0.,1.,0.));
#487 = ORIENTED_EDGE('',*,*,#488,.F.);
#488 = EDGE_CURVE('',#489,#481,#491,.T.);
#489 = VERTEX_POINT('',#490);
#490 = CARTESIAN_POINT('',(-9.860761315263E-32,105.7,-1.E-02));
#491 = LINE('',#492,#493);
#492 = CARTESIAN_POINT('',(0.,105.48060222413,-1.321998699688));
#493 = VECTOR('',#494,1.);
#494 = DIRECTION('',(0.,-0.164933883836,-0.986304625338));
#495 = ORIENTED_EDGE('',*,*,#496,.F.);
#496 = EDGE_CURVE('',#199,#489,#497,.T.);
#497 = LINE('',#498,#499);
#498 = CARTESIAN_POINT('',(0.,105.7,0.));
#499 = VECTOR('',#500,1.);
#500 = DIRECTION('',(0.,0.,-1.));
#501 = ORIENTED_EDGE('',*,*,#198,.T.);
#502 = PLANE('',#503);
#503 = AXIS2_PLACEMENT_3D('',#504,#505,#506);
#504 = CARTESIAN_POINT('',(0.,98.7,0.));
#505 = DIRECTION('',(1.,0.,0.));
#506 = DIRECTION('',(0.,1.,0.));
#507 = ADVANCED_FACE('',(#508),#533,.F.);
#508 = FACE_BOUND('',#509,.F.);
#509 = EDGE_LOOP('',(#510,#511,#519,#527));
#510 = ORIENTED_EDGE('',*,*,#190,.T.);
#511 = ORIENTED_EDGE('',*,*,#512,.F.);
#512 = EDGE_CURVE('',#513,#183,#515,.T.);
#513 = VERTEX_POINT('',#514);
#514 = CARTESIAN_POINT('',(14.,61.3,0.));
#515 = LINE('',#516,#517);
#516 = CARTESIAN_POINT('',(14.,61.3,0.));
#517 = VECTOR('',#518,1.);
#518 = DIRECTION('',(-1.,0.,0.));
#519 = ORIENTED_EDGE('',*,*,#520,.F.);
#520 = EDGE_CURVE('',#521,#513,#523,.T.);
#521 = VERTEX_POINT('',#522);
#522 = CARTESIAN_POINT('',(14.,98.7,0.));
#523 = LINE('',#524,#525);
#524 = CARTESIAN_POINT('',(14.,151.,0.));
#525 = VECTOR('',#526,1.);
#526 = DIRECTION('',(0.,-1.,0.));
#527 = ORIENTED_EDGE('',*,*,#528,.T.);
#528 = EDGE_CURVE('',#521,#191,#529,.T.);
#529 = LINE('',#530,#531);
#530 = CARTESIAN_POINT('',(14.,98.7,0.));
#531 = VECTOR('',#532,1.);
#532 = DIRECTION('',(-1.,0.,0.));
#533 = PLANE('',#534);
#534 = AXIS2_PLACEMENT_3D('',#535,#536,#537);
#535 = CARTESIAN_POINT('',(62.5,80.,0.));
#536 = DIRECTION('',(0.,0.,1.));
#537 = DIRECTION('',(1.,0.,0.));
#538 = ADVANCED_FACE('',(#539),#580,.T.);
#539 = FACE_BOUND('',#540,.T.);
#540 = EDGE_LOOP('',(#541,#549,#557,#565,#573,#579));
#541 = ORIENTED_EDGE('',*,*,#542,.T.);
#542 = EDGE_CURVE('',#183,#543,#545,.T.);
#543 = VERTEX_POINT('',#544);
#544 = CARTESIAN_POINT('',(0.,61.3,-1.E-02));
#545 = LINE('',#546,#547);
#546 = CARTESIAN_POINT('',(0.,61.3,0.));
#547 = VECTOR('',#548,1.);
#548 = DIRECTION('',(0.,0.,-1.));
#549 = ORIENTED_EDGE('',*,*,#550,.T.);
#550 = EDGE_CURVE('',#543,#551,#553,.T.);
#551 = VERTEX_POINT('',#552);
#552 = CARTESIAN_POINT('',(0.,60.8,-3.));
#553 = LINE('',#554,#555);
#554 = CARTESIAN_POINT('',(0.,61.175813375263,-0.75263601593));
#555 = VECTOR('',#556,1.);
#556 = DIRECTION('',(0.,-0.164933883836,-0.986304625338));
#557 = ORIENTED_EDGE('',*,*,#558,.T.);
#558 = EDGE_CURVE('',#551,#559,#561,.T.);
#559 = VERTEX_POINT('',#560);
#560 = CARTESIAN_POINT('',(4.930380657631E-32,54.8,-3.));
#561 = LINE('',#562,#563);
#562 = CARTESIAN_POINT('',(0.,61.3,-3.));
#563 = VECTOR('',#564,1.);
#564 = DIRECTION('',(0.,-1.,0.));
#565 = ORIENTED_EDGE('',*,*,#566,.F.);
#566 = EDGE_CURVE('',#567,#559,#569,.T.);
#567 = VERTEX_POINT('',#568);
#568 = CARTESIAN_POINT('',(0.,54.3,-1.E-02));
#569 = LINE('',#570,#571);
#570 = CARTESIAN_POINT('',(0.,54.519397775868,-1.321998699688));
#571 = VECTOR('',#572,1.);
#572 = DIRECTION('',(0.,0.164933883836,-0.986304625338));
#573 = ORIENTED_EDGE('',*,*,#574,.F.);
#574 = EDGE_CURVE('',#175,#567,#575,.T.);
#575 = LINE('',#576,#577);
#576 = CARTESIAN_POINT('',(0.,54.3,0.));
#577 = VECTOR('',#578,1.);
#578 = DIRECTION('',(0.,0.,-1.));
#579 = ORIENTED_EDGE('',*,*,#182,.F.);
#580 = PLANE('',#581);
#581 = AXIS2_PLACEMENT_3D('',#582,#583,#584);
#582 = CARTESIAN_POINT('',(0.,61.3,0.));
#583 = DIRECTION('',(-1.,-0.,-0.));
#584 = DIRECTION('',(0.,-1.,0.));
#585 = ADVANCED_FACE('',(#586),#611,.F.);
#586 = FACE_BOUND('',#587,.F.);
#587 = EDGE_LOOP('',(#588,#589,#597,#605));
#588 = ORIENTED_EDGE('',*,*,#174,.T.);
#589 = ORIENTED_EDGE('',*,*,#590,.F.);
#590 = EDGE_CURVE('',#591,#167,#593,.T.);
#591 = VERTEX_POINT('',#592);
#592 = CARTESIAN_POINT('',(14.,16.9,0.));
#593 = LINE('',#594,#595);
#594 = CARTESIAN_POINT('',(14.,16.9,0.));
#595 = VECTOR('',#596,1.);
#596 = DIRECTION('',(-1.,0.,0.));
#597 = ORIENTED_EDGE('',*,*,#598,.F.);
#598 = EDGE_CURVE('',#599,#591,#601,.T.);
#599 = VERTEX_POINT('',#600);
#600 = CARTESIAN_POINT('',(14.,54.3,0.));
#601 = LINE('',#602,#603);
#602 = CARTESIAN_POINT('',(14.,151.,0.));
#603 = VECTOR('',#604,1.);
#604 = DIRECTION('',(0.,-1.,0.));
#605 = ORIENTED_EDGE('',*,*,#606,.F.);
#606 = EDGE_CURVE('',#175,#599,#607,.T.);
#607 = LINE('',#608,#609);
#608 = CARTESIAN_POINT('',(0.,54.3,0.));
#609 = VECTOR('',#610,1.);
#610 = DIRECTION('',(1.,0.,0.));
#611 = PLANE('',#612);
#612 = AXIS2_PLACEMENT_3D('',#613,#614,#615);
#613 = CARTESIAN_POINT('',(62.5,80.,0.));
#614 = DIRECTION('',(0.,0.,1.));
#615 = DIRECTION('',(1.,0.,0.));
#616 = ADVANCED_FACE('',(#617),#658,.T.);
#617 = FACE_BOUND('',#618,.T.);
#618 = EDGE_LOOP('',(#619,#627,#635,#643,#651,#657));
#619 = ORIENTED_EDGE('',*,*,#620,.T.);
#620 = EDGE_CURVE('',#167,#621,#623,.T.);
#621 = VERTEX_POINT('',#622);
#622 = CARTESIAN_POINT('',(0.,16.9,-9.999999999999E-03));
#623 = LINE('',#624,#625);
#624 = CARTESIAN_POINT('',(0.,16.9,0.));
#625 = VECTOR('',#626,1.);
#626 = DIRECTION('',(0.,0.,-1.));
#627 = ORIENTED_EDGE('',*,*,#628,.T.);
#628 = EDGE_CURVE('',#621,#629,#631,.T.);
#629 = VERTEX_POINT('',#630);
#630 = CARTESIAN_POINT('',(0.,16.4,-3.));
#631 = LINE('',#632,#633);
#632 = CARTESIAN_POINT('',(0.,16.775813375263,-0.75263601593));
#633 = VECTOR('',#634,1.);
#634 = DIRECTION('',(0.,-0.164933883836,-0.986304625338));
#635 = ORIENTED_EDGE('',*,*,#636,.T.);
#636 = EDGE_CURVE('',#629,#637,#639,.T.);
#637 = VERTEX_POINT('',#638);
#638 = CARTESIAN_POINT('',(-1.232595164408E-32,10.4,-3.));
#639 = LINE('',#640,#641);
#640 = CARTESIAN_POINT('',(0.,16.9,-3.));
#641 = VECTOR('',#642,1.);
#642 = DIRECTION('',(0.,-1.,0.));
#643 = ORIENTED_EDGE('',*,*,#644,.F.);
#644 = EDGE_CURVE('',#645,#637,#647,.T.);
#645 = VERTEX_POINT('',#646);
#646 = CARTESIAN_POINT('',(0.,9.9,-1.E-02));
#647 = LINE('',#648,#649);
#648 = CARTESIAN_POINT('',(0.,10.119397775868,-1.321998699688));
#649 = VECTOR('',#650,1.);
#650 = DIRECTION('',(0.,0.164933883836,-0.986304625338));
#651 = ORIENTED_EDGE('',*,*,#652,.F.);
#652 = EDGE_CURVE('',#159,#645,#653,.T.);
#653 = LINE('',#654,#655);
#654 = CARTESIAN_POINT('',(0.,9.9,0.));
#655 = VECTOR('',#656,1.);
#656 = DIRECTION('',(0.,0.,-1.));
#657 = ORIENTED_EDGE('',*,*,#166,.F.);
#658 = PLANE('',#659);
#659 = AXIS2_PLACEMENT_3D('',#660,#661,#662);
#660 = CARTESIAN_POINT('',(0.,16.9,0.));
#661 = DIRECTION('',(-1.,-0.,-0.));
#662 = DIRECTION('',(0.,-1.,0.));
#663 = ADVANCED_FACE('',(#664),#714,.F.);
#664 = FACE_BOUND('',#665,.F.);
#665 = EDGE_LOOP('',(#666,#667,#668,#676,#684,#692,#700,#708));
#666 = ORIENTED_EDGE('',*,*,#158,.T.);
#667 = ORIENTED_EDGE('',*,*,#426,.T.);
#668 = ORIENTED_EDGE('',*,*,#669,.T.);
#669 = EDGE_CURVE('',#419,#670,#672,.T.);
#670 = VERTEX_POINT('',#671);
#671 = CARTESIAN_POINT('',(125.,9.9,0.));
#672 = LINE('',#673,#674);
#673 = CARTESIAN_POINT('',(125.,0.,0.));
#674 = VECTOR('',#675,1.);
#675 = DIRECTION('',(0.,1.,0.));
#676 = ORIENTED_EDGE('',*,*,#677,.F.);
#677 = EDGE_CURVE('',#678,#670,#680,.T.);
#678 = VERTEX_POINT('',#679);
#679 = CARTESIAN_POINT('',(111.,9.9,0.));
#680 = LINE('',#681,#682);
#681 = CARTESIAN_POINT('',(111.,9.9,0.));
#682 = VECTOR('',#683,1.);
#683 = DIRECTION('',(1.,0.,0.));
#684 = ORIENTED_EDGE('',*,*,#685,.F.);
#685 = EDGE_CURVE('',#686,#678,#688,.T.);
#686 = VERTEX_POINT('',#687);
#687 = CARTESIAN_POINT('',(111.,9.,0.));
#688 = LINE('',#689,#690);
#689 = CARTESIAN_POINT('',(111.,9.,0.));
#690 = VECTOR('',#691,1.);
#691 = DIRECTION('',(0.,1.,0.));
#692 = ORIENTED_EDGE('',*,*,#693,.F.);
#693 = EDGE_CURVE('',#694,#686,#696,.T.);
#694 = VERTEX_POINT('',#695);
#695 = CARTESIAN_POINT('',(14.,9.,0.));
#696 = LINE('',#697,#698);
#697 = CARTESIAN_POINT('',(14.,9.,0.));
#698 = VECTOR('',#699,1.);
#699 = DIRECTION('',(1.,0.,0.));
#700 = ORIENTED_EDGE('',*,*,#701,.F.);
#701 = EDGE_CURVE('',#702,#694,#704,.T.);
#702 = VERTEX_POINT('',#703);
#703 = CARTESIAN_POINT('',(14.,9.9,0.));
#704 = LINE('',#705,#706);
#705 = CARTESIAN_POINT('',(14.,151.,0.));
#706 = VECTOR('',#707,1.);
#707 = DIRECTION('',(0.,-1.,0.));
#708 = ORIENTED_EDGE('',*,*,#709,.F.);
#709 = EDGE_CURVE('',#159,#702,#710,.T.);
#710 = LINE('',#711,#712);
#711 = CARTESIAN_POINT('',(0.,9.9,0.));
#712 = VECTOR('',#713,1.);
#713 = DIRECTION('',(1.,0.,0.));
#714 = PLANE('',#715);
#715 = AXIS2_PLACEMENT_3D('',#716,#717,#718);
#716 = CARTESIAN_POINT('',(62.5,80.,0.));
#717 = DIRECTION('',(0.,0.,1.));
#718 = DIRECTION('',(1.,0.,0.));
#719 = ADVANCED_FACE('',(#720,#731,#742,#753,#764,#775,#786,#820,#831,
    #842),#853,.T.);
#720 = FACE_BOUND('',#721,.T.);
#721 = EDGE_LOOP('',(#722,#723,#729,#730));
#722 = ORIENTED_EDGE('',*,*,#410,.T.);
#723 = ORIENTED_EDGE('',*,*,#724,.T.);
#724 = EDGE_CURVE('',#411,#386,#725,.T.);
#725 = LINE('',#726,#727);
#726 = CARTESIAN_POINT('',(125.,0.,10.));
#727 = VECTOR('',#728,1.);
#728 = DIRECTION('',(0.,1.,0.));
#729 = ORIENTED_EDGE('',*,*,#393,.T.);
#730 = ORIENTED_EDGE('',*,*,#142,.T.);
#731 = FACE_BOUND('',#732,.T.);
#732 = EDGE_LOOP('',(#733));
#733 = ORIENTED_EDGE('',*,*,#734,.F.);
#734 = EDGE_CURVE('',#735,#735,#737,.T.);
#735 = VERTEX_POINT('',#736);
#736 = CARTESIAN_POINT('',(13.25,13.4,10.));
#737 = CIRCLE('',#738,5.25);
#738 = AXIS2_PLACEMENT_3D('',#739,#740,#741);
#739 = CARTESIAN_POINT('',(8.,13.4,10.));
#740 = DIRECTION('',(0.,0.,1.));
#741 = DIRECTION('',(1.,0.,0.));
#742 = FACE_BOUND('',#743,.T.);
#743 = EDGE_LOOP('',(#744));
#744 = ORIENTED_EDGE('',*,*,#745,.F.);
#745 = EDGE_CURVE('',#746,#746,#748,.T.);
#746 = VERTEX_POINT('',#747);
#747 = CARTESIAN_POINT('',(13.25,57.8,10.));
#748 = CIRCLE('',#749,5.25);
#749 = AXIS2_PLACEMENT_3D('',#750,#751,#752);
#750 = CARTESIAN_POINT('',(8.,57.8,10.));
#751 = DIRECTION('',(0.,0.,1.));
#752 = DIRECTION('',(1.,0.,0.));
#753 = FACE_BOUND('',#754,.T.);
#754 = EDGE_LOOP('',(#755));
#755 = ORIENTED_EDGE('',*,*,#756,.F.);
#756 = EDGE_CURVE('',#757,#757,#759,.T.);
#757 = VERTEX_POINT('',#758);
#758 = CARTESIAN_POINT('',(122.25,13.4,10.));
#759 = CIRCLE('',#760,5.25);
#760 = AXIS2_PLACEMENT_3D('',#761,#762,#763);
#761 = CARTESIAN_POINT('',(117.,13.4,10.));
#762 = DIRECTION('',(0.,0.,1.));
#763 = DIRECTION('',(1.,0.,0.));
#764 = FACE_BOUND('',#765,.T.);
#765 = EDGE_LOOP('',(#766));
#766 = ORIENTED_EDGE('',*,*,#767,.F.);
#767 = EDGE_CURVE('',#768,#768,#770,.T.);
#768 = VERTEX_POINT('',#769);
#769 = CARTESIAN_POINT('',(122.25,57.8,10.));
#770 = CIRCLE('',#771,5.25);
#771 = AXIS2_PLACEMENT_3D('',#772,#773,#774);
#772 = CARTESIAN_POINT('',(117.,57.8,10.));
#773 = DIRECTION('',(0.,0.,1.));
#774 = DIRECTION('',(1.,0.,0.));
#775 = FACE_BOUND('',#776,.T.);
#776 = EDGE_LOOP('',(#777));
#777 = ORIENTED_EDGE('',*,*,#778,.F.);
#778 = EDGE_CURVE('',#779,#779,#781,.T.);
#779 = VERTEX_POINT('',#780);
#780 = CARTESIAN_POINT('',(13.25,102.2,10.));
#781 = CIRCLE('',#782,5.25);
#782 = AXIS2_PLACEMENT_3D('',#783,#784,#785);
#783 = CARTESIAN_POINT('',(8.,102.2,10.));
#784 = DIRECTION('',(0.,0.,1.));
#785 = DIRECTION('',(1.,0.,0.));
#786 = FACE_BOUND('',#787,.T.);
#787 = EDGE_LOOP('',(#788,#798,#806,#814));
#788 = ORIENTED_EDGE('',*,*,#789,.T.);
#789 = EDGE_CURVE('',#790,#792,#794,.T.);
#790 = VERTEX_POINT('',#791);
#791 = CARTESIAN_POINT('',(20.,145.,10.));
#792 = VERTEX_POINT('',#793);
#793 = CARTESIAN_POINT('',(105.,145.,10.));
#794 = LINE('',#795,#796);
#795 = CARTESIAN_POINT('',(20.,145.,10.));
#796 = VECTOR('',#797,1.);
#797 = DIRECTION('',(1.,0.,0.));
#798 = ORIENTED_EDGE('',*,*,#799,.T.);
#799 = EDGE_CURVE('',#792,#800,#802,.T.);
#800 = VERTEX_POINT('',#801);
#801 = CARTESIAN_POINT('',(105.,15.,10.));
#802 = LINE('',#803,#804);
#803 = CARTESIAN_POINT('',(105.,145.,10.));
#804 = VECTOR('',#805,1.);
#805 = DIRECTION('',(0.,-1.,0.));
#806 = ORIENTED_EDGE('',*,*,#807,.T.);
#807 = EDGE_CURVE('',#800,#808,#810,.T.);
#808 = VERTEX_POINT('',#809);
#809 = CARTESIAN_POINT('',(20.,15.,10.));
#810 = LINE('',#811,#812);
#811 = CARTESIAN_POINT('',(105.,15.,10.));
#812 = VECTOR('',#813,1.);
#813 = DIRECTION('',(-1.,0.,0.));
#814 = ORIENTED_EDGE('',*,*,#815,.T.);
#815 = EDGE_CURVE('',#808,#790,#816,.T.);
#816 = LINE('',#817,#818);
#817 = CARTESIAN_POINT('',(20.,15.,10.));
#818 = VECTOR('',#819,1.);
#819 = DIRECTION('',(0.,1.,0.));
#820 = FACE_BOUND('',#821,.T.);
#821 = EDGE_LOOP('',(#822));
#822 = ORIENTED_EDGE('',*,*,#823,.F.);
#823 = EDGE_CURVE('',#824,#824,#826,.T.);
#824 = VERTEX_POINT('',#825);
#825 = CARTESIAN_POINT('',(13.25,146.6,10.));
#826 = CIRCLE('',#827,5.25);
#827 = AXIS2_PLACEMENT_3D('',#828,#829,#830);
#828 = CARTESIAN_POINT('',(8.,146.6,10.));
#829 = DIRECTION('',(0.,0.,1.));
#830 = DIRECTION('',(1.,0.,0.));
#831 = FACE_BOUND('',#832,.T.);
#832 = EDGE_LOOP('',(#833));
#833 = ORIENTED_EDGE('',*,*,#834,.F.);
#834 = EDGE_CURVE('',#835,#835,#837,.T.);
#835 = VERTEX_POINT('',#836);
#836 = CARTESIAN_POINT('',(122.25,102.2,10.));
#837 = CIRCLE('',#838,5.25);
#838 = AXIS2_PLACEMENT_3D('',#839,#840,#841);
#839 = CARTESIAN_POINT('',(117.,102.2,10.));
#840 = DIRECTION('',(0.,0.,1.));
#841 = DIRECTION('',(1.,0.,0.));
#842 = FACE_BOUND('',#843,.T.);
#843 = EDGE_LOOP('',(#844));
#844 = ORIENTED_EDGE('',*,*,#845,.F.);
#845 = EDGE_CURVE('',#846,#846,#848,.T.);
#846 = VERTEX_POINT('',#847);
#847 = CARTESIAN_POINT('',(122.25,146.6,10.));
#848 = CIRCLE('',#849,5.25);
#849 = AXIS2_PLACEMENT_3D('',#850,#851,#852);
#850 = CARTESIAN_POINT('',(117.,146.6,10.));
#851 = DIRECTION('',(0.,0.,1.));
#852 = DIRECTION('',(1.,0.,0.));
#853 = PLANE('',#854);
#854 = AXIS2_PLACEMENT_3D('',#855,#856,#857);
#855 = CARTESIAN_POINT('',(62.5,80.,10.));
#856 = DIRECTION('',(0.,0.,1.));
#857 = DIRECTION('',(1.,0.,0.));
#858 = ADVANCED_FACE('',(#859),#878,.F.);
#859 = FACE_BOUND('',#860,.F.);
#860 = EDGE_LOOP('',(#861,#870,#876,#877));
#861 = ORIENTED_EDGE('',*,*,#862,.F.);
#862 = EDGE_CURVE('',#863,#863,#865,.T.);
#863 = VERTEX_POINT('',#864);
#864 = CARTESIAN_POINT('',(10.75,146.6,9.));
#865 = CIRCLE('',#866,2.75);
#866 = AXIS2_PLACEMENT_3D('',#867,#868,#869);
#867 = CARTESIAN_POINT('',(8.,146.6,9.));
#868 = DIRECTION('',(0.,0.,1.));
#869 = DIRECTION('',(1.,0.,0.));
#870 = ORIENTED_EDGE('',*,*,#871,.T.);
#871 = EDGE_CURVE('',#863,#246,#872,.T.);
#872 = LINE('',#873,#874);
#873 = CARTESIAN_POINT('',(10.75,146.6,10.));
#874 = VECTOR('',#875,1.);
#875 = DIRECTION('',(-0.,-0.,-1.));
#876 = ORIENTED_EDGE('',*,*,#245,.T.);
#877 = ORIENTED_EDGE('',*,*,#871,.F.);
#878 = CYLINDRICAL_SURFACE('',#879,2.75);
#879 = AXIS2_PLACEMENT_3D('',#880,#881,#882);
#880 = CARTESIAN_POINT('',(8.,146.6,10.));
#881 = DIRECTION('',(0.,0.,1.));
#882 = DIRECTION('',(1.,0.,0.));
#883 = ADVANCED_FACE('',(#884),#932,.T.);
#884 = FACE_BOUND('',#885,.T.);
#885 = EDGE_LOOP('',(#886,#894,#902,#908,#909,#915,#916,#922,#923,#929,
    #930,#931));
#886 = ORIENTED_EDGE('',*,*,#887,.T.);
#887 = EDGE_CURVE('',#332,#888,#890,.T.);
#888 = VERTEX_POINT('',#889);
#889 = CARTESIAN_POINT('',(14.,151.,3.2));
#890 = LINE('',#891,#892);
#891 = CARTESIAN_POINT('',(14.,151.,0.));
#892 = VECTOR('',#893,1.);
#893 = DIRECTION('',(0.,0.,1.));
#894 = ORIENTED_EDGE('',*,*,#895,.T.);
#895 = EDGE_CURVE('',#888,#896,#898,.T.);
#896 = VERTEX_POINT('',#897);
#897 = CARTESIAN_POINT('',(14.,9.,3.2));
#898 = LINE('',#899,#900);
#899 = CARTESIAN_POINT('',(14.,151.,3.2));
#900 = VECTOR('',#901,1.);
#901 = DIRECTION('',(0.,-1.,0.));
#902 = ORIENTED_EDGE('',*,*,#903,.F.);
#903 = EDGE_CURVE('',#694,#896,#904,.T.);
#904 = LINE('',#905,#906);
#905 = CARTESIAN_POINT('',(14.,9.,0.));
#906 = VECTOR('',#907,1.);
#907 = DIRECTION('',(0.,0.,1.));
#908 = ORIENTED_EDGE('',*,*,#701,.F.);
#909 = ORIENTED_EDGE('',*,*,#910,.F.);
#910 = EDGE_CURVE('',#591,#702,#911,.T.);
#911 = LINE('',#912,#913);
#912 = CARTESIAN_POINT('',(14.,151.,0.));
#913 = VECTOR('',#914,1.);
#914 = DIRECTION('',(0.,-1.,0.));
#915 = ORIENTED_EDGE('',*,*,#598,.F.);
#916 = ORIENTED_EDGE('',*,*,#917,.F.);
#917 = EDGE_CURVE('',#513,#599,#918,.T.);
#918 = LINE('',#919,#920);
#919 = CARTESIAN_POINT('',(14.,151.,0.));
#920 = VECTOR('',#921,1.);
#921 = DIRECTION('',(0.,-1.,0.));
#922 = ORIENTED_EDGE('',*,*,#520,.F.);
#923 = ORIENTED_EDGE('',*,*,#924,.F.);
#924 = EDGE_CURVE('',#442,#521,#925,.T.);
#925 = LINE('',#926,#927);
#926 = CARTESIAN_POINT('',(14.,151.,0.));
#927 = VECTOR('',#928,1.);
#928 = DIRECTION('',(0.,-1.,0.));
#929 = ORIENTED_EDGE('',*,*,#449,.F.);
#930 = ORIENTED_EDGE('',*,*,#315,.F.);
#931 = ORIENTED_EDGE('',*,*,#331,.F.);
#932 = PLANE('',#933);
#933 = AXIS2_PLACEMENT_3D('',#934,#935,#936);
#934 = CARTESIAN_POINT('',(14.,151.,0.));
#935 = DIRECTION('',(1.,0.,0.));
#936 = DIRECTION('',(0.,-1.,0.));
#937 = ADVANCED_FACE('',(#938),#999,.F.);
#938 = FACE_BOUND('',#939,.F.);
#939 = EDGE_LOOP('',(#940,#941,#942,#943,#944,#952,#960,#968,#976,#984,
    #992,#998));
#940 = ORIENTED_EDGE('',*,*,#418,.T.);
#941 = ORIENTED_EDGE('',*,*,#724,.T.);
#942 = ORIENTED_EDGE('',*,*,#385,.F.);
#943 = ORIENTED_EDGE('',*,*,#363,.F.);
#944 = ORIENTED_EDGE('',*,*,#945,.F.);
#945 = EDGE_CURVE('',#946,#356,#948,.T.);
#946 = VERTEX_POINT('',#947);
#947 = CARTESIAN_POINT('',(125.,143.1,0.));
#948 = LINE('',#949,#950);
#949 = CARTESIAN_POINT('',(125.,0.,0.));
#950 = VECTOR('',#951,1.);
#951 = DIRECTION('',(0.,1.,0.));
#952 = ORIENTED_EDGE('',*,*,#953,.F.);
#953 = EDGE_CURVE('',#954,#946,#956,.T.);
#954 = VERTEX_POINT('',#955);
#955 = CARTESIAN_POINT('',(125.,105.7,0.));
#956 = LINE('',#957,#958);
#957 = CARTESIAN_POINT('',(125.,0.,0.));
#958 = VECTOR('',#959,1.);
#959 = DIRECTION('',(0.,1.,0.));
#960 = ORIENTED_EDGE('',*,*,#961,.F.);
#961 = EDGE_CURVE('',#962,#954,#964,.T.);
#962 = VERTEX_POINT('',#963);
#963 = CARTESIAN_POINT('',(125.,98.7,0.));
#964 = LINE('',#965,#966);
#965 = CARTESIAN_POINT('',(125.,0.,0.));
#966 = VECTOR('',#967,1.);
#967 = DIRECTION('',(0.,1.,0.));
#968 = ORIENTED_EDGE('',*,*,#969,.F.);
#969 = EDGE_CURVE('',#970,#962,#972,.T.);
#970 = VERTEX_POINT('',#971);
#971 = CARTESIAN_POINT('',(125.,61.3,0.));
#972 = LINE('',#973,#974);
#973 = CARTESIAN_POINT('',(125.,0.,0.));
#974 = VECTOR('',#975,1.);
#975 = DIRECTION('',(0.,1.,0.));
#976 = ORIENTED_EDGE('',*,*,#977,.F.);
#977 = EDGE_CURVE('',#978,#970,#980,.T.);
#978 = VERTEX_POINT('',#979);
#979 = CARTESIAN_POINT('',(125.,54.3,0.));
#980 = LINE('',#981,#982);
#981 = CARTESIAN_POINT('',(125.,0.,0.));
#982 = VECTOR('',#983,1.);
#983 = DIRECTION('',(0.,1.,0.));
#984 = ORIENTED_EDGE('',*,*,#985,.F.);
#985 = EDGE_CURVE('',#986,#978,#988,.T.);
#986 = VERTEX_POINT('',#987);
#987 = CARTESIAN_POINT('',(125.,16.9,0.));
#988 = LINE('',#989,#990);
#989 = CARTESIAN_POINT('',(125.,0.,0.));
#990 = VECTOR('',#991,1.);
#991 = DIRECTION('',(0.,1.,0.));
#992 = ORIENTED_EDGE('',*,*,#993,.F.);
#993 = EDGE_CURVE('',#670,#986,#994,.T.);
#994 = LINE('',#995,#996);
#995 = CARTESIAN_POINT('',(125.,0.,0.));
#996 = VECTOR('',#997,1.);
#997 = DIRECTION('',(0.,1.,0.));
#998 = ORIENTED_EDGE('',*,*,#669,.F.);
#999 = PLANE('',#1000);
#1000 = AXIS2_PLACEMENT_3D('',#1001,#1002,#1003);
#1001 = CARTESIAN_POINT('',(125.,0.,0.));
#1002 = DIRECTION('',(-1.,0.,0.));
#1003 = DIRECTION('',(0.,1.,0.));
#1004 = ADVANCED_FACE('',(#1005),#1030,.T.);
#1005 = FACE_BOUND('',#1006,.T.);
#1006 = EDGE_LOOP('',(#1007,#1015,#1023,#1029));
#1007 = ORIENTED_EDGE('',*,*,#1008,.T.);
#1008 = EDGE_CURVE('',#356,#1009,#1011,.T.);
#1009 = VERTEX_POINT('',#1010);
#1010 = CARTESIAN_POINT('',(125.,150.1,-9.999999999996E-03));
#1011 = LINE('',#1012,#1013);
#1012 = CARTESIAN_POINT('',(125.,150.1,0.));
#1013 = VECTOR('',#1014,1.);
#1014 = DIRECTION('',(0.,0.,-1.));
#1015 = ORIENTED_EDGE('',*,*,#1016,.T.);
#1016 = EDGE_CURVE('',#1009,#1017,#1019,.T.);
#1017 = VERTEX_POINT('',#1018);
#1018 = CARTESIAN_POINT('',(111.,150.1,-9.999999999996E-03));
#1019 = LINE('',#1020,#1021);
#1020 = CARTESIAN_POINT('',(125.,150.1,-1.E-02));
#1021 = VECTOR('',#1022,1.);
#1022 = DIRECTION('',(-1.,0.,0.));
#1023 = ORIENTED_EDGE('',*,*,#1024,.F.);
#1024 = EDGE_CURVE('',#348,#1017,#1025,.T.);
#1025 = LINE('',#1026,#1027);
#1026 = CARTESIAN_POINT('',(111.,150.1,0.));
#1027 = VECTOR('',#1028,1.);
#1028 = DIRECTION('',(0.,0.,-1.));
#1029 = ORIENTED_EDGE('',*,*,#355,.F.);
#1030 = PLANE('',#1031);
#1031 = AXIS2_PLACEMENT_3D('',#1032,#1033,#1034);
#1032 = CARTESIAN_POINT('',(125.,150.1,0.));
#1033 = DIRECTION('',(0.,1.,0.));
#1034 = DIRECTION('',(-1.,0.,0.));
#1035 = ADVANCED_FACE('',(#1036),#1116,.T.);
#1036 = FACE_BOUND('',#1037,.T.);
#1037 = EDGE_LOOP('',(#1038,#1046,#1054,#1060,#1061,#1069,#1077,#1085,
    #1093,#1101,#1109,#1115));
#1038 = ORIENTED_EDGE('',*,*,#1039,.T.);
#1039 = EDGE_CURVE('',#686,#1040,#1042,.T.);
#1040 = VERTEX_POINT('',#1041);
#1041 = CARTESIAN_POINT('',(111.,9.,3.2));
#1042 = LINE('',#1043,#1044);
#1043 = CARTESIAN_POINT('',(111.,9.,0.));
#1044 = VECTOR('',#1045,1.);
#1045 = DIRECTION('',(0.,0.,1.));
#1046 = ORIENTED_EDGE('',*,*,#1047,.T.);
#1047 = EDGE_CURVE('',#1040,#1048,#1050,.T.);
#1048 = VERTEX_POINT('',#1049);
#1049 = CARTESIAN_POINT('',(111.,151.,3.2));
#1050 = LINE('',#1051,#1052);
#1051 = CARTESIAN_POINT('',(111.,9.,3.2));
#1052 = VECTOR('',#1053,1.);
#1053 = DIRECTION('',(0.,1.,0.));
#1054 = ORIENTED_EDGE('',*,*,#1055,.F.);
#1055 = EDGE_CURVE('',#340,#1048,#1056,.T.);
#1056 = LINE('',#1057,#1058);
#1057 = CARTESIAN_POINT('',(111.,151.,0.));
#1058 = VECTOR('',#1059,1.);
#1059 = DIRECTION('',(0.,0.,1.));
#1060 = ORIENTED_EDGE('',*,*,#347,.F.);
#1061 = ORIENTED_EDGE('',*,*,#1062,.F.);
#1062 = EDGE_CURVE('',#1063,#348,#1065,.T.);
#1063 = VERTEX_POINT('',#1064);
#1064 = CARTESIAN_POINT('',(111.,143.1,0.));
#1065 = LINE('',#1066,#1067);
#1066 = CARTESIAN_POINT('',(111.,9.,0.));
#1067 = VECTOR('',#1068,1.);
#1068 = DIRECTION('',(0.,1.,0.));
#1069 = ORIENTED_EDGE('',*,*,#1070,.F.);
#1070 = EDGE_CURVE('',#1071,#1063,#1073,.T.);
#1071 = VERTEX_POINT('',#1072);
#1072 = CARTESIAN_POINT('',(111.,105.7,0.));
#1073 = LINE('',#1074,#1075);
#1074 = CARTESIAN_POINT('',(111.,9.,0.));
#1075 = VECTOR('',#1076,1.);
#1076 = DIRECTION('',(0.,1.,0.));
#1077 = ORIENTED_EDGE('',*,*,#1078,.F.);
#1078 = EDGE_CURVE('',#1079,#1071,#1081,.T.);
#1079 = VERTEX_POINT('',#1080);
#1080 = CARTESIAN_POINT('',(111.,98.7,0.));
#1081 = LINE('',#1082,#1083);
#1082 = CARTESIAN_POINT('',(111.,9.,0.));
#1083 = VECTOR('',#1084,1.);
#1084 = DIRECTION('',(0.,1.,0.));
#1085 = ORIENTED_EDGE('',*,*,#1086,.F.);
#1086 = EDGE_CURVE('',#1087,#1079,#1089,.T.);
#1087 = VERTEX_POINT('',#1088);
#1088 = CARTESIAN_POINT('',(111.,61.3,0.));
#1089 = LINE('',#1090,#1091);
#1090 = CARTESIAN_POINT('',(111.,9.,0.));
#1091 = VECTOR('',#1092,1.);
#1092 = DIRECTION('',(0.,1.,0.));
#1093 = ORIENTED_EDGE('',*,*,#1094,.F.);
#1094 = EDGE_CURVE('',#1095,#1087,#1097,.T.);
#1095 = VERTEX_POINT('',#1096);
#1096 = CARTESIAN_POINT('',(111.,54.3,0.));
#1097 = LINE('',#1098,#1099);
#1098 = CARTESIAN_POINT('',(111.,9.,0.));
#1099 = VECTOR('',#1100,1.);
#1100 = DIRECTION('',(0.,1.,0.));
#1101 = ORIENTED_EDGE('',*,*,#1102,.F.);
#1102 = EDGE_CURVE('',#1103,#1095,#1105,.T.);
#1103 = VERTEX_POINT('',#1104);
#1104 = CARTESIAN_POINT('',(111.,16.9,0.));
#1105 = LINE('',#1106,#1107);
#1106 = CARTESIAN_POINT('',(111.,9.,0.));
#1107 = VECTOR('',#1108,1.);
#1108 = DIRECTION('',(0.,1.,0.));
#1109 = ORIENTED_EDGE('',*,*,#1110,.F.);
#1110 = EDGE_CURVE('',#678,#1103,#1111,.T.);
#1111 = LINE('',#1112,#1113);
#1112 = CARTESIAN_POINT('',(111.,9.,0.));
#1113 = VECTOR('',#1114,1.);
#1114 = DIRECTION('',(0.,1.,0.));
#1115 = ORIENTED_EDGE('',*,*,#685,.F.);
#1116 = PLANE('',#1117);
#1117 = AXIS2_PLACEMENT_3D('',#1118,#1119,#1120);
#1118 = CARTESIAN_POINT('',(111.,9.,0.));
#1119 = DIRECTION('',(-1.,0.,0.));
#1120 = DIRECTION('',(0.,1.,0.));
#1121 = ADVANCED_FACE('',(#1122),#1133,.T.);
#1122 = FACE_BOUND('',#1123,.T.);
#1123 = EDGE_LOOP('',(#1124,#1125,#1131,#1132));
#1124 = ORIENTED_EDGE('',*,*,#1055,.T.);
#1125 = ORIENTED_EDGE('',*,*,#1126,.T.);
#1126 = EDGE_CURVE('',#1048,#888,#1127,.T.);
#1127 = LINE('',#1128,#1129);
#1128 = CARTESIAN_POINT('',(111.,151.,3.2));
#1129 = VECTOR('',#1130,1.);
#1130 = DIRECTION('',(-1.,0.,0.));
#1131 = ORIENTED_EDGE('',*,*,#887,.F.);
#1132 = ORIENTED_EDGE('',*,*,#339,.F.);
#1133 = PLANE('',#1134);
#1134 = AXIS2_PLACEMENT_3D('',#1135,#1136,#1137);
#1135 = CARTESIAN_POINT('',(111.,151.,0.));
#1136 = DIRECTION('',(0.,-1.,0.));
#1137 = DIRECTION('',(-1.,0.,0.));
#1138 = ADVANCED_FACE('',(#1139),#1157,.F.);
#1139 = FACE_BOUND('',#1140,.F.);
#1140 = EDGE_LOOP('',(#1141,#1142,#1150,#1156));
#1141 = ORIENTED_EDGE('',*,*,#496,.T.);
#1142 = ORIENTED_EDGE('',*,*,#1143,.T.);
#1143 = EDGE_CURVE('',#489,#1144,#1146,.T.);
#1144 = VERTEX_POINT('',#1145);
#1145 = CARTESIAN_POINT('',(14.,105.7,-1.E-02));
#1146 = LINE('',#1147,#1148);
#1147 = CARTESIAN_POINT('',(0.,105.7,-1.E-02));
#1148 = VECTOR('',#1149,1.);
#1149 = DIRECTION('',(1.,0.,0.));
#1150 = ORIENTED_EDGE('',*,*,#1151,.F.);
#1151 = EDGE_CURVE('',#442,#1144,#1152,.T.);
#1152 = LINE('',#1153,#1154);
#1153 = CARTESIAN_POINT('',(14.,105.7,0.));
#1154 = VECTOR('',#1155,1.);
#1155 = DIRECTION('',(0.,0.,-1.));
#1156 = ORIENTED_EDGE('',*,*,#441,.F.);
#1157 = PLANE('',#1158);
#1158 = AXIS2_PLACEMENT_3D('',#1159,#1160,#1161);
#1159 = CARTESIAN_POINT('',(0.,105.7,0.));
#1160 = DIRECTION('',(0.,-1.,0.));
#1161 = DIRECTION('',(1.,0.,0.));
#1162 = ADVANCED_FACE('',(#1163),#1181,.F.);
#1163 = FACE_BOUND('',#1164,.F.);
#1164 = EDGE_LOOP('',(#1165,#1173,#1179,#1180));
#1165 = ORIENTED_EDGE('',*,*,#1166,.T.);
#1166 = EDGE_CURVE('',#521,#1167,#1169,.T.);
#1167 = VERTEX_POINT('',#1168);
#1168 = CARTESIAN_POINT('',(14.,98.7,-1.E-02));
#1169 = LINE('',#1170,#1171);
#1170 = CARTESIAN_POINT('',(14.,98.7,0.));
#1171 = VECTOR('',#1172,1.);
#1172 = DIRECTION('',(0.,0.,-1.));
#1173 = ORIENTED_EDGE('',*,*,#1174,.T.);
#1174 = EDGE_CURVE('',#1167,#465,#1175,.T.);
#1175 = LINE('',#1176,#1177);
#1176 = CARTESIAN_POINT('',(14.,98.7,-1.E-02));
#1177 = VECTOR('',#1178,1.);
#1178 = DIRECTION('',(-1.,0.,0.));
#1179 = ORIENTED_EDGE('',*,*,#464,.F.);
#1180 = ORIENTED_EDGE('',*,*,#528,.F.);
#1181 = PLANE('',#1182);
#1182 = AXIS2_PLACEMENT_3D('',#1183,#1184,#1185);
#1183 = CARTESIAN_POINT('',(14.,98.7,0.));
#1184 = DIRECTION('',(0.,1.,0.));
#1185 = DIRECTION('',(-1.,0.,0.));
#1186 = ADVANCED_FACE('',(#1187),#1205,.T.);
#1187 = FACE_BOUND('',#1188,.T.);
#1188 = EDGE_LOOP('',(#1189,#1197,#1198,#1199));
#1189 = ORIENTED_EDGE('',*,*,#1190,.F.);
#1190 = EDGE_CURVE('',#1167,#1191,#1193,.T.);
#1191 = VERTEX_POINT('',#1192);
#1192 = CARTESIAN_POINT('',(14.,99.2,-3.));
#1193 = LINE('',#1194,#1195);
#1194 = CARTESIAN_POINT('',(14.,98.919397775868,-1.321998699688));
#1195 = VECTOR('',#1196,1.);
#1196 = DIRECTION('',(0.,0.164933883836,-0.986304625338));
#1197 = ORIENTED_EDGE('',*,*,#1174,.T.);
#1198 = ORIENTED_EDGE('',*,*,#472,.T.);
#1199 = ORIENTED_EDGE('',*,*,#1200,.F.);
#1200 = EDGE_CURVE('',#1191,#473,#1201,.T.);
#1201 = LINE('',#1202,#1203);
#1202 = CARTESIAN_POINT('',(14.,99.2,-3.));
#1203 = VECTOR('',#1204,1.);
#1204 = DIRECTION('',(-1.,0.,0.));
#1205 = PLANE('',#1206);
#1206 = AXIS2_PLACEMENT_3D('',#1207,#1208,#1209);
#1207 = CARTESIAN_POINT('',(14.,98.95,-1.505));
#1208 = DIRECTION('',(7.250732432324E-18,-0.986304625338,-0.164933883836
    ));
#1209 = DIRECTION('',(-1.,-7.151430935089E-18,-1.195891460717E-18));
#1210 = ADVANCED_FACE('',(#1211,#1229),#1240,.F.);
#1211 = FACE_BOUND('',#1212,.F.);
#1212 = EDGE_LOOP('',(#1213,#1214,#1215,#1223));
#1213 = ORIENTED_EDGE('',*,*,#480,.F.);
#1214 = ORIENTED_EDGE('',*,*,#1200,.F.);
#1215 = ORIENTED_EDGE('',*,*,#1216,.F.);
#1216 = EDGE_CURVE('',#1217,#1191,#1219,.T.);
#1217 = VERTEX_POINT('',#1218);
#1218 = CARTESIAN_POINT('',(14.,105.2,-3.));
#1219 = LINE('',#1220,#1221);
#1220 = CARTESIAN_POINT('',(14.,105.7,-3.));
#1221 = VECTOR('',#1222,1.);
#1222 = DIRECTION('',(0.,-1.,0.));
#1223 = ORIENTED_EDGE('',*,*,#1224,.F.);
#1224 = EDGE_CURVE('',#481,#1217,#1225,.T.);
#1225 = LINE('',#1226,#1227);
#1226 = CARTESIAN_POINT('',(0.,105.2,-3.));
#1227 = VECTOR('',#1228,1.);
#1228 = DIRECTION('',(1.,0.,0.));
#1229 = FACE_BOUND('',#1230,.F.);
#1230 = EDGE_LOOP('',(#1231));
#1231 = ORIENTED_EDGE('',*,*,#1232,.F.);
#1232 = EDGE_CURVE('',#1233,#1233,#1235,.T.);
#1233 = VERTEX_POINT('',#1234);
#1234 = CARTESIAN_POINT('',(10.75,102.2,-3.));
#1235 = CIRCLE('',#1236,2.75);
#1236 = AXIS2_PLACEMENT_3D('',#1237,#1238,#1239);
#1237 = CARTESIAN_POINT('',(8.,102.2,-3.));
#1238 = DIRECTION('',(0.,0.,1.));
#1239 = DIRECTION('',(1.,0.,0.));
#1240 = PLANE('',#1241);
#1241 = AXIS2_PLACEMENT_3D('',#1242,#1243,#1244);
#1242 = CARTESIAN_POINT('',(62.5,80.,-3.));
#1243 = DIRECTION('',(0.,0.,1.));
#1244 = DIRECTION('',(1.,0.,0.));
#1245 = ADVANCED_FACE('',(#1246),#1257,.T.);
#1246 = FACE_BOUND('',#1247,.T.);
#1247 = EDGE_LOOP('',(#1248,#1249,#1250,#1256));
#1248 = ORIENTED_EDGE('',*,*,#488,.F.);
#1249 = ORIENTED_EDGE('',*,*,#1143,.T.);
#1250 = ORIENTED_EDGE('',*,*,#1251,.T.);
#1251 = EDGE_CURVE('',#1144,#1217,#1252,.T.);
#1252 = LINE('',#1253,#1254);
#1253 = CARTESIAN_POINT('',(14.,105.57581337526,-0.75263601593));
#1254 = VECTOR('',#1255,1.);
#1255 = DIRECTION('',(0.,-0.164933883836,-0.986304625338));
#1256 = ORIENTED_EDGE('',*,*,#1224,.F.);
#1257 = PLANE('',#1258);
#1258 = AXIS2_PLACEMENT_3D('',#1259,#1260,#1261);
#1259 = CARTESIAN_POINT('',(0.,105.45,-1.505));
#1260 = DIRECTION('',(-7.250732432324E-18,0.986304625338,-0.164933883836
    ));
#1261 = DIRECTION('',(1.,7.151430935089E-18,-1.195891460717E-18));
#1262 = ADVANCED_FACE('',(#1263),#1281,.T.);
#1263 = FACE_BOUND('',#1264,.T.);
#1264 = EDGE_LOOP('',(#1265,#1273,#1279,#1280));
#1265 = ORIENTED_EDGE('',*,*,#1266,.T.);
#1266 = EDGE_CURVE('',#513,#1267,#1269,.T.);
#1267 = VERTEX_POINT('',#1268);
#1268 = CARTESIAN_POINT('',(14.,61.3,-1.E-02));
#1269 = LINE('',#1270,#1271);
#1270 = CARTESIAN_POINT('',(14.,61.3,0.));
#1271 = VECTOR('',#1272,1.);
#1272 = DIRECTION('',(0.,0.,-1.));
#1273 = ORIENTED_EDGE('',*,*,#1274,.T.);
#1274 = EDGE_CURVE('',#1267,#543,#1275,.T.);
#1275 = LINE('',#1276,#1277);
#1276 = CARTESIAN_POINT('',(14.,61.3,-1.E-02));
#1277 = VECTOR('',#1278,1.);
#1278 = DIRECTION('',(-1.,0.,0.));
#1279 = ORIENTED_EDGE('',*,*,#542,.F.);
#1280 = ORIENTED_EDGE('',*,*,#512,.F.);
#1281 = PLANE('',#1282);
#1282 = AXIS2_PLACEMENT_3D('',#1283,#1284,#1285);
#1283 = CARTESIAN_POINT('',(14.,61.3,0.));
#1284 = DIRECTION('',(0.,1.,0.));
#1285 = DIRECTION('',(-1.,0.,0.));
#1286 = ADVANCED_FACE('',(#1287),#1305,.F.);
#1287 = FACE_BOUND('',#1288,.F.);
#1288 = EDGE_LOOP('',(#1289,#1297,#1298,#1299));
#1289 = ORIENTED_EDGE('',*,*,#1290,.F.);
#1290 = EDGE_CURVE('',#1267,#1291,#1293,.T.);
#1291 = VERTEX_POINT('',#1292);
#1292 = CARTESIAN_POINT('',(14.,60.8,-3.));
#1293 = LINE('',#1294,#1295);
#1294 = CARTESIAN_POINT('',(14.,61.080602224132,-1.321998699688));
#1295 = VECTOR('',#1296,1.);
#1296 = DIRECTION('',(0.,-0.164933883836,-0.986304625338));
#1297 = ORIENTED_EDGE('',*,*,#1274,.T.);
#1298 = ORIENTED_EDGE('',*,*,#550,.T.);
#1299 = ORIENTED_EDGE('',*,*,#1300,.F.);
#1300 = EDGE_CURVE('',#1291,#551,#1301,.T.);
#1301 = LINE('',#1302,#1303);
#1302 = CARTESIAN_POINT('',(14.,60.8,-3.));
#1303 = VECTOR('',#1304,1.);
#1304 = DIRECTION('',(-1.,0.,0.));
#1305 = PLANE('',#1306);
#1306 = AXIS2_PLACEMENT_3D('',#1307,#1308,#1309);
#1307 = CARTESIAN_POINT('',(14.,61.05,-1.505));
#1308 = DIRECTION('',(-7.250732432324E-18,-0.986304625338,0.164933883836
    ));
#1309 = DIRECTION('',(-1.,7.151430935089E-18,-1.195891460717E-18));
#1310 = ADVANCED_FACE('',(#1311,#1329),#1340,.F.);
#1311 = FACE_BOUND('',#1312,.F.);
#1312 = EDGE_LOOP('',(#1313,#1314,#1322,#1328));
#1313 = ORIENTED_EDGE('',*,*,#558,.T.);
#1314 = ORIENTED_EDGE('',*,*,#1315,.T.);
#1315 = EDGE_CURVE('',#559,#1316,#1318,.T.);
#1316 = VERTEX_POINT('',#1317);
#1317 = CARTESIAN_POINT('',(14.,54.8,-3.));
#1318 = LINE('',#1319,#1320);
#1319 = CARTESIAN_POINT('',(0.,54.8,-3.));
#1320 = VECTOR('',#1321,1.);
#1321 = DIRECTION('',(1.,0.,0.));
#1322 = ORIENTED_EDGE('',*,*,#1323,.T.);
#1323 = EDGE_CURVE('',#1316,#1291,#1324,.T.);
#1324 = LINE('',#1325,#1326);
#1325 = CARTESIAN_POINT('',(14.,54.3,-3.));
#1326 = VECTOR('',#1327,1.);
#1327 = DIRECTION('',(0.,1.,0.));
#1328 = ORIENTED_EDGE('',*,*,#1300,.T.);
#1329 = FACE_BOUND('',#1330,.F.);
#1330 = EDGE_LOOP('',(#1331));
#1331 = ORIENTED_EDGE('',*,*,#1332,.F.);
#1332 = EDGE_CURVE('',#1333,#1333,#1335,.T.);
#1333 = VERTEX_POINT('',#1334);
#1334 = CARTESIAN_POINT('',(10.75,57.8,-3.));
#1335 = CIRCLE('',#1336,2.75);
#1336 = AXIS2_PLACEMENT_3D('',#1337,#1338,#1339);
#1337 = CARTESIAN_POINT('',(8.,57.8,-3.));
#1338 = DIRECTION('',(0.,0.,1.));
#1339 = DIRECTION('',(1.,0.,0.));
#1340 = PLANE('',#1341);
#1341 = AXIS2_PLACEMENT_3D('',#1342,#1343,#1344);
#1342 = CARTESIAN_POINT('',(62.5,80.,-3.));
#1343 = DIRECTION('',(0.,0.,1.));
#1344 = DIRECTION('',(1.,0.,0.));
#1345 = ADVANCED_FACE('',(#1346),#1364,.T.);
#1346 = FACE_BOUND('',#1347,.T.);
#1347 = EDGE_LOOP('',(#1348,#1349,#1357,#1363));
#1348 = ORIENTED_EDGE('',*,*,#574,.T.);
#1349 = ORIENTED_EDGE('',*,*,#1350,.T.);
#1350 = EDGE_CURVE('',#567,#1351,#1353,.T.);
#1351 = VERTEX_POINT('',#1352);
#1352 = CARTESIAN_POINT('',(14.,54.3,-1.E-02));
#1353 = LINE('',#1354,#1355);
#1354 = CARTESIAN_POINT('',(0.,54.3,-1.E-02));
#1355 = VECTOR('',#1356,1.);
#1356 = DIRECTION('',(1.,0.,0.));
#1357 = ORIENTED_EDGE('',*,*,#1358,.F.);
#1358 = EDGE_CURVE('',#599,#1351,#1359,.T.);
#1359 = LINE('',#1360,#1361);
#1360 = CARTESIAN_POINT('',(14.,54.3,0.));
#1361 = VECTOR('',#1362,1.);
#1362 = DIRECTION('',(0.,0.,-1.));
#1363 = ORIENTED_EDGE('',*,*,#606,.F.);
#1364 = PLANE('',#1365);
#1365 = AXIS2_PLACEMENT_3D('',#1366,#1367,#1368);
#1366 = CARTESIAN_POINT('',(0.,54.3,0.));
#1367 = DIRECTION('',(0.,-1.,0.));
#1368 = DIRECTION('',(1.,0.,0.));
#1369 = ADVANCED_FACE('',(#1370),#1381,.F.);
#1370 = FACE_BOUND('',#1371,.F.);
#1371 = EDGE_LOOP('',(#1372,#1373,#1374,#1380));
#1372 = ORIENTED_EDGE('',*,*,#566,.F.);
#1373 = ORIENTED_EDGE('',*,*,#1350,.T.);
#1374 = ORIENTED_EDGE('',*,*,#1375,.T.);
#1375 = EDGE_CURVE('',#1351,#1316,#1376,.T.);
#1376 = LINE('',#1377,#1378);
#1377 = CARTESIAN_POINT('',(14.,54.424186624737,-0.75263601593));
#1378 = VECTOR('',#1379,1.);
#1379 = DIRECTION('',(0.,0.164933883836,-0.986304625338));
#1380 = ORIENTED_EDGE('',*,*,#1315,.F.);
#1381 = PLANE('',#1382);
#1382 = AXIS2_PLACEMENT_3D('',#1383,#1384,#1385);
#1383 = CARTESIAN_POINT('',(0.,54.55,-1.505));
#1384 = DIRECTION('',(7.250732432324E-18,0.986304625338,0.164933883836)
  );
#1385 = DIRECTION('',(1.,-7.151430935089E-18,-1.195891460717E-18));
#1386 = ADVANCED_FACE('',(#1387),#1405,.T.);
#1387 = FACE_BOUND('',#1388,.T.);
#1388 = EDGE_LOOP('',(#1389,#1397,#1403,#1404));
#1389 = ORIENTED_EDGE('',*,*,#1390,.T.);
#1390 = EDGE_CURVE('',#591,#1391,#1393,.T.);
#1391 = VERTEX_POINT('',#1392);
#1392 = CARTESIAN_POINT('',(14.,16.9,-9.999999999999E-03));
#1393 = LINE('',#1394,#1395);
#1394 = CARTESIAN_POINT('',(14.,16.9,0.));
#1395 = VECTOR('',#1396,1.);
#1396 = DIRECTION('',(0.,0.,-1.));
#1397 = ORIENTED_EDGE('',*,*,#1398,.T.);
#1398 = EDGE_CURVE('',#1391,#621,#1399,.T.);
#1399 = LINE('',#1400,#1401);
#1400 = CARTESIAN_POINT('',(14.,16.9,-1.E-02));
#1401 = VECTOR('',#1402,1.);
#1402 = DIRECTION('',(-1.,0.,0.));
#1403 = ORIENTED_EDGE('',*,*,#620,.F.);
#1404 = ORIENTED_EDGE('',*,*,#590,.F.);
#1405 = PLANE('',#1406);
#1406 = AXIS2_PLACEMENT_3D('',#1407,#1408,#1409);
#1407 = CARTESIAN_POINT('',(14.,16.9,0.));
#1408 = DIRECTION('',(0.,1.,0.));
#1409 = DIRECTION('',(-1.,0.,0.));
#1410 = ADVANCED_FACE('',(#1411),#1429,.F.);
#1411 = FACE_BOUND('',#1412,.F.);
#1412 = EDGE_LOOP('',(#1413,#1421,#1422,#1423));
#1413 = ORIENTED_EDGE('',*,*,#1414,.F.);
#1414 = EDGE_CURVE('',#1391,#1415,#1417,.T.);
#1415 = VERTEX_POINT('',#1416);
#1416 = CARTESIAN_POINT('',(14.,16.4,-3.));
#1417 = LINE('',#1418,#1419);
#1418 = CARTESIAN_POINT('',(14.,16.680602224132,-1.321998699688));
#1419 = VECTOR('',#1420,1.);
#1420 = DIRECTION('',(0.,-0.164933883836,-0.986304625338));
#1421 = ORIENTED_EDGE('',*,*,#1398,.T.);
#1422 = ORIENTED_EDGE('',*,*,#628,.T.);
#1423 = ORIENTED_EDGE('',*,*,#1424,.F.);
#1424 = EDGE_CURVE('',#1415,#629,#1425,.T.);
#1425 = LINE('',#1426,#1427);
#1426 = CARTESIAN_POINT('',(14.,16.4,-3.));
#1427 = VECTOR('',#1428,1.);
#1428 = DIRECTION('',(-1.,0.,0.));
#1429 = PLANE('',#1430);
#1430 = AXIS2_PLACEMENT_3D('',#1431,#1432,#1433);
#1431 = CARTESIAN_POINT('',(14.,16.65,-1.505));
#1432 = DIRECTION('',(-7.250732432324E-18,-0.986304625338,0.164933883836
    ));
#1433 = DIRECTION('',(-1.,7.151430935089E-18,-1.195891460717E-18));
#1434 = ADVANCED_FACE('',(#1435,#1453),#1464,.F.);
#1435 = FACE_BOUND('',#1436,.F.);
#1436 = EDGE_LOOP('',(#1437,#1438,#1446,#1452));
#1437 = ORIENTED_EDGE('',*,*,#636,.T.);
#1438 = ORIENTED_EDGE('',*,*,#1439,.T.);
#1439 = EDGE_CURVE('',#637,#1440,#1442,.T.);
#1440 = VERTEX_POINT('',#1441);
#1441 = CARTESIAN_POINT('',(14.,10.4,-3.));
#1442 = LINE('',#1443,#1444);
#1443 = CARTESIAN_POINT('',(0.,10.4,-3.));
#1444 = VECTOR('',#1445,1.);
#1445 = DIRECTION('',(1.,0.,0.));
#1446 = ORIENTED_EDGE('',*,*,#1447,.T.);
#1447 = EDGE_CURVE('',#1440,#1415,#1448,.T.);
#1448 = LINE('',#1449,#1450);
#1449 = CARTESIAN_POINT('',(14.,9.9,-3.));
#1450 = VECTOR('',#1451,1.);
#1451 = DIRECTION('',(0.,1.,0.));
#1452 = ORIENTED_EDGE('',*,*,#1424,.T.);
#1453 = FACE_BOUND('',#1454,.F.);
#1454 = EDGE_LOOP('',(#1455));
#1455 = ORIENTED_EDGE('',*,*,#1456,.F.);
#1456 = EDGE_CURVE('',#1457,#1457,#1459,.T.);
#1457 = VERTEX_POINT('',#1458);
#1458 = CARTESIAN_POINT('',(10.75,13.4,-3.));
#1459 = CIRCLE('',#1460,2.75);
#1460 = AXIS2_PLACEMENT_3D('',#1461,#1462,#1463);
#1461 = CARTESIAN_POINT('',(8.,13.4,-3.));
#1462 = DIRECTION('',(0.,0.,1.));
#1463 = DIRECTION('',(1.,0.,0.));
#1464 = PLANE('',#1465);
#1465 = AXIS2_PLACEMENT_3D('',#1466,#1467,#1468);
#1466 = CARTESIAN_POINT('',(62.5,80.,-3.));
#1467 = DIRECTION('',(0.,0.,1.));
#1468 = DIRECTION('',(1.,0.,0.));
#1469 = ADVANCED_FACE('',(#1470),#1488,.T.);
#1470 = FACE_BOUND('',#1471,.T.);
#1471 = EDGE_LOOP('',(#1472,#1473,#1481,#1487));
#1472 = ORIENTED_EDGE('',*,*,#652,.T.);
#1473 = ORIENTED_EDGE('',*,*,#1474,.T.);
#1474 = EDGE_CURVE('',#645,#1475,#1477,.T.);
#1475 = VERTEX_POINT('',#1476);
#1476 = CARTESIAN_POINT('',(14.,9.9,-1.E-02));
#1477 = LINE('',#1478,#1479);
#1478 = CARTESIAN_POINT('',(0.,9.9,-1.E-02));
#1479 = VECTOR('',#1480,1.);
#1480 = DIRECTION('',(1.,0.,0.));
#1481 = ORIENTED_EDGE('',*,*,#1482,.F.);
#1482 = EDGE_CURVE('',#702,#1475,#1483,.T.);
#1483 = LINE('',#1484,#1485);
#1484 = CARTESIAN_POINT('',(14.,9.9,0.));
#1485 = VECTOR('',#1486,1.);
#1486 = DIRECTION('',(0.,0.,-1.));
#1487 = ORIENTED_EDGE('',*,*,#709,.F.);
#1488 = PLANE('',#1489);
#1489 = AXIS2_PLACEMENT_3D('',#1490,#1491,#1492);
#1490 = CARTESIAN_POINT('',(0.,9.9,0.));
#1491 = DIRECTION('',(0.,-1.,0.));
#1492 = DIRECTION('',(1.,0.,0.));
#1493 = ADVANCED_FACE('',(#1494),#1505,.F.);
#1494 = FACE_BOUND('',#1495,.F.);
#1495 = EDGE_LOOP('',(#1496,#1497,#1498,#1504));
#1496 = ORIENTED_EDGE('',*,*,#644,.F.);
#1497 = ORIENTED_EDGE('',*,*,#1474,.T.);
#1498 = ORIENTED_EDGE('',*,*,#1499,.T.);
#1499 = EDGE_CURVE('',#1475,#1440,#1500,.T.);
#1500 = LINE('',#1501,#1502);
#1501 = CARTESIAN_POINT('',(14.,10.024186624737,-0.75263601593));
#1502 = VECTOR('',#1503,1.);
#1503 = DIRECTION('',(0.,0.164933883836,-0.986304625338));
#1504 = ORIENTED_EDGE('',*,*,#1439,.F.);
#1505 = PLANE('',#1506);
#1506 = AXIS2_PLACEMENT_3D('',#1507,#1508,#1509);
#1507 = CARTESIAN_POINT('',(0.,10.15,-1.505));
#1508 = DIRECTION('',(7.250732432324E-18,0.986304625338,0.164933883836)
  );
#1509 = DIRECTION('',(1.,-7.151430935089E-18,-1.195891460717E-18));
#1510 = ADVANCED_FACE('',(#1511),#1522,.T.);
#1511 = FACE_BOUND('',#1512,.T.);
#1512 = EDGE_LOOP('',(#1513,#1514,#1520,#1521));
#1513 = ORIENTED_EDGE('',*,*,#903,.T.);
#1514 = ORIENTED_EDGE('',*,*,#1515,.T.);
#1515 = EDGE_CURVE('',#896,#1040,#1516,.T.);
#1516 = LINE('',#1517,#1518);
#1517 = CARTESIAN_POINT('',(14.,9.,3.2));
#1518 = VECTOR('',#1519,1.);
#1519 = DIRECTION('',(1.,0.,0.));
#1520 = ORIENTED_EDGE('',*,*,#1039,.F.);
#1521 = ORIENTED_EDGE('',*,*,#693,.F.);
#1522 = PLANE('',#1523);
#1523 = AXIS2_PLACEMENT_3D('',#1524,#1525,#1526);
#1524 = CARTESIAN_POINT('',(14.,9.,0.));
#1525 = DIRECTION('',(0.,1.,0.));
#1526 = DIRECTION('',(1.,0.,0.));
#1527 = ADVANCED_FACE('',(#1528),#1553,.T.);
#1528 = FACE_BOUND('',#1529,.T.);
#1529 = EDGE_LOOP('',(#1530,#1538,#1546,#1552));
#1530 = ORIENTED_EDGE('',*,*,#1531,.T.);
#1531 = EDGE_CURVE('',#678,#1532,#1534,.T.);
#1532 = VERTEX_POINT('',#1533);
#1533 = CARTESIAN_POINT('',(111.,9.9,-1.E-02));
#1534 = LINE('',#1535,#1536);
#1535 = CARTESIAN_POINT('',(111.,9.9,0.));
#1536 = VECTOR('',#1537,1.);
#1537 = DIRECTION('',(0.,0.,-1.));
#1538 = ORIENTED_EDGE('',*,*,#1539,.T.);
#1539 = EDGE_CURVE('',#1532,#1540,#1542,.T.);
#1540 = VERTEX_POINT('',#1541);
#1541 = CARTESIAN_POINT('',(125.,9.9,-1.E-02));
#1542 = LINE('',#1543,#1544);
#1543 = CARTESIAN_POINT('',(111.,9.9,-1.E-02));
#1544 = VECTOR('',#1545,1.);
#1545 = DIRECTION('',(1.,0.,0.));
#1546 = ORIENTED_EDGE('',*,*,#1547,.F.);
#1547 = EDGE_CURVE('',#670,#1540,#1548,.T.);
#1548 = LINE('',#1549,#1550);
#1549 = CARTESIAN_POINT('',(125.,9.9,0.));
#1550 = VECTOR('',#1551,1.);
#1551 = DIRECTION('',(0.,0.,-1.));
#1552 = ORIENTED_EDGE('',*,*,#677,.F.);
#1553 = PLANE('',#1554);
#1554 = AXIS2_PLACEMENT_3D('',#1555,#1556,#1557);
#1555 = CARTESIAN_POINT('',(111.,9.9,0.));
#1556 = DIRECTION('',(0.,-1.,0.));
#1557 = DIRECTION('',(1.,0.,0.));
#1558 = ADVANCED_FACE('',(#1559),#1578,.F.);
#1559 = FACE_BOUND('',#1560,.F.);
#1560 = EDGE_LOOP('',(#1561,#1569,#1576,#1577));
#1561 = ORIENTED_EDGE('',*,*,#1562,.T.);
#1562 = EDGE_CURVE('',#735,#1563,#1565,.T.);
#1563 = VERTEX_POINT('',#1564);
#1564 = CARTESIAN_POINT('',(13.25,13.4,9.));
#1565 = LINE('',#1566,#1567);
#1566 = CARTESIAN_POINT('',(13.25,13.4,10.));
#1567 = VECTOR('',#1568,1.);
#1568 = DIRECTION('',(-0.,-0.,-1.));
#1569 = ORIENTED_EDGE('',*,*,#1570,.T.);
#1570 = EDGE_CURVE('',#1563,#1563,#1571,.T.);
#1571 = CIRCLE('',#1572,5.25);
#1572 = AXIS2_PLACEMENT_3D('',#1573,#1574,#1575);
#1573 = CARTESIAN_POINT('',(8.,13.4,9.));
#1574 = DIRECTION('',(0.,0.,1.));
#1575 = DIRECTION('',(1.,0.,0.));
#1576 = ORIENTED_EDGE('',*,*,#1562,.F.);
#1577 = ORIENTED_EDGE('',*,*,#734,.F.);
#1578 = CYLINDRICAL_SURFACE('',#1579,5.25);
#1579 = AXIS2_PLACEMENT_3D('',#1580,#1581,#1582);
#1580 = CARTESIAN_POINT('',(8.,13.4,10.));
#1581 = DIRECTION('',(0.,0.,1.));
#1582 = DIRECTION('',(1.,0.,0.));
#1583 = ADVANCED_FACE('',(#1584),#1603,.F.);
#1584 = FACE_BOUND('',#1585,.F.);
#1585 = EDGE_LOOP('',(#1586,#1594,#1601,#1602));
#1586 = ORIENTED_EDGE('',*,*,#1587,.T.);
#1587 = EDGE_CURVE('',#746,#1588,#1590,.T.);
#1588 = VERTEX_POINT('',#1589);
#1589 = CARTESIAN_POINT('',(13.25,57.8,9.));
#1590 = LINE('',#1591,#1592);
#1591 = CARTESIAN_POINT('',(13.25,57.8,10.));
#1592 = VECTOR('',#1593,1.);
#1593 = DIRECTION('',(-0.,-0.,-1.));
#1594 = ORIENTED_EDGE('',*,*,#1595,.T.);
#1595 = EDGE_CURVE('',#1588,#1588,#1596,.T.);
#1596 = CIRCLE('',#1597,5.25);
#1597 = AXIS2_PLACEMENT_3D('',#1598,#1599,#1600);
#1598 = CARTESIAN_POINT('',(8.,57.8,9.));
#1599 = DIRECTION('',(0.,0.,1.));
#1600 = DIRECTION('',(1.,0.,0.));
#1601 = ORIENTED_EDGE('',*,*,#1587,.F.);
#1602 = ORIENTED_EDGE('',*,*,#745,.F.);
#1603 = CYLINDRICAL_SURFACE('',#1604,5.25);
#1604 = AXIS2_PLACEMENT_3D('',#1605,#1606,#1607);
#1605 = CARTESIAN_POINT('',(8.,57.8,10.));
#1606 = DIRECTION('',(0.,0.,1.));
#1607 = DIRECTION('',(1.,0.,0.));
#1608 = ADVANCED_FACE('',(#1609),#1628,.F.);
#1609 = FACE_BOUND('',#1610,.F.);
#1610 = EDGE_LOOP('',(#1611,#1619,#1626,#1627));
#1611 = ORIENTED_EDGE('',*,*,#1612,.T.);
#1612 = EDGE_CURVE('',#757,#1613,#1615,.T.);
#1613 = VERTEX_POINT('',#1614);
#1614 = CARTESIAN_POINT('',(122.25,13.4,9.));
#1615 = LINE('',#1616,#1617);
#1616 = CARTESIAN_POINT('',(122.25,13.4,10.));
#1617 = VECTOR('',#1618,1.);
#1618 = DIRECTION('',(-0.,-0.,-1.));
#1619 = ORIENTED_EDGE('',*,*,#1620,.T.);
#1620 = EDGE_CURVE('',#1613,#1613,#1621,.T.);
#1621 = CIRCLE('',#1622,5.25);
#1622 = AXIS2_PLACEMENT_3D('',#1623,#1624,#1625);
#1623 = CARTESIAN_POINT('',(117.,13.4,9.));
#1624 = DIRECTION('',(0.,0.,1.));
#1625 = DIRECTION('',(1.,0.,0.));
#1626 = ORIENTED_EDGE('',*,*,#1612,.F.);
#1627 = ORIENTED_EDGE('',*,*,#756,.F.);
#1628 = CYLINDRICAL_SURFACE('',#1629,5.25);
#1629 = AXIS2_PLACEMENT_3D('',#1630,#1631,#1632);
#1630 = CARTESIAN_POINT('',(117.,13.4,10.));
#1631 = DIRECTION('',(0.,0.,1.));
#1632 = DIRECTION('',(1.,0.,0.));
#1633 = ADVANCED_FACE('',(#1634),#1653,.F.);
#1634 = FACE_BOUND('',#1635,.F.);
#1635 = EDGE_LOOP('',(#1636,#1644,#1651,#1652));
#1636 = ORIENTED_EDGE('',*,*,#1637,.T.);
#1637 = EDGE_CURVE('',#768,#1638,#1640,.T.);
#1638 = VERTEX_POINT('',#1639);
#1639 = CARTESIAN_POINT('',(122.25,57.8,9.));
#1640 = LINE('',#1641,#1642);
#1641 = CARTESIAN_POINT('',(122.25,57.8,10.));
#1642 = VECTOR('',#1643,1.);
#1643 = DIRECTION('',(-0.,-0.,-1.));
#1644 = ORIENTED_EDGE('',*,*,#1645,.T.);
#1645 = EDGE_CURVE('',#1638,#1638,#1646,.T.);
#1646 = CIRCLE('',#1647,5.25);
#1647 = AXIS2_PLACEMENT_3D('',#1648,#1649,#1650);
#1648 = CARTESIAN_POINT('',(117.,57.8,9.));
#1649 = DIRECTION('',(0.,0.,1.));
#1650 = DIRECTION('',(1.,0.,0.));
#1651 = ORIENTED_EDGE('',*,*,#1637,.F.);
#1652 = ORIENTED_EDGE('',*,*,#767,.F.);
#1653 = CYLINDRICAL_SURFACE('',#1654,5.25);
#1654 = AXIS2_PLACEMENT_3D('',#1655,#1656,#1657);
#1655 = CARTESIAN_POINT('',(117.,57.8,10.));
#1656 = DIRECTION('',(0.,0.,1.));
#1657 = DIRECTION('',(1.,0.,0.));
#1658 = ADVANCED_FACE('',(#1659),#1678,.F.);
#1659 = FACE_BOUND('',#1660,.F.);
#1660 = EDGE_LOOP('',(#1661,#1669,#1676,#1677));
#1661 = ORIENTED_EDGE('',*,*,#1662,.T.);
#1662 = EDGE_CURVE('',#779,#1663,#1665,.T.);
#1663 = VERTEX_POINT('',#1664);
#1664 = CARTESIAN_POINT('',(13.25,102.2,9.));
#1665 = LINE('',#1666,#1667);
#1666 = CARTESIAN_POINT('',(13.25,102.2,10.));
#1667 = VECTOR('',#1668,1.);
#1668 = DIRECTION('',(-0.,-0.,-1.));
#1669 = ORIENTED_EDGE('',*,*,#1670,.T.);
#1670 = EDGE_CURVE('',#1663,#1663,#1671,.T.);
#1671 = CIRCLE('',#1672,5.25);
#1672 = AXIS2_PLACEMENT_3D('',#1673,#1674,#1675);
#1673 = CARTESIAN_POINT('',(8.,102.2,9.));
#1674 = DIRECTION('',(0.,0.,1.));
#1675 = DIRECTION('',(1.,0.,0.));
#1676 = ORIENTED_EDGE('',*,*,#1662,.F.);
#1677 = ORIENTED_EDGE('',*,*,#778,.F.);
#1678 = CYLINDRICAL_SURFACE('',#1679,5.25);
#1679 = AXIS2_PLACEMENT_3D('',#1680,#1681,#1682);
#1680 = CARTESIAN_POINT('',(8.,102.2,10.));
#1681 = DIRECTION('',(0.,0.,1.));
#1682 = DIRECTION('',(1.,0.,0.));
#1683 = ADVANCED_FACE('',(#1684),#1709,.F.);
#1684 = FACE_BOUND('',#1685,.F.);
#1685 = EDGE_LOOP('',(#1686,#1696,#1702,#1703));
#1686 = ORIENTED_EDGE('',*,*,#1687,.F.);
#1687 = EDGE_CURVE('',#1688,#1690,#1692,.T.);
#1688 = VERTEX_POINT('',#1689);
#1689 = CARTESIAN_POINT('',(20.,145.,3.2));
#1690 = VERTEX_POINT('',#1691);
#1691 = CARTESIAN_POINT('',(105.,145.,3.2));
#1692 = LINE('',#1693,#1694);
#1693 = CARTESIAN_POINT('',(41.25,145.,3.2));
#1694 = VECTOR('',#1695,1.);
#1695 = DIRECTION('',(1.,0.,0.));
#1696 = ORIENTED_EDGE('',*,*,#1697,.T.);
#1697 = EDGE_CURVE('',#1688,#790,#1698,.T.);
#1698 = LINE('',#1699,#1700);
#1699 = CARTESIAN_POINT('',(20.,145.,0.));
#1700 = VECTOR('',#1701,1.);
#1701 = DIRECTION('',(0.,0.,1.));
#1702 = ORIENTED_EDGE('',*,*,#789,.T.);
#1703 = ORIENTED_EDGE('',*,*,#1704,.F.);
#1704 = EDGE_CURVE('',#1690,#792,#1705,.T.);
#1705 = LINE('',#1706,#1707);
#1706 = CARTESIAN_POINT('',(105.,145.,0.));
#1707 = VECTOR('',#1708,1.);
#1708 = DIRECTION('',(0.,0.,1.));
#1709 = PLANE('',#1710);
#1710 = AXIS2_PLACEMENT_3D('',#1711,#1712,#1713);
#1711 = CARTESIAN_POINT('',(20.,145.,0.));
#1712 = DIRECTION('',(0.,1.,0.));
#1713 = DIRECTION('',(1.,0.,0.));
#1714 = ADVANCED_FACE('',(#1715),#1733,.F.);
#1715 = FACE_BOUND('',#1716,.F.);
#1716 = EDGE_LOOP('',(#1717,#1725,#1731,#1732));
#1717 = ORIENTED_EDGE('',*,*,#1718,.F.);
#1718 = EDGE_CURVE('',#1719,#1688,#1721,.T.);
#1719 = VERTEX_POINT('',#1720);
#1720 = CARTESIAN_POINT('',(20.,15.,3.2));
#1721 = LINE('',#1722,#1723);
#1722 = CARTESIAN_POINT('',(20.,47.5,3.2));
#1723 = VECTOR('',#1724,1.);
#1724 = DIRECTION('',(0.,1.,0.));
#1725 = ORIENTED_EDGE('',*,*,#1726,.T.);
#1726 = EDGE_CURVE('',#1719,#808,#1727,.T.);
#1727 = LINE('',#1728,#1729);
#1728 = CARTESIAN_POINT('',(20.,15.,0.));
#1729 = VECTOR('',#1730,1.);
#1730 = DIRECTION('',(0.,0.,1.));
#1731 = ORIENTED_EDGE('',*,*,#815,.T.);
#1732 = ORIENTED_EDGE('',*,*,#1697,.F.);
#1733 = PLANE('',#1734);
#1734 = AXIS2_PLACEMENT_3D('',#1735,#1736,#1737);
#1735 = CARTESIAN_POINT('',(20.,15.,0.));
#1736 = DIRECTION('',(-1.,0.,0.));
#1737 = DIRECTION('',(0.,1.,0.));
#1738 = ADVANCED_FACE('',(#1739),#1757,.F.);
#1739 = FACE_BOUND('',#1740,.F.);
#1740 = EDGE_LOOP('',(#1741,#1749,#1750,#1751));
#1741 = ORIENTED_EDGE('',*,*,#1742,.F.);
#1742 = EDGE_CURVE('',#1690,#1743,#1745,.T.);
#1743 = VERTEX_POINT('',#1744);
#1744 = CARTESIAN_POINT('',(105.,15.,3.2));
#1745 = LINE('',#1746,#1747);
#1746 = CARTESIAN_POINT('',(105.,112.5,3.2));
#1747 = VECTOR('',#1748,1.);
#1748 = DIRECTION('',(0.,-1.,0.));
#1749 = ORIENTED_EDGE('',*,*,#1704,.T.);
#1750 = ORIENTED_EDGE('',*,*,#799,.T.);
#1751 = ORIENTED_EDGE('',*,*,#1752,.F.);
#1752 = EDGE_CURVE('',#1743,#800,#1753,.T.);
#1753 = LINE('',#1754,#1755);
#1754 = CARTESIAN_POINT('',(105.,15.,0.));
#1755 = VECTOR('',#1756,1.);
#1756 = DIRECTION('',(0.,0.,1.));
#1757 = PLANE('',#1758);
#1758 = AXIS2_PLACEMENT_3D('',#1759,#1760,#1761);
#1759 = CARTESIAN_POINT('',(105.,145.,0.));
#1760 = DIRECTION('',(1.,0.,0.));
#1761 = DIRECTION('',(0.,-1.,0.));
#1762 = ADVANCED_FACE('',(#1763),#1774,.F.);
#1763 = FACE_BOUND('',#1764,.F.);
#1764 = EDGE_LOOP('',(#1765,#1771,#1772,#1773));
#1765 = ORIENTED_EDGE('',*,*,#1766,.F.);
#1766 = EDGE_CURVE('',#1743,#1719,#1767,.T.);
#1767 = LINE('',#1768,#1769);
#1768 = CARTESIAN_POINT('',(83.75,15.,3.2));
#1769 = VECTOR('',#1770,1.);
#1770 = DIRECTION('',(-1.,0.,0.));
#1771 = ORIENTED_EDGE('',*,*,#1752,.T.);
#1772 = ORIENTED_EDGE('',*,*,#807,.T.);
#1773 = ORIENTED_EDGE('',*,*,#1726,.F.);
#1774 = PLANE('',#1775);
#1775 = AXIS2_PLACEMENT_3D('',#1776,#1777,#1778);
#1776 = CARTESIAN_POINT('',(105.,15.,0.));
#1777 = DIRECTION('',(0.,-1.,0.));
#1778 = DIRECTION('',(-1.,0.,0.));
#1779 = ADVANCED_FACE('',(#1780),#1799,.F.);
#1780 = FACE_BOUND('',#1781,.F.);
#1781 = EDGE_LOOP('',(#1782,#1790,#1797,#1798));
#1782 = ORIENTED_EDGE('',*,*,#1783,.T.);
#1783 = EDGE_CURVE('',#824,#1784,#1786,.T.);
#1784 = VERTEX_POINT('',#1785);
#1785 = CARTESIAN_POINT('',(13.25,146.6,9.));
#1786 = LINE('',#1787,#1788);
#1787 = CARTESIAN_POINT('',(13.25,146.6,10.));
#1788 = VECTOR('',#1789,1.);
#1789 = DIRECTION('',(-0.,-0.,-1.));
#1790 = ORIENTED_EDGE('',*,*,#1791,.T.);
#1791 = EDGE_CURVE('',#1784,#1784,#1792,.T.);
#1792 = CIRCLE('',#1793,5.25);
#1793 = AXIS2_PLACEMENT_3D('',#1794,#1795,#1796);
#1794 = CARTESIAN_POINT('',(8.,146.6,9.));
#1795 = DIRECTION('',(0.,0.,1.));
#1796 = DIRECTION('',(1.,0.,0.));
#1797 = ORIENTED_EDGE('',*,*,#1783,.F.);
#1798 = ORIENTED_EDGE('',*,*,#823,.F.);
#1799 = CYLINDRICAL_SURFACE('',#1800,5.25);
#1800 = AXIS2_PLACEMENT_3D('',#1801,#1802,#1803);
#1801 = CARTESIAN_POINT('',(8.,146.6,10.));
#1802 = DIRECTION('',(0.,0.,1.));
#1803 = DIRECTION('',(1.,0.,0.));
#1804 = ADVANCED_FACE('',(#1805),#1824,.F.);
#1805 = FACE_BOUND('',#1806,.F.);
#1806 = EDGE_LOOP('',(#1807,#1815,#1822,#1823));
#1807 = ORIENTED_EDGE('',*,*,#1808,.T.);
#1808 = EDGE_CURVE('',#835,#1809,#1811,.T.);
#1809 = VERTEX_POINT('',#1810);
#1810 = CARTESIAN_POINT('',(122.25,102.2,9.));
#1811 = LINE('',#1812,#1813);
#1812 = CARTESIAN_POINT('',(122.25,102.2,10.));
#1813 = VECTOR('',#1814,1.);
#1814 = DIRECTION('',(-0.,-0.,-1.));
#1815 = ORIENTED_EDGE('',*,*,#1816,.T.);
#1816 = EDGE_CURVE('',#1809,#1809,#1817,.T.);
#1817 = CIRCLE('',#1818,5.25);
#1818 = AXIS2_PLACEMENT_3D('',#1819,#1820,#1821);
#1819 = CARTESIAN_POINT('',(117.,102.2,9.));
#1820 = DIRECTION('',(0.,0.,1.));
#1821 = DIRECTION('',(1.,0.,0.));
#1822 = ORIENTED_EDGE('',*,*,#1808,.F.);
#1823 = ORIENTED_EDGE('',*,*,#834,.F.);
#1824 = CYLINDRICAL_SURFACE('',#1825,5.25);
#1825 = AXIS2_PLACEMENT_3D('',#1826,#1827,#1828);
#1826 = CARTESIAN_POINT('',(117.,102.2,10.));
#1827 = DIRECTION('',(0.,0.,1.));
#1828 = DIRECTION('',(1.,0.,0.));
#1829 = ADVANCED_FACE('',(#1830),#1849,.F.);
#1830 = FACE_BOUND('',#1831,.F.);
#1831 = EDGE_LOOP('',(#1832,#1840,#1847,#1848));
#1832 = ORIENTED_EDGE('',*,*,#1833,.T.);
#1833 = EDGE_CURVE('',#846,#1834,#1836,.T.);
#1834 = VERTEX_POINT('',#1835);
#1835 = CARTESIAN_POINT('',(122.25,146.6,9.));
#1836 = LINE('',#1837,#1838);
#1837 = CARTESIAN_POINT('',(122.25,146.6,10.));
#1838 = VECTOR('',#1839,1.);
#1839 = DIRECTION('',(-0.,-0.,-1.));
#1840 = ORIENTED_EDGE('',*,*,#1841,.T.);
#1841 = EDGE_CURVE('',#1834,#1834,#1842,.T.);
#1842 = CIRCLE('',#1843,5.25);
#1843 = AXIS2_PLACEMENT_3D('',#1844,#1845,#1846);
#1844 = CARTESIAN_POINT('',(117.,146.6,9.));
#1845 = DIRECTION('',(0.,0.,1.));
#1846 = DIRECTION('',(1.,0.,0.));
#1847 = ORIENTED_EDGE('',*,*,#1833,.F.);
#1848 = ORIENTED_EDGE('',*,*,#845,.F.);
#1849 = CYLINDRICAL_SURFACE('',#1850,5.25);
#1850 = AXIS2_PLACEMENT_3D('',#1851,#1852,#1853);
#1851 = CARTESIAN_POINT('',(117.,146.6,10.));
#1852 = DIRECTION('',(0.,0.,1.));
#1853 = DIRECTION('',(1.,0.,0.));
#1854 = ADVANCED_FACE('',(#1855,#1858),#1861,.T.);
#1855 = FACE_BOUND('',#1856,.T.);
#1856 = EDGE_LOOP('',(#1857));
#1857 = ORIENTED_EDGE('',*,*,#1791,.T.);
#1858 = FACE_BOUND('',#1859,.T.);
#1859 = EDGE_LOOP('',(#1860));
#1860 = ORIENTED_EDGE('',*,*,#862,.F.);
#1861 = PLANE('',#1862);
#1862 = AXIS2_PLACEMENT_3D('',#1863,#1864,#1865);
#1863 = CARTESIAN_POINT('',(62.5,80.,9.));
#1864 = DIRECTION('',(0.,0.,1.));
#1865 = DIRECTION('',(1.,0.,0.));
#1866 = ADVANCED_FACE('',(#1867),#1875,.F.);
#1867 = FACE_BOUND('',#1868,.F.);
#1868 = EDGE_LOOP('',(#1869,#1870,#1871,#1872,#1873,#1874));
#1869 = ORIENTED_EDGE('',*,*,#1151,.T.);
#1870 = ORIENTED_EDGE('',*,*,#1251,.T.);
#1871 = ORIENTED_EDGE('',*,*,#1216,.T.);
#1872 = ORIENTED_EDGE('',*,*,#1190,.F.);
#1873 = ORIENTED_EDGE('',*,*,#1166,.F.);
#1874 = ORIENTED_EDGE('',*,*,#924,.F.);
#1875 = PLANE('',#1876);
#1876 = AXIS2_PLACEMENT_3D('',#1877,#1878,#1879);
#1877 = CARTESIAN_POINT('',(14.,105.7,0.));
#1878 = DIRECTION('',(-1.,-0.,-0.));
#1879 = DIRECTION('',(0.,-1.,0.));
#1880 = ADVANCED_FACE('',(#1881),#1889,.T.);
#1881 = FACE_BOUND('',#1882,.T.);
#1882 = EDGE_LOOP('',(#1883,#1884,#1885,#1886,#1887,#1888));
#1883 = ORIENTED_EDGE('',*,*,#1358,.T.);
#1884 = ORIENTED_EDGE('',*,*,#1375,.T.);
#1885 = ORIENTED_EDGE('',*,*,#1323,.T.);
#1886 = ORIENTED_EDGE('',*,*,#1290,.F.);
#1887 = ORIENTED_EDGE('',*,*,#1266,.F.);
#1888 = ORIENTED_EDGE('',*,*,#917,.T.);
#1889 = PLANE('',#1890);
#1890 = AXIS2_PLACEMENT_3D('',#1891,#1892,#1893);
#1891 = CARTESIAN_POINT('',(14.,54.3,0.));
#1892 = DIRECTION('',(1.,0.,0.));
#1893 = DIRECTION('',(0.,1.,0.));
#1894 = ADVANCED_FACE('',(#1895),#1903,.T.);
#1895 = FACE_BOUND('',#1896,.T.);
#1896 = EDGE_LOOP('',(#1897,#1898,#1899,#1900,#1901,#1902));
#1897 = ORIENTED_EDGE('',*,*,#1482,.T.);
#1898 = ORIENTED_EDGE('',*,*,#1499,.T.);
#1899 = ORIENTED_EDGE('',*,*,#1447,.T.);
#1900 = ORIENTED_EDGE('',*,*,#1414,.F.);
#1901 = ORIENTED_EDGE('',*,*,#1390,.F.);
#1902 = ORIENTED_EDGE('',*,*,#910,.T.);
#1903 = PLANE('',#1904);
#1904 = AXIS2_PLACEMENT_3D('',#1905,#1906,#1907);
#1905 = CARTESIAN_POINT('',(14.,9.9,0.));
#1906 = DIRECTION('',(1.,0.,0.));
#1907 = DIRECTION('',(0.,1.,0.));
#1908 = ADVANCED_FACE('',(#1909,#1915),#1921,.F.);
#1909 = FACE_BOUND('',#1910,.F.);
#1910 = EDGE_LOOP('',(#1911,#1912,#1913,#1914));
#1911 = ORIENTED_EDGE('',*,*,#1515,.T.);
#1912 = ORIENTED_EDGE('',*,*,#1047,.T.);
#1913 = ORIENTED_EDGE('',*,*,#1126,.T.);
#1914 = ORIENTED_EDGE('',*,*,#895,.T.);
#1915 = FACE_BOUND('',#1916,.F.);
#1916 = EDGE_LOOP('',(#1917,#1918,#1919,#1920));
#1917 = ORIENTED_EDGE('',*,*,#1718,.T.);
#1918 = ORIENTED_EDGE('',*,*,#1687,.T.);
#1919 = ORIENTED_EDGE('',*,*,#1742,.T.);
#1920 = ORIENTED_EDGE('',*,*,#1766,.T.);
#1921 = PLANE('',#1922);
#1922 = AXIS2_PLACEMENT_3D('',#1923,#1924,#1925);
#1923 = CARTESIAN_POINT('',(62.5,80.,3.2));
#1924 = DIRECTION('',(0.,0.,1.));
#1925 = DIRECTION('',(1.,0.,0.));
#1926 = ADVANCED_FACE('',(#1927),#1961,.T.);
#1927 = FACE_BOUND('',#1928,.T.);
#1928 = EDGE_LOOP('',(#1929,#1930,#1938,#1946,#1954,#1960));
#1929 = ORIENTED_EDGE('',*,*,#1547,.T.);
#1930 = ORIENTED_EDGE('',*,*,#1931,.T.);
#1931 = EDGE_CURVE('',#1540,#1932,#1934,.T.);
#1932 = VERTEX_POINT('',#1933);
#1933 = CARTESIAN_POINT('',(125.,10.4,-3.));
#1934 = LINE('',#1935,#1936);
#1935 = CARTESIAN_POINT('',(125.,10.024186624737,-0.75263601593));
#1936 = VECTOR('',#1937,1.);
#1937 = DIRECTION('',(0.,0.164933883836,-0.986304625338));
#1938 = ORIENTED_EDGE('',*,*,#1939,.T.);
#1939 = EDGE_CURVE('',#1932,#1940,#1942,.T.);
#1940 = VERTEX_POINT('',#1941);
#1941 = CARTESIAN_POINT('',(125.,16.4,-3.));
#1942 = LINE('',#1943,#1944);
#1943 = CARTESIAN_POINT('',(125.,9.9,-3.));
#1944 = VECTOR('',#1945,1.);
#1945 = DIRECTION('',(0.,1.,0.));
#1946 = ORIENTED_EDGE('',*,*,#1947,.F.);
#1947 = EDGE_CURVE('',#1948,#1940,#1950,.T.);
#1948 = VERTEX_POINT('',#1949);
#1949 = CARTESIAN_POINT('',(125.,16.9,-9.999999999999E-03));
#1950 = LINE('',#1951,#1952);
#1951 = CARTESIAN_POINT('',(125.,16.680602224132,-1.321998699688));
#1952 = VECTOR('',#1953,1.);
#1953 = DIRECTION('',(0.,-0.164933883836,-0.986304625338));
#1954 = ORIENTED_EDGE('',*,*,#1955,.F.);
#1955 = EDGE_CURVE('',#986,#1948,#1956,.T.);
#1956 = LINE('',#1957,#1958);
#1957 = CARTESIAN_POINT('',(125.,16.9,0.));
#1958 = VECTOR('',#1959,1.);
#1959 = DIRECTION('',(0.,0.,-1.));
#1960 = ORIENTED_EDGE('',*,*,#993,.F.);
#1961 = PLANE('',#1962);
#1962 = AXIS2_PLACEMENT_3D('',#1963,#1964,#1965);
#1963 = CARTESIAN_POINT('',(125.,9.9,0.));
#1964 = DIRECTION('',(1.,0.,0.));
#1965 = DIRECTION('',(0.,1.,0.));
#1966 = ADVANCED_FACE('',(#1967),#1983,.F.);
#1967 = FACE_BOUND('',#1968,.F.);
#1968 = EDGE_LOOP('',(#1969,#1975,#1976,#1982));
#1969 = ORIENTED_EDGE('',*,*,#1970,.F.);
#1970 = EDGE_CURVE('',#986,#1103,#1971,.T.);
#1971 = LINE('',#1972,#1973);
#1972 = CARTESIAN_POINT('',(125.,16.9,0.));
#1973 = VECTOR('',#1974,1.);
#1974 = DIRECTION('',(-1.,0.,0.));
#1975 = ORIENTED_EDGE('',*,*,#985,.T.);
#1976 = ORIENTED_EDGE('',*,*,#1977,.F.);
#1977 = EDGE_CURVE('',#1095,#978,#1978,.T.);
#1978 = LINE('',#1979,#1980);
#1979 = CARTESIAN_POINT('',(111.,54.3,0.));
#1980 = VECTOR('',#1981,1.);
#1981 = DIRECTION('',(1.,0.,0.));
#1982 = ORIENTED_EDGE('',*,*,#1102,.F.);
#1983 = PLANE('',#1984);
#1984 = AXIS2_PLACEMENT_3D('',#1985,#1986,#1987);
#1985 = CARTESIAN_POINT('',(62.5,80.,0.));
#1986 = DIRECTION('',(0.,0.,1.));
#1987 = DIRECTION('',(1.,0.,0.));
#1988 = ADVANCED_FACE('',(#1989),#2030,.T.);
#1989 = FACE_BOUND('',#1990,.T.);
#1990 = EDGE_LOOP('',(#1991,#1999,#2007,#2015,#2023,#2029));
#1991 = ORIENTED_EDGE('',*,*,#1992,.T.);
#1992 = EDGE_CURVE('',#978,#1993,#1995,.T.);
#1993 = VERTEX_POINT('',#1994);
#1994 = CARTESIAN_POINT('',(125.,54.3,-1.E-02));
#1995 = LINE('',#1996,#1997);
#1996 = CARTESIAN_POINT('',(125.,54.3,0.));
#1997 = VECTOR('',#1998,1.);
#1998 = DIRECTION('',(0.,0.,-1.));
#1999 = ORIENTED_EDGE('',*,*,#2000,.T.);
#2000 = EDGE_CURVE('',#1993,#2001,#2003,.T.);
#2001 = VERTEX_POINT('',#2002);
#2002 = CARTESIAN_POINT('',(125.,54.8,-3.));
#2003 = LINE('',#2004,#2005);
#2004 = CARTESIAN_POINT('',(125.,54.424186624737,-0.75263601593));
#2005 = VECTOR('',#2006,1.);
#2006 = DIRECTION('',(0.,0.164933883836,-0.986304625338));
#2007 = ORIENTED_EDGE('',*,*,#2008,.T.);
#2008 = EDGE_CURVE('',#2001,#2009,#2011,.T.);
#2009 = VERTEX_POINT('',#2010);
#2010 = CARTESIAN_POINT('',(125.,60.8,-3.));
#2011 = LINE('',#2012,#2013);
#2012 = CARTESIAN_POINT('',(125.,54.3,-3.));
#2013 = VECTOR('',#2014,1.);
#2014 = DIRECTION('',(0.,1.,0.));
#2015 = ORIENTED_EDGE('',*,*,#2016,.F.);
#2016 = EDGE_CURVE('',#2017,#2009,#2019,.T.);
#2017 = VERTEX_POINT('',#2018);
#2018 = CARTESIAN_POINT('',(125.,61.3,-1.E-02));
#2019 = LINE('',#2020,#2021);
#2020 = CARTESIAN_POINT('',(125.,61.080602224132,-1.321998699688));
#2021 = VECTOR('',#2022,1.);
#2022 = DIRECTION('',(0.,-0.164933883836,-0.986304625338));
#2023 = ORIENTED_EDGE('',*,*,#2024,.F.);
#2024 = EDGE_CURVE('',#970,#2017,#2025,.T.);
#2025 = LINE('',#2026,#2027);
#2026 = CARTESIAN_POINT('',(125.,61.3,0.));
#2027 = VECTOR('',#2028,1.);
#2028 = DIRECTION('',(0.,0.,-1.));
#2029 = ORIENTED_EDGE('',*,*,#977,.F.);
#2030 = PLANE('',#2031);
#2031 = AXIS2_PLACEMENT_3D('',#2032,#2033,#2034);
#2032 = CARTESIAN_POINT('',(125.,54.3,0.));
#2033 = DIRECTION('',(1.,0.,0.));
#2034 = DIRECTION('',(0.,1.,0.));
#2035 = ADVANCED_FACE('',(#2036),#2052,.F.);
#2036 = FACE_BOUND('',#2037,.F.);
#2037 = EDGE_LOOP('',(#2038,#2044,#2045,#2051));
#2038 = ORIENTED_EDGE('',*,*,#2039,.F.);
#2039 = EDGE_CURVE('',#970,#1087,#2040,.T.);
#2040 = LINE('',#2041,#2042);
#2041 = CARTESIAN_POINT('',(125.,61.3,0.));
#2042 = VECTOR('',#2043,1.);
#2043 = DIRECTION('',(-1.,0.,0.));
#2044 = ORIENTED_EDGE('',*,*,#969,.T.);
#2045 = ORIENTED_EDGE('',*,*,#2046,.F.);
#2046 = EDGE_CURVE('',#1079,#962,#2047,.T.);
#2047 = LINE('',#2048,#2049);
#2048 = CARTESIAN_POINT('',(111.,98.7,0.));
#2049 = VECTOR('',#2050,1.);
#2050 = DIRECTION('',(1.,0.,0.));
#2051 = ORIENTED_EDGE('',*,*,#1086,.F.);
#2052 = PLANE('',#2053);
#2053 = AXIS2_PLACEMENT_3D('',#2054,#2055,#2056);
#2054 = CARTESIAN_POINT('',(62.5,80.,0.));
#2055 = DIRECTION('',(0.,0.,1.));
#2056 = DIRECTION('',(1.,0.,0.));
#2057 = ADVANCED_FACE('',(#2058),#2099,.T.);
#2058 = FACE_BOUND('',#2059,.T.);
#2059 = EDGE_LOOP('',(#2060,#2068,#2076,#2084,#2092,#2098));
#2060 = ORIENTED_EDGE('',*,*,#2061,.T.);
#2061 = EDGE_CURVE('',#962,#2062,#2064,.T.);
#2062 = VERTEX_POINT('',#2063);
#2063 = CARTESIAN_POINT('',(125.,98.7,-1.E-02));
#2064 = LINE('',#2065,#2066);
#2065 = CARTESIAN_POINT('',(125.,98.7,0.));
#2066 = VECTOR('',#2067,1.);
#2067 = DIRECTION('',(0.,0.,-1.));
#2068 = ORIENTED_EDGE('',*,*,#2069,.T.);
#2069 = EDGE_CURVE('',#2062,#2070,#2072,.T.);
#2070 = VERTEX_POINT('',#2071);
#2071 = CARTESIAN_POINT('',(125.,99.2,-3.));
#2072 = LINE('',#2073,#2074);
#2073 = CARTESIAN_POINT('',(125.,98.824186624737,-0.75263601593));
#2074 = VECTOR('',#2075,1.);
#2075 = DIRECTION('',(0.,0.164933883836,-0.986304625338));
#2076 = ORIENTED_EDGE('',*,*,#2077,.T.);
#2077 = EDGE_CURVE('',#2070,#2078,#2080,.T.);
#2078 = VERTEX_POINT('',#2079);
#2079 = CARTESIAN_POINT('',(125.,105.2,-3.));
#2080 = LINE('',#2081,#2082);
#2081 = CARTESIAN_POINT('',(125.,98.7,-3.));
#2082 = VECTOR('',#2083,1.);
#2083 = DIRECTION('',(0.,1.,0.));
#2084 = ORIENTED_EDGE('',*,*,#2085,.F.);
#2085 = EDGE_CURVE('',#2086,#2078,#2088,.T.);
#2086 = VERTEX_POINT('',#2087);
#2087 = CARTESIAN_POINT('',(125.,105.7,-1.E-02));
#2088 = LINE('',#2089,#2090);
#2089 = CARTESIAN_POINT('',(125.,105.48060222413,-1.321998699688));
#2090 = VECTOR('',#2091,1.);
#2091 = DIRECTION('',(0.,-0.164933883836,-0.986304625338));
#2092 = ORIENTED_EDGE('',*,*,#2093,.F.);
#2093 = EDGE_CURVE('',#954,#2086,#2094,.T.);
#2094 = LINE('',#2095,#2096);
#2095 = CARTESIAN_POINT('',(125.,105.7,0.));
#2096 = VECTOR('',#2097,1.);
#2097 = DIRECTION('',(0.,0.,-1.));
#2098 = ORIENTED_EDGE('',*,*,#961,.F.);
#2099 = PLANE('',#2100);
#2100 = AXIS2_PLACEMENT_3D('',#2101,#2102,#2103);
#2101 = CARTESIAN_POINT('',(125.,98.7,0.));
#2102 = DIRECTION('',(1.,0.,0.));
#2103 = DIRECTION('',(0.,1.,0.));
#2104 = ADVANCED_FACE('',(#2105),#2121,.F.);
#2105 = FACE_BOUND('',#2106,.F.);
#2106 = EDGE_LOOP('',(#2107,#2113,#2114,#2120));
#2107 = ORIENTED_EDGE('',*,*,#2108,.F.);
#2108 = EDGE_CURVE('',#954,#1071,#2109,.T.);
#2109 = LINE('',#2110,#2111);
#2110 = CARTESIAN_POINT('',(125.,105.7,0.));
#2111 = VECTOR('',#2112,1.);
#2112 = DIRECTION('',(-1.,0.,0.));
#2113 = ORIENTED_EDGE('',*,*,#953,.T.);
#2114 = ORIENTED_EDGE('',*,*,#2115,.F.);
#2115 = EDGE_CURVE('',#1063,#946,#2116,.T.);
#2116 = LINE('',#2117,#2118);
#2117 = CARTESIAN_POINT('',(111.,143.1,0.));
#2118 = VECTOR('',#2119,1.);
#2119 = DIRECTION('',(1.,0.,0.));
#2120 = ORIENTED_EDGE('',*,*,#1070,.F.);
#2121 = PLANE('',#2122);
#2122 = AXIS2_PLACEMENT_3D('',#2123,#2124,#2125);
#2123 = CARTESIAN_POINT('',(62.5,80.,0.));
#2124 = DIRECTION('',(0.,0.,1.));
#2125 = DIRECTION('',(1.,0.,0.));
#2126 = ADVANCED_FACE('',(#2127),#2161,.T.);
#2127 = FACE_BOUND('',#2128,.T.);
#2128 = EDGE_LOOP('',(#2129,#2137,#2145,#2153,#2159,#2160));
#2129 = ORIENTED_EDGE('',*,*,#2130,.T.);
#2130 = EDGE_CURVE('',#946,#2131,#2133,.T.);
#2131 = VERTEX_POINT('',#2132);
#2132 = CARTESIAN_POINT('',(125.,143.1,-1.E-02));
#2133 = LINE('',#2134,#2135);
#2134 = CARTESIAN_POINT('',(125.,143.1,0.));
#2135 = VECTOR('',#2136,1.);
#2136 = DIRECTION('',(0.,0.,-1.));
#2137 = ORIENTED_EDGE('',*,*,#2138,.T.);
#2138 = EDGE_CURVE('',#2131,#2139,#2141,.T.);
#2139 = VERTEX_POINT('',#2140);
#2140 = CARTESIAN_POINT('',(125.,143.6,-3.));
#2141 = LINE('',#2142,#2143);
#2142 = CARTESIAN_POINT('',(125.,143.22418662473,-0.75263601593));
#2143 = VECTOR('',#2144,1.);
#2144 = DIRECTION('',(0.,0.164933883836,-0.986304625338));
#2145 = ORIENTED_EDGE('',*,*,#2146,.T.);
#2146 = EDGE_CURVE('',#2139,#2147,#2149,.T.);
#2147 = VERTEX_POINT('',#2148);
#2148 = CARTESIAN_POINT('',(125.,149.6,-3.));
#2149 = LINE('',#2150,#2151);
#2150 = CARTESIAN_POINT('',(125.,143.1,-3.));
#2151 = VECTOR('',#2152,1.);
#2152 = DIRECTION('',(0.,1.,0.));
#2153 = ORIENTED_EDGE('',*,*,#2154,.F.);
#2154 = EDGE_CURVE('',#1009,#2147,#2155,.T.);
#2155 = LINE('',#2156,#2157);
#2156 = CARTESIAN_POINT('',(125.,149.88060222413,-1.321998699688));
#2157 = VECTOR('',#2158,1.);
#2158 = DIRECTION('',(0.,-0.164933883836,-0.986304625338));
#2159 = ORIENTED_EDGE('',*,*,#1008,.F.);
#2160 = ORIENTED_EDGE('',*,*,#945,.F.);
#2161 = PLANE('',#2162);
#2162 = AXIS2_PLACEMENT_3D('',#2163,#2164,#2165);
#2163 = CARTESIAN_POINT('',(125.,143.1,0.));
#2164 = DIRECTION('',(1.,0.,0.));
#2165 = DIRECTION('',(0.,1.,0.));
#2166 = ADVANCED_FACE('',(#2167),#2185,.F.);
#2167 = FACE_BOUND('',#2168,.F.);
#2168 = EDGE_LOOP('',(#2169,#2170,#2171,#2179));
#2169 = ORIENTED_EDGE('',*,*,#2154,.F.);
#2170 = ORIENTED_EDGE('',*,*,#1016,.T.);
#2171 = ORIENTED_EDGE('',*,*,#2172,.T.);
#2172 = EDGE_CURVE('',#1017,#2173,#2175,.T.);
#2173 = VERTEX_POINT('',#2174);
#2174 = CARTESIAN_POINT('',(111.,149.6,-3.));
#2175 = LINE('',#2176,#2177);
#2176 = CARTESIAN_POINT('',(111.,149.97581337526,-0.75263601593));
#2177 = VECTOR('',#2178,1.);
#2178 = DIRECTION('',(0.,-0.164933883836,-0.986304625338));
#2179 = ORIENTED_EDGE('',*,*,#2180,.F.);
#2180 = EDGE_CURVE('',#2147,#2173,#2181,.T.);
#2181 = LINE('',#2182,#2183);
#2182 = CARTESIAN_POINT('',(125.,149.6,-3.));
#2183 = VECTOR('',#2184,1.);
#2184 = DIRECTION('',(-1.,0.,0.));
#2185 = PLANE('',#2186);
#2186 = AXIS2_PLACEMENT_3D('',#2187,#2188,#2189);
#2187 = CARTESIAN_POINT('',(125.,149.85,-1.505));
#2188 = DIRECTION('',(-7.250732432324E-18,-0.986304625338,0.164933883836
    ));
#2189 = DIRECTION('',(-1.,7.151430935089E-18,-1.195891460717E-18));
#2190 = ADVANCED_FACE('',(#2191),#2218,.T.);
#2191 = FACE_BOUND('',#2192,.T.);
#2192 = EDGE_LOOP('',(#2193,#2194,#2195,#2203,#2211,#2217));
#2193 = ORIENTED_EDGE('',*,*,#1024,.T.);
#2194 = ORIENTED_EDGE('',*,*,#2172,.T.);
#2195 = ORIENTED_EDGE('',*,*,#2196,.T.);
#2196 = EDGE_CURVE('',#2173,#2197,#2199,.T.);
#2197 = VERTEX_POINT('',#2198);
#2198 = CARTESIAN_POINT('',(111.,143.6,-3.));
#2199 = LINE('',#2200,#2201);
#2200 = CARTESIAN_POINT('',(111.,150.1,-3.));
#2201 = VECTOR('',#2202,1.);
#2202 = DIRECTION('',(0.,-1.,0.));
#2203 = ORIENTED_EDGE('',*,*,#2204,.F.);
#2204 = EDGE_CURVE('',#2205,#2197,#2207,.T.);
#2205 = VERTEX_POINT('',#2206);
#2206 = CARTESIAN_POINT('',(111.,143.1,-1.E-02));
#2207 = LINE('',#2208,#2209);
#2208 = CARTESIAN_POINT('',(111.,143.31939777586,-1.321998699688));
#2209 = VECTOR('',#2210,1.);
#2210 = DIRECTION('',(0.,0.164933883836,-0.986304625338));
#2211 = ORIENTED_EDGE('',*,*,#2212,.F.);
#2212 = EDGE_CURVE('',#1063,#2205,#2213,.T.);
#2213 = LINE('',#2214,#2215);
#2214 = CARTESIAN_POINT('',(111.,143.1,0.));
#2215 = VECTOR('',#2216,1.);
#2216 = DIRECTION('',(0.,0.,-1.));
#2217 = ORIENTED_EDGE('',*,*,#1062,.T.);
#2218 = PLANE('',#2219);
#2219 = AXIS2_PLACEMENT_3D('',#2220,#2221,#2222);
#2220 = CARTESIAN_POINT('',(111.,150.1,0.));
#2221 = DIRECTION('',(-1.,-0.,-0.));
#2222 = DIRECTION('',(0.,-1.,0.));
#2223 = ADVANCED_FACE('',(#2224),#2258,.T.);
#2224 = FACE_BOUND('',#2225,.T.);
#2225 = EDGE_LOOP('',(#2226,#2234,#2242,#2250,#2256,#2257));
#2226 = ORIENTED_EDGE('',*,*,#2227,.T.);
#2227 = EDGE_CURVE('',#1103,#2228,#2230,.T.);
#2228 = VERTEX_POINT('',#2229);
#2229 = CARTESIAN_POINT('',(111.,16.9,-9.999999999999E-03));
#2230 = LINE('',#2231,#2232);
#2231 = CARTESIAN_POINT('',(111.,16.9,0.));
#2232 = VECTOR('',#2233,1.);
#2233 = DIRECTION('',(0.,0.,-1.));
#2234 = ORIENTED_EDGE('',*,*,#2235,.T.);
#2235 = EDGE_CURVE('',#2228,#2236,#2238,.T.);
#2236 = VERTEX_POINT('',#2237);
#2237 = CARTESIAN_POINT('',(111.,16.4,-3.));
#2238 = LINE('',#2239,#2240);
#2239 = CARTESIAN_POINT('',(111.,16.775813375263,-0.75263601593));
#2240 = VECTOR('',#2241,1.);
#2241 = DIRECTION('',(0.,-0.164933883836,-0.986304625338));
#2242 = ORIENTED_EDGE('',*,*,#2243,.T.);
#2243 = EDGE_CURVE('',#2236,#2244,#2246,.T.);
#2244 = VERTEX_POINT('',#2245);
#2245 = CARTESIAN_POINT('',(111.,10.4,-3.));
#2246 = LINE('',#2247,#2248);
#2247 = CARTESIAN_POINT('',(111.,16.9,-3.));
#2248 = VECTOR('',#2249,1.);
#2249 = DIRECTION('',(0.,-1.,0.));
#2250 = ORIENTED_EDGE('',*,*,#2251,.F.);
#2251 = EDGE_CURVE('',#1532,#2244,#2252,.T.);
#2252 = LINE('',#2253,#2254);
#2253 = CARTESIAN_POINT('',(111.,10.119397775868,-1.321998699688));
#2254 = VECTOR('',#2255,1.);
#2255 = DIRECTION('',(0.,0.164933883836,-0.986304625338));
#2256 = ORIENTED_EDGE('',*,*,#1531,.F.);
#2257 = ORIENTED_EDGE('',*,*,#1110,.T.);
#2258 = PLANE('',#2259);
#2259 = AXIS2_PLACEMENT_3D('',#2260,#2261,#2262);
#2260 = CARTESIAN_POINT('',(111.,16.9,0.));
#2261 = DIRECTION('',(-1.,-0.,-0.));
#2262 = DIRECTION('',(0.,-1.,0.));
#2263 = ADVANCED_FACE('',(#2264),#2305,.T.);
#2264 = FACE_BOUND('',#2265,.T.);
#2265 = EDGE_LOOP('',(#2266,#2274,#2282,#2290,#2298,#2304));
#2266 = ORIENTED_EDGE('',*,*,#2267,.T.);
#2267 = EDGE_CURVE('',#1087,#2268,#2270,.T.);
#2268 = VERTEX_POINT('',#2269);
#2269 = CARTESIAN_POINT('',(111.,61.3,-1.E-02));
#2270 = LINE('',#2271,#2272);
#2271 = CARTESIAN_POINT('',(111.,61.3,0.));
#2272 = VECTOR('',#2273,1.);
#2273 = DIRECTION('',(0.,0.,-1.));
#2274 = ORIENTED_EDGE('',*,*,#2275,.T.);
#2275 = EDGE_CURVE('',#2268,#2276,#2278,.T.);
#2276 = VERTEX_POINT('',#2277);
#2277 = CARTESIAN_POINT('',(111.,60.8,-3.));
#2278 = LINE('',#2279,#2280);
#2279 = CARTESIAN_POINT('',(111.,61.175813375263,-0.75263601593));
#2280 = VECTOR('',#2281,1.);
#2281 = DIRECTION('',(0.,-0.164933883836,-0.986304625338));
#2282 = ORIENTED_EDGE('',*,*,#2283,.T.);
#2283 = EDGE_CURVE('',#2276,#2284,#2286,.T.);
#2284 = VERTEX_POINT('',#2285);
#2285 = CARTESIAN_POINT('',(111.,54.8,-3.));
#2286 = LINE('',#2287,#2288);
#2287 = CARTESIAN_POINT('',(111.,61.3,-3.));
#2288 = VECTOR('',#2289,1.);
#2289 = DIRECTION('',(0.,-1.,0.));
#2290 = ORIENTED_EDGE('',*,*,#2291,.F.);
#2291 = EDGE_CURVE('',#2292,#2284,#2294,.T.);
#2292 = VERTEX_POINT('',#2293);
#2293 = CARTESIAN_POINT('',(111.,54.3,-1.E-02));
#2294 = LINE('',#2295,#2296);
#2295 = CARTESIAN_POINT('',(111.,54.519397775868,-1.321998699688));
#2296 = VECTOR('',#2297,1.);
#2297 = DIRECTION('',(0.,0.164933883836,-0.986304625338));
#2298 = ORIENTED_EDGE('',*,*,#2299,.F.);
#2299 = EDGE_CURVE('',#1095,#2292,#2300,.T.);
#2300 = LINE('',#2301,#2302);
#2301 = CARTESIAN_POINT('',(111.,54.3,0.));
#2302 = VECTOR('',#2303,1.);
#2303 = DIRECTION('',(0.,0.,-1.));
#2304 = ORIENTED_EDGE('',*,*,#1094,.T.);
#2305 = PLANE('',#2306);
#2306 = AXIS2_PLACEMENT_3D('',#2307,#2308,#2309);
#2307 = CARTESIAN_POINT('',(111.,61.3,0.));
#2308 = DIRECTION('',(-1.,-0.,-0.));
#2309 = DIRECTION('',(0.,-1.,0.));
#2310 = ADVANCED_FACE('',(#2311),#2352,.T.);
#2311 = FACE_BOUND('',#2312,.T.);
#2312 = EDGE_LOOP('',(#2313,#2321,#2329,#2337,#2345,#2351));
#2313 = ORIENTED_EDGE('',*,*,#2314,.T.);
#2314 = EDGE_CURVE('',#1071,#2315,#2317,.T.);
#2315 = VERTEX_POINT('',#2316);
#2316 = CARTESIAN_POINT('',(111.,105.7,-1.E-02));
#2317 = LINE('',#2318,#2319);
#2318 = CARTESIAN_POINT('',(111.,105.7,0.));
#2319 = VECTOR('',#2320,1.);
#2320 = DIRECTION('',(0.,0.,-1.));
#2321 = ORIENTED_EDGE('',*,*,#2322,.T.);
#2322 = EDGE_CURVE('',#2315,#2323,#2325,.T.);
#2323 = VERTEX_POINT('',#2324);
#2324 = CARTESIAN_POINT('',(111.,105.2,-3.));
#2325 = LINE('',#2326,#2327);
#2326 = CARTESIAN_POINT('',(111.,105.57581337526,-0.75263601593));
#2327 = VECTOR('',#2328,1.);
#2328 = DIRECTION('',(0.,-0.164933883836,-0.986304625338));
#2329 = ORIENTED_EDGE('',*,*,#2330,.T.);
#2330 = EDGE_CURVE('',#2323,#2331,#2333,.T.);
#2331 = VERTEX_POINT('',#2332);
#2332 = CARTESIAN_POINT('',(111.,99.2,-3.));
#2333 = LINE('',#2334,#2335);
#2334 = CARTESIAN_POINT('',(111.,105.7,-3.));
#2335 = VECTOR('',#2336,1.);
#2336 = DIRECTION('',(0.,-1.,0.));
#2337 = ORIENTED_EDGE('',*,*,#2338,.F.);
#2338 = EDGE_CURVE('',#2339,#2331,#2341,.T.);
#2339 = VERTEX_POINT('',#2340);
#2340 = CARTESIAN_POINT('',(111.,98.7,-1.E-02));
#2341 = LINE('',#2342,#2343);
#2342 = CARTESIAN_POINT('',(111.,98.919397775868,-1.321998699688));
#2343 = VECTOR('',#2344,1.);
#2344 = DIRECTION('',(0.,0.164933883836,-0.986304625338));
#2345 = ORIENTED_EDGE('',*,*,#2346,.F.);
#2346 = EDGE_CURVE('',#1079,#2339,#2347,.T.);
#2347 = LINE('',#2348,#2349);
#2348 = CARTESIAN_POINT('',(111.,98.7,0.));
#2349 = VECTOR('',#2350,1.);
#2350 = DIRECTION('',(0.,0.,-1.));
#2351 = ORIENTED_EDGE('',*,*,#1078,.T.);
#2352 = PLANE('',#2353);
#2353 = AXIS2_PLACEMENT_3D('',#2354,#2355,#2356);
#2354 = CARTESIAN_POINT('',(111.,105.7,0.));
#2355 = DIRECTION('',(-1.,-0.,-0.));
#2356 = DIRECTION('',(0.,-1.,0.));
#2357 = ADVANCED_FACE('',(#2358),#2377,.F.);
#2358 = FACE_BOUND('',#2359,.F.);
#2359 = EDGE_LOOP('',(#2360,#2369,#2375,#2376));
#2360 = ORIENTED_EDGE('',*,*,#2361,.F.);
#2361 = EDGE_CURVE('',#2362,#2362,#2364,.T.);
#2362 = VERTEX_POINT('',#2363);
#2363 = CARTESIAN_POINT('',(10.75,102.2,9.));
#2364 = CIRCLE('',#2365,2.75);
#2365 = AXIS2_PLACEMENT_3D('',#2366,#2367,#2368);
#2366 = CARTESIAN_POINT('',(8.,102.2,9.));
#2367 = DIRECTION('',(0.,0.,1.));
#2368 = DIRECTION('',(1.,0.,0.));
#2369 = ORIENTED_EDGE('',*,*,#2370,.T.);
#2370 = EDGE_CURVE('',#2362,#1233,#2371,.T.);
#2371 = LINE('',#2372,#2373);
#2372 = CARTESIAN_POINT('',(10.75,102.2,10.));
#2373 = VECTOR('',#2374,1.);
#2374 = DIRECTION('',(-0.,-0.,-1.));
#2375 = ORIENTED_EDGE('',*,*,#1232,.T.);
#2376 = ORIENTED_EDGE('',*,*,#2370,.F.);
#2377 = CYLINDRICAL_SURFACE('',#2378,2.75);
#2378 = AXIS2_PLACEMENT_3D('',#2379,#2380,#2381);
#2379 = CARTESIAN_POINT('',(8.,102.2,10.));
#2380 = DIRECTION('',(0.,0.,1.));
#2381 = DIRECTION('',(1.,0.,0.));
#2382 = ADVANCED_FACE('',(#2383),#2402,.F.);
#2383 = FACE_BOUND('',#2384,.F.);
#2384 = EDGE_LOOP('',(#2385,#2394,#2400,#2401));
#2385 = ORIENTED_EDGE('',*,*,#2386,.F.);
#2386 = EDGE_CURVE('',#2387,#2387,#2389,.T.);
#2387 = VERTEX_POINT('',#2388);
#2388 = CARTESIAN_POINT('',(10.75,57.8,9.));
#2389 = CIRCLE('',#2390,2.75);
#2390 = AXIS2_PLACEMENT_3D('',#2391,#2392,#2393);
#2391 = CARTESIAN_POINT('',(8.,57.8,9.));
#2392 = DIRECTION('',(0.,0.,1.));
#2393 = DIRECTION('',(1.,0.,0.));
#2394 = ORIENTED_EDGE('',*,*,#2395,.T.);
#2395 = EDGE_CURVE('',#2387,#1333,#2396,.T.);
#2396 = LINE('',#2397,#2398);
#2397 = CARTESIAN_POINT('',(10.75,57.8,10.));
#2398 = VECTOR('',#2399,1.);
#2399 = DIRECTION('',(-0.,-0.,-1.));
#2400 = ORIENTED_EDGE('',*,*,#1332,.T.);
#2401 = ORIENTED_EDGE('',*,*,#2395,.F.);
#2402 = CYLINDRICAL_SURFACE('',#2403,2.75);
#2403 = AXIS2_PLACEMENT_3D('',#2404,#2405,#2406);
#2404 = CARTESIAN_POINT('',(8.,57.8,10.));
#2405 = DIRECTION('',(0.,0.,1.));
#2406 = DIRECTION('',(1.,0.,0.));
#2407 = ADVANCED_FACE('',(#2408),#2427,.F.);
#2408 = FACE_BOUND('',#2409,.F.);
#2409 = EDGE_LOOP('',(#2410,#2419,#2425,#2426));
#2410 = ORIENTED_EDGE('',*,*,#2411,.F.);
#2411 = EDGE_CURVE('',#2412,#2412,#2414,.T.);
#2412 = VERTEX_POINT('',#2413);
#2413 = CARTESIAN_POINT('',(10.75,13.4,9.));
#2414 = CIRCLE('',#2415,2.75);
#2415 = AXIS2_PLACEMENT_3D('',#2416,#2417,#2418);
#2416 = CARTESIAN_POINT('',(8.,13.4,9.));
#2417 = DIRECTION('',(0.,0.,1.));
#2418 = DIRECTION('',(1.,0.,0.));
#2419 = ORIENTED_EDGE('',*,*,#2420,.T.);
#2420 = EDGE_CURVE('',#2412,#1457,#2421,.T.);
#2421 = LINE('',#2422,#2423);
#2422 = CARTESIAN_POINT('',(10.75,13.4,10.));
#2423 = VECTOR('',#2424,1.);
#2424 = DIRECTION('',(-0.,-0.,-1.));
#2425 = ORIENTED_EDGE('',*,*,#1456,.T.);
#2426 = ORIENTED_EDGE('',*,*,#2420,.F.);
#2427 = CYLINDRICAL_SURFACE('',#2428,2.75);
#2428 = AXIS2_PLACEMENT_3D('',#2429,#2430,#2431);
#2429 = CARTESIAN_POINT('',(8.,13.4,10.));
#2430 = DIRECTION('',(0.,0.,1.));
#2431 = DIRECTION('',(1.,0.,0.));
#2432 = ADVANCED_FACE('',(#2433),#2444,.F.);
#2433 = FACE_BOUND('',#2434,.F.);
#2434 = EDGE_LOOP('',(#2435,#2436,#2437,#2438));
#2435 = ORIENTED_EDGE('',*,*,#2251,.F.);
#2436 = ORIENTED_EDGE('',*,*,#1539,.T.);
#2437 = ORIENTED_EDGE('',*,*,#1931,.T.);
#2438 = ORIENTED_EDGE('',*,*,#2439,.F.);
#2439 = EDGE_CURVE('',#2244,#1932,#2440,.T.);
#2440 = LINE('',#2441,#2442);
#2441 = CARTESIAN_POINT('',(111.,10.4,-3.));
#2442 = VECTOR('',#2443,1.);
#2443 = DIRECTION('',(1.,0.,0.));
#2444 = PLANE('',#2445);
#2445 = AXIS2_PLACEMENT_3D('',#2446,#2447,#2448);
#2446 = CARTESIAN_POINT('',(111.,10.15,-1.505));
#2447 = DIRECTION('',(7.250732432324E-18,0.986304625338,0.164933883836)
  );
#2448 = DIRECTION('',(1.,-7.151430935089E-18,-1.195891460717E-18));
#2449 = ADVANCED_FACE('',(#2450,#2453),#2456,.T.);
#2450 = FACE_BOUND('',#2451,.T.);
#2451 = EDGE_LOOP('',(#2452));
#2452 = ORIENTED_EDGE('',*,*,#1570,.T.);
#2453 = FACE_BOUND('',#2454,.T.);
#2454 = EDGE_LOOP('',(#2455));
#2455 = ORIENTED_EDGE('',*,*,#2411,.F.);
#2456 = PLANE('',#2457);
#2457 = AXIS2_PLACEMENT_3D('',#2458,#2459,#2460);
#2458 = CARTESIAN_POINT('',(62.5,80.,9.));
#2459 = DIRECTION('',(0.,0.,1.));
#2460 = DIRECTION('',(1.,0.,0.));
#2461 = ADVANCED_FACE('',(#2462,#2465),#2468,.T.);
#2462 = FACE_BOUND('',#2463,.T.);
#2463 = EDGE_LOOP('',(#2464));
#2464 = ORIENTED_EDGE('',*,*,#1595,.T.);
#2465 = FACE_BOUND('',#2466,.T.);
#2466 = EDGE_LOOP('',(#2467));
#2467 = ORIENTED_EDGE('',*,*,#2386,.F.);
#2468 = PLANE('',#2469);
#2469 = AXIS2_PLACEMENT_3D('',#2470,#2471,#2472);
#2470 = CARTESIAN_POINT('',(62.5,80.,9.));
#2471 = DIRECTION('',(0.,0.,1.));
#2472 = DIRECTION('',(1.,0.,0.));
#2473 = ADVANCED_FACE('',(#2474,#2477),#2488,.T.);
#2474 = FACE_BOUND('',#2475,.T.);
#2475 = EDGE_LOOP('',(#2476));
#2476 = ORIENTED_EDGE('',*,*,#1620,.T.);
#2477 = FACE_BOUND('',#2478,.T.);
#2478 = EDGE_LOOP('',(#2479));
#2479 = ORIENTED_EDGE('',*,*,#2480,.F.);
#2480 = EDGE_CURVE('',#2481,#2481,#2483,.T.);
#2481 = VERTEX_POINT('',#2482);
#2482 = CARTESIAN_POINT('',(119.75,13.4,9.));
#2483 = CIRCLE('',#2484,2.75);
#2484 = AXIS2_PLACEMENT_3D('',#2485,#2486,#2487);
#2485 = CARTESIAN_POINT('',(117.,13.4,9.));
#2486 = DIRECTION('',(0.,0.,1.));
#2487 = DIRECTION('',(1.,0.,0.));
#2488 = PLANE('',#2489);
#2489 = AXIS2_PLACEMENT_3D('',#2490,#2491,#2492);
#2490 = CARTESIAN_POINT('',(62.5,80.,9.));
#2491 = DIRECTION('',(0.,0.,1.));
#2492 = DIRECTION('',(1.,0.,0.));
#2493 = ADVANCED_FACE('',(#2494,#2497),#2508,.T.);
#2494 = FACE_BOUND('',#2495,.T.);
#2495 = EDGE_LOOP('',(#2496));
#2496 = ORIENTED_EDGE('',*,*,#1645,.T.);
#2497 = FACE_BOUND('',#2498,.T.);
#2498 = EDGE_LOOP('',(#2499));
#2499 = ORIENTED_EDGE('',*,*,#2500,.F.);
#2500 = EDGE_CURVE('',#2501,#2501,#2503,.T.);
#2501 = VERTEX_POINT('',#2502);
#2502 = CARTESIAN_POINT('',(119.75,57.8,9.));
#2503 = CIRCLE('',#2504,2.75);
#2504 = AXIS2_PLACEMENT_3D('',#2505,#2506,#2507);
#2505 = CARTESIAN_POINT('',(117.,57.8,9.));
#2506 = DIRECTION('',(0.,0.,1.));
#2507 = DIRECTION('',(1.,0.,0.));
#2508 = PLANE('',#2509);
#2509 = AXIS2_PLACEMENT_3D('',#2510,#2511,#2512);
#2510 = CARTESIAN_POINT('',(62.5,80.,9.));
#2511 = DIRECTION('',(0.,0.,1.));
#2512 = DIRECTION('',(1.,0.,0.));
#2513 = ADVANCED_FACE('',(#2514,#2517),#2520,.T.);
#2514 = FACE_BOUND('',#2515,.T.);
#2515 = EDGE_LOOP('',(#2516));
#2516 = ORIENTED_EDGE('',*,*,#1670,.T.);
#2517 = FACE_BOUND('',#2518,.T.);
#2518 = EDGE_LOOP('',(#2519));
#2519 = ORIENTED_EDGE('',*,*,#2361,.F.);
#2520 = PLANE('',#2521);
#2521 = AXIS2_PLACEMENT_3D('',#2522,#2523,#2524);
#2522 = CARTESIAN_POINT('',(62.5,80.,9.));
#2523 = DIRECTION('',(0.,0.,1.));
#2524 = DIRECTION('',(1.,0.,0.));
#2525 = ADVANCED_FACE('',(#2526,#2529),#2540,.T.);
#2526 = FACE_BOUND('',#2527,.T.);
#2527 = EDGE_LOOP('',(#2528));
#2528 = ORIENTED_EDGE('',*,*,#1816,.T.);
#2529 = FACE_BOUND('',#2530,.T.);
#2530 = EDGE_LOOP('',(#2531));
#2531 = ORIENTED_EDGE('',*,*,#2532,.F.);
#2532 = EDGE_CURVE('',#2533,#2533,#2535,.T.);
#2533 = VERTEX_POINT('',#2534);
#2534 = CARTESIAN_POINT('',(119.75,102.2,9.));
#2535 = CIRCLE('',#2536,2.75);
#2536 = AXIS2_PLACEMENT_3D('',#2537,#2538,#2539);
#2537 = CARTESIAN_POINT('',(117.,102.2,9.));
#2538 = DIRECTION('',(0.,0.,1.));
#2539 = DIRECTION('',(1.,0.,0.));
#2540 = PLANE('',#2541);
#2541 = AXIS2_PLACEMENT_3D('',#2542,#2543,#2544);
#2542 = CARTESIAN_POINT('',(62.5,80.,9.));
#2543 = DIRECTION('',(0.,0.,1.));
#2544 = DIRECTION('',(1.,0.,0.));
#2545 = ADVANCED_FACE('',(#2546,#2549),#2560,.T.);
#2546 = FACE_BOUND('',#2547,.T.);
#2547 = EDGE_LOOP('',(#2548));
#2548 = ORIENTED_EDGE('',*,*,#1841,.T.);
#2549 = FACE_BOUND('',#2550,.T.);
#2550 = EDGE_LOOP('',(#2551));
#2551 = ORIENTED_EDGE('',*,*,#2552,.F.);
#2552 = EDGE_CURVE('',#2553,#2553,#2555,.T.);
#2553 = VERTEX_POINT('',#2554);
#2554 = CARTESIAN_POINT('',(119.75,146.6,9.));
#2555 = CIRCLE('',#2556,2.75);
#2556 = AXIS2_PLACEMENT_3D('',#2557,#2558,#2559);
#2557 = CARTESIAN_POINT('',(117.,146.6,9.));
#2558 = DIRECTION('',(0.,0.,1.));
#2559 = DIRECTION('',(1.,0.,0.));
#2560 = PLANE('',#2561);
#2561 = AXIS2_PLACEMENT_3D('',#2562,#2563,#2564);
#2562 = CARTESIAN_POINT('',(62.5,80.,9.));
#2563 = DIRECTION('',(0.,0.,1.));
#2564 = DIRECTION('',(1.,0.,0.));
#2565 = ADVANCED_FACE('',(#2566,#2577),#2588,.F.);
#2566 = FACE_BOUND('',#2567,.F.);
#2567 = EDGE_LOOP('',(#2568,#2569,#2570,#2571));
#2568 = ORIENTED_EDGE('',*,*,#2243,.T.);
#2569 = ORIENTED_EDGE('',*,*,#2439,.T.);
#2570 = ORIENTED_EDGE('',*,*,#1939,.T.);
#2571 = ORIENTED_EDGE('',*,*,#2572,.T.);
#2572 = EDGE_CURVE('',#1940,#2236,#2573,.T.);
#2573 = LINE('',#2574,#2575);
#2574 = CARTESIAN_POINT('',(125.,16.4,-3.));
#2575 = VECTOR('',#2576,1.);
#2576 = DIRECTION('',(-1.,0.,0.));
#2577 = FACE_BOUND('',#2578,.F.);
#2578 = EDGE_LOOP('',(#2579));
#2579 = ORIENTED_EDGE('',*,*,#2580,.F.);
#2580 = EDGE_CURVE('',#2581,#2581,#2583,.T.);
#2581 = VERTEX_POINT('',#2582);
#2582 = CARTESIAN_POINT('',(119.75,13.4,-3.));
#2583 = CIRCLE('',#2584,2.75);
#2584 = AXIS2_PLACEMENT_3D('',#2585,#2586,#2587);
#2585 = CARTESIAN_POINT('',(117.,13.4,-3.));
#2586 = DIRECTION('',(0.,0.,1.));
#2587 = DIRECTION('',(1.,0.,0.));
#2588 = PLANE('',#2589);
#2589 = AXIS2_PLACEMENT_3D('',#2590,#2591,#2592);
#2590 = CARTESIAN_POINT('',(62.5,80.,-3.));
#2591 = DIRECTION('',(0.,0.,1.));
#2592 = DIRECTION('',(1.,0.,0.));
#2593 = ADVANCED_FACE('',(#2594),#2605,.T.);
#2594 = FACE_BOUND('',#2595,.T.);
#2595 = EDGE_LOOP('',(#2596,#2597,#2603,#2604));
#2596 = ORIENTED_EDGE('',*,*,#1955,.T.);
#2597 = ORIENTED_EDGE('',*,*,#2598,.T.);
#2598 = EDGE_CURVE('',#1948,#2228,#2599,.T.);
#2599 = LINE('',#2600,#2601);
#2600 = CARTESIAN_POINT('',(125.,16.9,-1.E-02));
#2601 = VECTOR('',#2602,1.);
#2602 = DIRECTION('',(-1.,0.,0.));
#2603 = ORIENTED_EDGE('',*,*,#2227,.F.);
#2604 = ORIENTED_EDGE('',*,*,#1970,.F.);
#2605 = PLANE('',#2606);
#2606 = AXIS2_PLACEMENT_3D('',#2607,#2608,#2609);
#2607 = CARTESIAN_POINT('',(125.,16.9,0.));
#2608 = DIRECTION('',(0.,1.,0.));
#2609 = DIRECTION('',(-1.,0.,0.));
#2610 = ADVANCED_FACE('',(#2611),#2617,.F.);
#2611 = FACE_BOUND('',#2612,.F.);
#2612 = EDGE_LOOP('',(#2613,#2614,#2615,#2616));
#2613 = ORIENTED_EDGE('',*,*,#1947,.F.);
#2614 = ORIENTED_EDGE('',*,*,#2598,.T.);
#2615 = ORIENTED_EDGE('',*,*,#2235,.T.);
#2616 = ORIENTED_EDGE('',*,*,#2572,.F.);
#2617 = PLANE('',#2618);
#2618 = AXIS2_PLACEMENT_3D('',#2619,#2620,#2621);
#2619 = CARTESIAN_POINT('',(125.,16.65,-1.505));
#2620 = DIRECTION('',(-7.250732432324E-18,-0.986304625338,0.164933883836
    ));
#2621 = DIRECTION('',(-1.,7.151430935089E-18,-1.195891460717E-18));
#2622 = ADVANCED_FACE('',(#2623),#2634,.T.);
#2623 = FACE_BOUND('',#2624,.T.);
#2624 = EDGE_LOOP('',(#2625,#2626,#2632,#2633));
#2625 = ORIENTED_EDGE('',*,*,#2299,.T.);
#2626 = ORIENTED_EDGE('',*,*,#2627,.T.);
#2627 = EDGE_CURVE('',#2292,#1993,#2628,.T.);
#2628 = LINE('',#2629,#2630);
#2629 = CARTESIAN_POINT('',(111.,54.3,-1.E-02));
#2630 = VECTOR('',#2631,1.);
#2631 = DIRECTION('',(1.,0.,0.));
#2632 = ORIENTED_EDGE('',*,*,#1992,.F.);
#2633 = ORIENTED_EDGE('',*,*,#1977,.F.);
#2634 = PLANE('',#2635);
#2635 = AXIS2_PLACEMENT_3D('',#2636,#2637,#2638);
#2636 = CARTESIAN_POINT('',(111.,54.3,0.));
#2637 = DIRECTION('',(0.,-1.,0.));
#2638 = DIRECTION('',(1.,0.,0.));
#2639 = ADVANCED_FACE('',(#2640),#2651,.F.);
#2640 = FACE_BOUND('',#2641,.F.);
#2641 = EDGE_LOOP('',(#2642,#2643,#2644,#2645));
#2642 = ORIENTED_EDGE('',*,*,#2291,.F.);
#2643 = ORIENTED_EDGE('',*,*,#2627,.T.);
#2644 = ORIENTED_EDGE('',*,*,#2000,.T.);
#2645 = ORIENTED_EDGE('',*,*,#2646,.F.);
#2646 = EDGE_CURVE('',#2284,#2001,#2647,.T.);
#2647 = LINE('',#2648,#2649);
#2648 = CARTESIAN_POINT('',(111.,54.8,-3.));
#2649 = VECTOR('',#2650,1.);
#2650 = DIRECTION('',(1.,0.,0.));
#2651 = PLANE('',#2652);
#2652 = AXIS2_PLACEMENT_3D('',#2653,#2654,#2655);
#2653 = CARTESIAN_POINT('',(111.,54.55,-1.505));
#2654 = DIRECTION('',(7.250732432324E-18,0.986304625338,0.164933883836)
  );
#2655 = DIRECTION('',(1.,-7.151430935089E-18,-1.195891460717E-18));
#2656 = ADVANCED_FACE('',(#2657,#2668),#2679,.F.);
#2657 = FACE_BOUND('',#2658,.F.);
#2658 = EDGE_LOOP('',(#2659,#2660,#2661,#2662));
#2659 = ORIENTED_EDGE('',*,*,#2283,.T.);
#2660 = ORIENTED_EDGE('',*,*,#2646,.T.);
#2661 = ORIENTED_EDGE('',*,*,#2008,.T.);
#2662 = ORIENTED_EDGE('',*,*,#2663,.T.);
#2663 = EDGE_CURVE('',#2009,#2276,#2664,.T.);
#2664 = LINE('',#2665,#2666);
#2665 = CARTESIAN_POINT('',(125.,60.8,-3.));
#2666 = VECTOR('',#2667,1.);
#2667 = DIRECTION('',(-1.,0.,0.));
#2668 = FACE_BOUND('',#2669,.F.);
#2669 = EDGE_LOOP('',(#2670));
#2670 = ORIENTED_EDGE('',*,*,#2671,.F.);
#2671 = EDGE_CURVE('',#2672,#2672,#2674,.T.);
#2672 = VERTEX_POINT('',#2673);
#2673 = CARTESIAN_POINT('',(119.75,57.8,-3.));
#2674 = CIRCLE('',#2675,2.75);
#2675 = AXIS2_PLACEMENT_3D('',#2676,#2677,#2678);
#2676 = CARTESIAN_POINT('',(117.,57.8,-3.));
#2677 = DIRECTION('',(0.,0.,1.));
#2678 = DIRECTION('',(1.,0.,0.));
#2679 = PLANE('',#2680);
#2680 = AXIS2_PLACEMENT_3D('',#2681,#2682,#2683);
#2681 = CARTESIAN_POINT('',(62.5,80.,-3.));
#2682 = DIRECTION('',(0.,0.,1.));
#2683 = DIRECTION('',(1.,0.,0.));
#2684 = ADVANCED_FACE('',(#2685),#2696,.T.);
#2685 = FACE_BOUND('',#2686,.T.);
#2686 = EDGE_LOOP('',(#2687,#2688,#2694,#2695));
#2687 = ORIENTED_EDGE('',*,*,#2024,.T.);
#2688 = ORIENTED_EDGE('',*,*,#2689,.T.);
#2689 = EDGE_CURVE('',#2017,#2268,#2690,.T.);
#2690 = LINE('',#2691,#2692);
#2691 = CARTESIAN_POINT('',(125.,61.3,-1.E-02));
#2692 = VECTOR('',#2693,1.);
#2693 = DIRECTION('',(-1.,0.,0.));
#2694 = ORIENTED_EDGE('',*,*,#2267,.F.);
#2695 = ORIENTED_EDGE('',*,*,#2039,.F.);
#2696 = PLANE('',#2697);
#2697 = AXIS2_PLACEMENT_3D('',#2698,#2699,#2700);
#2698 = CARTESIAN_POINT('',(125.,61.3,0.));
#2699 = DIRECTION('',(0.,1.,0.));
#2700 = DIRECTION('',(-1.,0.,0.));
#2701 = ADVANCED_FACE('',(#2702),#2708,.F.);
#2702 = FACE_BOUND('',#2703,.F.);
#2703 = EDGE_LOOP('',(#2704,#2705,#2706,#2707));
#2704 = ORIENTED_EDGE('',*,*,#2016,.F.);
#2705 = ORIENTED_EDGE('',*,*,#2689,.T.);
#2706 = ORIENTED_EDGE('',*,*,#2275,.T.);
#2707 = ORIENTED_EDGE('',*,*,#2663,.F.);
#2708 = PLANE('',#2709);
#2709 = AXIS2_PLACEMENT_3D('',#2710,#2711,#2712);
#2710 = CARTESIAN_POINT('',(125.,61.05,-1.505));
#2711 = DIRECTION('',(-7.250732432324E-18,-0.986304625338,0.164933883836
    ));
#2712 = DIRECTION('',(-1.,7.151430935089E-18,-1.195891460717E-18));
#2713 = ADVANCED_FACE('',(#2714),#2725,.T.);
#2714 = FACE_BOUND('',#2715,.T.);
#2715 = EDGE_LOOP('',(#2716,#2717,#2723,#2724));
#2716 = ORIENTED_EDGE('',*,*,#2346,.T.);
#2717 = ORIENTED_EDGE('',*,*,#2718,.T.);
#2718 = EDGE_CURVE('',#2339,#2062,#2719,.T.);
#2719 = LINE('',#2720,#2721);
#2720 = CARTESIAN_POINT('',(111.,98.7,-1.E-02));
#2721 = VECTOR('',#2722,1.);
#2722 = DIRECTION('',(1.,0.,0.));
#2723 = ORIENTED_EDGE('',*,*,#2061,.F.);
#2724 = ORIENTED_EDGE('',*,*,#2046,.F.);
#2725 = PLANE('',#2726);
#2726 = AXIS2_PLACEMENT_3D('',#2727,#2728,#2729);
#2727 = CARTESIAN_POINT('',(111.,98.7,0.));
#2728 = DIRECTION('',(0.,-1.,0.));
#2729 = DIRECTION('',(1.,0.,0.));
#2730 = ADVANCED_FACE('',(#2731),#2742,.F.);
#2731 = FACE_BOUND('',#2732,.F.);
#2732 = EDGE_LOOP('',(#2733,#2734,#2735,#2736));
#2733 = ORIENTED_EDGE('',*,*,#2338,.F.);
#2734 = ORIENTED_EDGE('',*,*,#2718,.T.);
#2735 = ORIENTED_EDGE('',*,*,#2069,.T.);
#2736 = ORIENTED_EDGE('',*,*,#2737,.F.);
#2737 = EDGE_CURVE('',#2331,#2070,#2738,.T.);
#2738 = LINE('',#2739,#2740);
#2739 = CARTESIAN_POINT('',(111.,99.2,-3.));
#2740 = VECTOR('',#2741,1.);
#2741 = DIRECTION('',(1.,0.,0.));
#2742 = PLANE('',#2743);
#2743 = AXIS2_PLACEMENT_3D('',#2744,#2745,#2746);
#2744 = CARTESIAN_POINT('',(111.,98.95,-1.505));
#2745 = DIRECTION('',(7.250732432324E-18,0.986304625338,0.164933883836)
  );
#2746 = DIRECTION('',(1.,-7.151430935089E-18,-1.195891460717E-18));
#2747 = ADVANCED_FACE('',(#2748,#2759),#2770,.F.);
#2748 = FACE_BOUND('',#2749,.F.);
#2749 = EDGE_LOOP('',(#2750,#2751,#2752,#2753));
#2750 = ORIENTED_EDGE('',*,*,#2330,.T.);
#2751 = ORIENTED_EDGE('',*,*,#2737,.T.);
#2752 = ORIENTED_EDGE('',*,*,#2077,.T.);
#2753 = ORIENTED_EDGE('',*,*,#2754,.T.);
#2754 = EDGE_CURVE('',#2078,#2323,#2755,.T.);
#2755 = LINE('',#2756,#2757);
#2756 = CARTESIAN_POINT('',(125.,105.2,-3.));
#2757 = VECTOR('',#2758,1.);
#2758 = DIRECTION('',(-1.,0.,0.));
#2759 = FACE_BOUND('',#2760,.F.);
#2760 = EDGE_LOOP('',(#2761));
#2761 = ORIENTED_EDGE('',*,*,#2762,.F.);
#2762 = EDGE_CURVE('',#2763,#2763,#2765,.T.);
#2763 = VERTEX_POINT('',#2764);
#2764 = CARTESIAN_POINT('',(119.75,102.2,-3.));
#2765 = CIRCLE('',#2766,2.75);
#2766 = AXIS2_PLACEMENT_3D('',#2767,#2768,#2769);
#2767 = CARTESIAN_POINT('',(117.,102.2,-3.));
#2768 = DIRECTION('',(0.,0.,1.));
#2769 = DIRECTION('',(1.,0.,0.));
#2770 = PLANE('',#2771);
#2771 = AXIS2_PLACEMENT_3D('',#2772,#2773,#2774);
#2772 = CARTESIAN_POINT('',(62.5,80.,-3.));
#2773 = DIRECTION('',(0.,0.,1.));
#2774 = DIRECTION('',(1.,0.,0.));
#2775 = ADVANCED_FACE('',(#2776),#2787,.T.);
#2776 = FACE_BOUND('',#2777,.T.);
#2777 = EDGE_LOOP('',(#2778,#2779,#2785,#2786));
#2778 = ORIENTED_EDGE('',*,*,#2093,.T.);
#2779 = ORIENTED_EDGE('',*,*,#2780,.T.);
#2780 = EDGE_CURVE('',#2086,#2315,#2781,.T.);
#2781 = LINE('',#2782,#2783);
#2782 = CARTESIAN_POINT('',(125.,105.7,-1.E-02));
#2783 = VECTOR('',#2784,1.);
#2784 = DIRECTION('',(-1.,0.,0.));
#2785 = ORIENTED_EDGE('',*,*,#2314,.F.);
#2786 = ORIENTED_EDGE('',*,*,#2108,.F.);
#2787 = PLANE('',#2788);
#2788 = AXIS2_PLACEMENT_3D('',#2789,#2790,#2791);
#2789 = CARTESIAN_POINT('',(125.,105.7,0.));
#2790 = DIRECTION('',(0.,1.,0.));
#2791 = DIRECTION('',(-1.,0.,0.));
#2792 = ADVANCED_FACE('',(#2793),#2799,.F.);
#2793 = FACE_BOUND('',#2794,.F.);
#2794 = EDGE_LOOP('',(#2795,#2796,#2797,#2798));
#2795 = ORIENTED_EDGE('',*,*,#2085,.F.);
#2796 = ORIENTED_EDGE('',*,*,#2780,.T.);
#2797 = ORIENTED_EDGE('',*,*,#2322,.T.);
#2798 = ORIENTED_EDGE('',*,*,#2754,.F.);
#2799 = PLANE('',#2800);
#2800 = AXIS2_PLACEMENT_3D('',#2801,#2802,#2803);
#2801 = CARTESIAN_POINT('',(125.,105.45,-1.505));
#2802 = DIRECTION('',(-7.250732432324E-18,-0.986304625338,0.164933883836
    ));
#2803 = DIRECTION('',(-1.,7.151430935089E-18,-1.195891460717E-18));
#2804 = ADVANCED_FACE('',(#2805),#2816,.T.);
#2805 = FACE_BOUND('',#2806,.T.);
#2806 = EDGE_LOOP('',(#2807,#2808,#2814,#2815));
#2807 = ORIENTED_EDGE('',*,*,#2212,.T.);
#2808 = ORIENTED_EDGE('',*,*,#2809,.T.);
#2809 = EDGE_CURVE('',#2205,#2131,#2810,.T.);
#2810 = LINE('',#2811,#2812);
#2811 = CARTESIAN_POINT('',(111.,143.1,-1.E-02));
#2812 = VECTOR('',#2813,1.);
#2813 = DIRECTION('',(1.,0.,0.));
#2814 = ORIENTED_EDGE('',*,*,#2130,.F.);
#2815 = ORIENTED_EDGE('',*,*,#2115,.F.);
#2816 = PLANE('',#2817);
#2817 = AXIS2_PLACEMENT_3D('',#2818,#2819,#2820);
#2818 = CARTESIAN_POINT('',(111.,143.1,0.));
#2819 = DIRECTION('',(0.,-1.,0.));
#2820 = DIRECTION('',(1.,0.,0.));
#2821 = ADVANCED_FACE('',(#2822),#2833,.F.);
#2822 = FACE_BOUND('',#2823,.F.);
#2823 = EDGE_LOOP('',(#2824,#2825,#2826,#2827));
#2824 = ORIENTED_EDGE('',*,*,#2204,.F.);
#2825 = ORIENTED_EDGE('',*,*,#2809,.T.);
#2826 = ORIENTED_EDGE('',*,*,#2138,.T.);
#2827 = ORIENTED_EDGE('',*,*,#2828,.F.);
#2828 = EDGE_CURVE('',#2197,#2139,#2829,.T.);
#2829 = LINE('',#2830,#2831);
#2830 = CARTESIAN_POINT('',(111.,143.6,-3.));
#2831 = VECTOR('',#2832,1.);
#2832 = DIRECTION('',(1.,0.,0.));
#2833 = PLANE('',#2834);
#2834 = AXIS2_PLACEMENT_3D('',#2835,#2836,#2837);
#2835 = CARTESIAN_POINT('',(111.,143.35,-1.505));
#2836 = DIRECTION('',(7.250732432324E-18,0.986304625338,0.164933883836)
  );
#2837 = DIRECTION('',(1.,-7.151430935089E-18,-1.195891460717E-18));
#2838 = ADVANCED_FACE('',(#2839,#2845),#2856,.F.);
#2839 = FACE_BOUND('',#2840,.F.);
#2840 = EDGE_LOOP('',(#2841,#2842,#2843,#2844));
#2841 = ORIENTED_EDGE('',*,*,#2196,.T.);
#2842 = ORIENTED_EDGE('',*,*,#2828,.T.);
#2843 = ORIENTED_EDGE('',*,*,#2146,.T.);
#2844 = ORIENTED_EDGE('',*,*,#2180,.T.);
#2845 = FACE_BOUND('',#2846,.F.);
#2846 = EDGE_LOOP('',(#2847));
#2847 = ORIENTED_EDGE('',*,*,#2848,.F.);
#2848 = EDGE_CURVE('',#2849,#2849,#2851,.T.);
#2849 = VERTEX_POINT('',#2850);
#2850 = CARTESIAN_POINT('',(119.75,146.6,-3.));
#2851 = CIRCLE('',#2852,2.75);
#2852 = AXIS2_PLACEMENT_3D('',#2853,#2854,#2855);
#2853 = CARTESIAN_POINT('',(117.,146.6,-3.));
#2854 = DIRECTION('',(0.,0.,1.));
#2855 = DIRECTION('',(1.,0.,0.));
#2856 = PLANE('',#2857);
#2857 = AXIS2_PLACEMENT_3D('',#2858,#2859,#2860);
#2858 = CARTESIAN_POINT('',(62.5,80.,-3.));
#2859 = DIRECTION('',(0.,0.,1.));
#2860 = DIRECTION('',(1.,0.,0.));
#2861 = ADVANCED_FACE('',(#2862),#2873,.F.);
#2862 = FACE_BOUND('',#2863,.F.);
#2863 = EDGE_LOOP('',(#2864,#2865,#2871,#2872));
#2864 = ORIENTED_EDGE('',*,*,#2480,.F.);
#2865 = ORIENTED_EDGE('',*,*,#2866,.T.);
#2866 = EDGE_CURVE('',#2481,#2581,#2867,.T.);
#2867 = LINE('',#2868,#2869);
#2868 = CARTESIAN_POINT('',(119.75,13.4,10.));
#2869 = VECTOR('',#2870,1.);
#2870 = DIRECTION('',(-0.,-0.,-1.));
#2871 = ORIENTED_EDGE('',*,*,#2580,.T.);
#2872 = ORIENTED_EDGE('',*,*,#2866,.F.);
#2873 = CYLINDRICAL_SURFACE('',#2874,2.75);
#2874 = AXIS2_PLACEMENT_3D('',#2875,#2876,#2877);
#2875 = CARTESIAN_POINT('',(117.,13.4,10.));
#2876 = DIRECTION('',(0.,0.,1.));
#2877 = DIRECTION('',(1.,0.,0.));
#2878 = ADVANCED_FACE('',(#2879),#2890,.F.);
#2879 = FACE_BOUND('',#2880,.F.);
#2880 = EDGE_LOOP('',(#2881,#2882,#2888,#2889));
#2881 = ORIENTED_EDGE('',*,*,#2500,.F.);
#2882 = ORIENTED_EDGE('',*,*,#2883,.T.);
#2883 = EDGE_CURVE('',#2501,#2672,#2884,.T.);
#2884 = LINE('',#2885,#2886);
#2885 = CARTESIAN_POINT('',(119.75,57.8,10.));
#2886 = VECTOR('',#2887,1.);
#2887 = DIRECTION('',(-0.,-0.,-1.));
#2888 = ORIENTED_EDGE('',*,*,#2671,.T.);
#2889 = ORIENTED_EDGE('',*,*,#2883,.F.);
#2890 = CYLINDRICAL_SURFACE('',#2891,2.75);
#2891 = AXIS2_PLACEMENT_3D('',#2892,#2893,#2894);
#2892 = CARTESIAN_POINT('',(117.,57.8,10.));
#2893 = DIRECTION('',(0.,0.,1.));
#2894 = DIRECTION('',(1.,0.,0.));
#2895 = ADVANCED_FACE('',(#2896),#2907,.F.);
#2896 = FACE_BOUND('',#2897,.F.);
#2897 = EDGE_LOOP('',(#2898,#2899,#2905,#2906));
#2898 = ORIENTED_EDGE('',*,*,#2532,.F.);
#2899 = ORIENTED_EDGE('',*,*,#2900,.T.);
#2900 = EDGE_CURVE('',#2533,#2763,#2901,.T.);
#2901 = LINE('',#2902,#2903);
#2902 = CARTESIAN_POINT('',(119.75,102.2,10.));
#2903 = VECTOR('',#2904,1.);
#2904 = DIRECTION('',(-0.,-0.,-1.));
#2905 = ORIENTED_EDGE('',*,*,#2762,.T.);
#2906 = ORIENTED_EDGE('',*,*,#2900,.F.);
#2907 = CYLINDRICAL_SURFACE('',#2908,2.75);
#2908 = AXIS2_PLACEMENT_3D('',#2909,#2910,#2911);
#2909 = CARTESIAN_POINT('',(117.,102.2,10.));
#2910 = DIRECTION('',(0.,0.,1.));
#2911 = DIRECTION('',(1.,0.,0.));
#2912 = ADVANCED_FACE('',(#2913),#2924,.F.);
#2913 = FACE_BOUND('',#2914,.F.);
#2914 = EDGE_LOOP('',(#2915,#2916,#2922,#2923));
#2915 = ORIENTED_EDGE('',*,*,#2552,.F.);
#2916 = ORIENTED_EDGE('',*,*,#2917,.T.);
#2917 = EDGE_CURVE('',#2553,#2849,#2918,.T.);
#2918 = LINE('',#2919,#2920);
#2919 = CARTESIAN_POINT('',(119.75,146.6,10.));
#2920 = VECTOR('',#2921,1.);
#2921 = DIRECTION('',(-0.,-0.,-1.));
#2922 = ORIENTED_EDGE('',*,*,#2848,.T.);
#2923 = ORIENTED_EDGE('',*,*,#2917,.F.);
#2924 = CYLINDRICAL_SURFACE('',#2925,2.75);
#2925 = AXIS2_PLACEMENT_3D('',#2926,#2927,#2928);
#2926 = CARTESIAN_POINT('',(117.,146.6,10.));
#2927 = DIRECTION('',(0.,0.,1.));
#2928 = DIRECTION('',(1.,0.,0.));
#2929 = ( GEOMETRIC_REPRESENTATION_CONTEXT(3) 
GLOBAL_UNCERTAINTY_ASSIGNED_CONTEXT((#2933)) 
GLOBAL_UNIT_ASSIGNED_CONTEXT((#2930,#2931,#2932)) REPRESENTATION_CONTEXT
('Context #1','3D Context with UNIT and UNCERTAINTY') );
#2930 = ( LENGTH_UNIT() NAMED_UNIT(*) SI_UNIT(.MILLI.,.METRE.) );
#2931 = ( NAMED_UNIT(*) PLANE_ANGLE_UNIT() SI_UNIT($,.RADIAN.) );
#2932 = ( NAMED_UNIT(*) SI_UNIT($,.STERADIAN.) SOLID_ANGLE_UNIT() );
#2933 = UNCERTAINTY_MEASURE_WITH_UNIT(LENGTH_MEASURE(2.E-05),#2930,
  'distance_accuracy_value','confusion accuracy');
#2934 = PRODUCT_RELATED_PRODUCT_CATEGORY('part',$,(#7));
#2935 = MECHANICAL_DESIGN_GEOMETRIC_PRESENTATION_REPRESENTATION('',(
    #2936),#2929);
#2936 = STYLED_ITEM('color',(#2937),#15);
#2937 = PRESENTATION_STYLE_ASSIGNMENT((#2938,#2944));
#2938 = SURFACE_STYLE_USAGE(.BOTH.,#2939);
#2939 = SURFACE_SIDE_STYLE('',(#2940));
#2940 = SURFACE_STYLE_FILL_AREA(#2941);
#2941 = FILL_AREA_STYLE('',(#2942));
#2942 = FILL_AREA_STYLE_COLOUR('',#2943);
#2943 = COLOUR_RGB('',0.800000010877,0.800000010877,0.800000010877);
#2944 = CURVE_STYLE('',#2945,POSITIVE_LENGTH_MEASURE(0.1),#2946);
#2945 = DRAUGHTING_PRE_DEFINED_CURVE_FONT('continuous');
#2946 = COLOUR_RGB('',9.803921802644E-02,9.803921802644E-02,
  9.803921802644E-02);
ENDSEC;
END-ISO-10303-21;
