ISO-10303-21;
HEADER;
FILE_DESCRIPTION(('FreeCAD Model'),'2;1');
FILE_NAME('Open CASCADE Shape Model','2025-09-29T21:36:02',(''),(''),
  'Open CASCADE STEP processor 7.9','FreeCAD','Unknown');
FILE_SCHEMA(('AUTOMOTIVE_DESIGN { 1 0 10303 214 1 1 1 1 }'));
ENDSEC;
DATA;
#1 = APPLICATION_PROTOCOL_DEFINITION('international standard',
  'automotive_design',2000,#2);
#2 = APPLICATION_CONTEXT(
  'core data for automotive mechanical design processes');
#3 = SHAPE_DEFINITION_REPRESENTATION(#4,#10);
#4 = PRODUCT_DEFINITION_SHAPE('','',#5);
#5 = PRODUCT_DEFINITION('design','',#6,#9);
#6 = PRODUCT_DEFINITION_FORMATION('','',#7);
#7 = PRODUCT('Body','Body','',(#8));
#8 = PRODUCT_CONTEXT('',#2,'mechanical');
#9 = PRODUCT_DEFINITION_CONTEXT('part definition',#2,'design');
#10 = ADVANCED_BREP_SHAPE_REPRESENTATION('',(#11,#15),#2689);
#11 = AXIS2_PLACEMENT_3D('',#12,#13,#14);
#12 = CARTESIAN_POINT('',(0.,0.,0.));
#13 = DIRECTION('',(0.,0.,1.));
#14 = DIRECTION('',(1.,0.,-0.));
#15 = MANIFOLD_SOLID_BREP('',#16);
#16 = CLOSED_SHELL('',(#17,#57,#88,#119,#159,#190,#221,#261,#292,#323,
    #363,#394,#425,#465,#528,#681,#721,#752,#792,#823,#856,#919,#941,
    #972,#997,#1028,#1059,#1090,#1121,#1161,#1192,#1223,#1256,#1287,
    #1318,#1351,#1382,#1413,#1455,#1486,#1508,#1539,#1570,#1595,#1620,
    #1645,#1670,#1695,#1720,#1751,#1775,#1799,#1816,#1841,#1866,#1878,
    #1906,#1937,#1962,#1987,#2012,#2043,#2055,#2067,#2087,#2107,#2119,
    #2139,#2159,#2192,#2223,#2254,#2287,#2318,#2349,#2382,#2413,#2444,
    #2477,#2494,#2511,#2528,#2545,#2581,#2617,#2653));
#17 = ADVANCED_FACE('',(#18),#52,.F.);
#18 = FACE_BOUND('',#19,.F.);
#19 = EDGE_LOOP('',(#20,#30,#38,#46));
#20 = ORIENTED_EDGE('',*,*,#21,.F.);
#21 = EDGE_CURVE('',#22,#24,#26,.T.);
#22 = VERTEX_POINT('',#23);
#23 = CARTESIAN_POINT('',(190.,113.2,0.));
#24 = VERTEX_POINT('',#25);
#25 = CARTESIAN_POINT('',(176.,113.2,0.));
#26 = LINE('',#27,#28);
#27 = CARTESIAN_POINT('',(190.,113.2,0.));
#28 = VECTOR('',#29,1.);
#29 = DIRECTION('',(-1.,0.,0.));
#30 = ORIENTED_EDGE('',*,*,#31,.T.);
#31 = EDGE_CURVE('',#22,#32,#34,.T.);
#32 = VERTEX_POINT('',#33);
#33 = CARTESIAN_POINT('',(190.,150.6,0.));
#34 = LINE('',#35,#36);
#35 = CARTESIAN_POINT('',(190.,0.,0.));
#36 = VECTOR('',#37,1.);
#37 = DIRECTION('',(0.,1.,0.));
#38 = ORIENTED_EDGE('',*,*,#39,.F.);
#39 = EDGE_CURVE('',#40,#32,#42,.T.);
#40 = VERTEX_POINT('',#41);
#41 = CARTESIAN_POINT('',(176.,150.6,0.));
#42 = LINE('',#43,#44);
#43 = CARTESIAN_POINT('',(176.,150.6,0.));
#44 = VECTOR('',#45,1.);
#45 = DIRECTION('',(1.,0.,0.));
#46 = ORIENTED_EDGE('',*,*,#47,.F.);
#47 = EDGE_CURVE('',#24,#40,#48,.T.);
#48 = LINE('',#49,#50);
#49 = CARTESIAN_POINT('',(176.,14.,0.));
#50 = VECTOR('',#51,1.);
#51 = DIRECTION('',(0.,1.,0.));
#52 = PLANE('',#53);
#53 = AXIS2_PLACEMENT_3D('',#54,#55,#56);
#54 = CARTESIAN_POINT('',(95.,87.5,0.));
#55 = DIRECTION('',(0.,0.,1.));
#56 = DIRECTION('',(1.,0.,0.));
#57 = ADVANCED_FACE('',(#58),#83,.T.);
#58 = FACE_BOUND('',#59,.T.);
#59 = EDGE_LOOP('',(#60,#68,#76,#82));
#60 = ORIENTED_EDGE('',*,*,#61,.T.);
#61 = EDGE_CURVE('',#22,#62,#64,.T.);
#62 = VERTEX_POINT('',#63);
#63 = CARTESIAN_POINT('',(190.,113.2,-1.E-02));
#64 = LINE('',#65,#66);
#65 = CARTESIAN_POINT('',(190.,113.2,0.));
#66 = VECTOR('',#67,1.);
#67 = DIRECTION('',(0.,0.,-1.));
#68 = ORIENTED_EDGE('',*,*,#69,.T.);
#69 = EDGE_CURVE('',#62,#70,#72,.T.);
#70 = VERTEX_POINT('',#71);
#71 = CARTESIAN_POINT('',(176.,113.2,-1.E-02));
#72 = LINE('',#73,#74);
#73 = CARTESIAN_POINT('',(190.,113.2,-1.E-02));
#74 = VECTOR('',#75,1.);
#75 = DIRECTION('',(-1.,0.,0.));
#76 = ORIENTED_EDGE('',*,*,#77,.F.);
#77 = EDGE_CURVE('',#24,#70,#78,.T.);
#78 = LINE('',#79,#80);
#79 = CARTESIAN_POINT('',(176.,113.2,0.));
#80 = VECTOR('',#81,1.);
#81 = DIRECTION('',(0.,0.,-1.));
#82 = ORIENTED_EDGE('',*,*,#21,.F.);
#83 = PLANE('',#84);
#84 = AXIS2_PLACEMENT_3D('',#85,#86,#87);
#85 = CARTESIAN_POINT('',(190.,113.2,0.));
#86 = DIRECTION('',(0.,1.,0.));
#87 = DIRECTION('',(-1.,0.,0.));
#88 = ADVANCED_FACE('',(#89),#114,.F.);
#89 = FACE_BOUND('',#90,.F.);
#90 = EDGE_LOOP('',(#91,#99,#100,#108));
#91 = ORIENTED_EDGE('',*,*,#92,.F.);
#92 = EDGE_CURVE('',#62,#93,#95,.T.);
#93 = VERTEX_POINT('',#94);
#94 = CARTESIAN_POINT('',(190.,112.7,-3.));
#95 = LINE('',#96,#97);
#96 = CARTESIAN_POINT('',(190.,112.98060222413,-1.321998699688));
#97 = VECTOR('',#98,1.);
#98 = DIRECTION('',(0.,-0.164933883836,-0.986304625338));
#99 = ORIENTED_EDGE('',*,*,#69,.T.);
#100 = ORIENTED_EDGE('',*,*,#101,.T.);
#101 = EDGE_CURVE('',#70,#102,#104,.T.);
#102 = VERTEX_POINT('',#103);
#103 = CARTESIAN_POINT('',(176.,112.7,-3.));
#104 = LINE('',#105,#106);
#105 = CARTESIAN_POINT('',(176.,113.07581337526,-0.75263601593));
#106 = VECTOR('',#107,1.);
#107 = DIRECTION('',(0.,-0.164933883836,-0.986304625338));
#108 = ORIENTED_EDGE('',*,*,#109,.F.);
#109 = EDGE_CURVE('',#93,#102,#110,.T.);
#110 = LINE('',#111,#112);
#111 = CARTESIAN_POINT('',(190.,112.7,-3.));
#112 = VECTOR('',#113,1.);
#113 = DIRECTION('',(-1.,0.,0.));
#114 = PLANE('',#115);
#115 = AXIS2_PLACEMENT_3D('',#116,#117,#118);
#116 = CARTESIAN_POINT('',(190.,112.95,-1.505));
#117 = DIRECTION('',(-1.E-17,-0.986304625338,0.164933883836));
#118 = DIRECTION('',(-1.,1.013507811375E-17,-2.258831333613E-20));
#119 = ADVANCED_FACE('',(#120),#154,.F.);
#120 = FACE_BOUND('',#121,.F.);
#121 = EDGE_LOOP('',(#122,#132,#140,#148));
#122 = ORIENTED_EDGE('',*,*,#123,.F.);
#123 = EDGE_CURVE('',#124,#126,#128,.T.);
#124 = VERTEX_POINT('',#125);
#125 = CARTESIAN_POINT('',(190.,68.8,0.));
#126 = VERTEX_POINT('',#127);
#127 = CARTESIAN_POINT('',(176.,68.8,0.));
#128 = LINE('',#129,#130);
#129 = CARTESIAN_POINT('',(190.,68.8,0.));
#130 = VECTOR('',#131,1.);
#131 = DIRECTION('',(-1.,0.,0.));
#132 = ORIENTED_EDGE('',*,*,#133,.T.);
#133 = EDGE_CURVE('',#124,#134,#136,.T.);
#134 = VERTEX_POINT('',#135);
#135 = CARTESIAN_POINT('',(190.,106.2,0.));
#136 = LINE('',#137,#138);
#137 = CARTESIAN_POINT('',(190.,0.,0.));
#138 = VECTOR('',#139,1.);
#139 = DIRECTION('',(0.,1.,0.));
#140 = ORIENTED_EDGE('',*,*,#141,.F.);
#141 = EDGE_CURVE('',#142,#134,#144,.T.);
#142 = VERTEX_POINT('',#143);
#143 = CARTESIAN_POINT('',(176.,106.2,0.));
#144 = LINE('',#145,#146);
#145 = CARTESIAN_POINT('',(176.,106.2,0.));
#146 = VECTOR('',#147,1.);
#147 = DIRECTION('',(1.,0.,0.));
#148 = ORIENTED_EDGE('',*,*,#149,.F.);
#149 = EDGE_CURVE('',#126,#142,#150,.T.);
#150 = LINE('',#151,#152);
#151 = CARTESIAN_POINT('',(176.,14.,0.));
#152 = VECTOR('',#153,1.);
#153 = DIRECTION('',(0.,1.,0.));
#154 = PLANE('',#155);
#155 = AXIS2_PLACEMENT_3D('',#156,#157,#158);
#156 = CARTESIAN_POINT('',(95.,87.5,0.));
#157 = DIRECTION('',(0.,0.,1.));
#158 = DIRECTION('',(1.,0.,0.));
#159 = ADVANCED_FACE('',(#160),#185,.T.);
#160 = FACE_BOUND('',#161,.T.);
#161 = EDGE_LOOP('',(#162,#170,#178,#184));
#162 = ORIENTED_EDGE('',*,*,#163,.T.);
#163 = EDGE_CURVE('',#124,#164,#166,.T.);
#164 = VERTEX_POINT('',#165);
#165 = CARTESIAN_POINT('',(190.,68.8,-1.E-02));
#166 = LINE('',#167,#168);
#167 = CARTESIAN_POINT('',(190.,68.8,0.));
#168 = VECTOR('',#169,1.);
#169 = DIRECTION('',(0.,0.,-1.));
#170 = ORIENTED_EDGE('',*,*,#171,.T.);
#171 = EDGE_CURVE('',#164,#172,#174,.T.);
#172 = VERTEX_POINT('',#173);
#173 = CARTESIAN_POINT('',(176.,68.8,-1.E-02));
#174 = LINE('',#175,#176);
#175 = CARTESIAN_POINT('',(190.,68.8,-1.E-02));
#176 = VECTOR('',#177,1.);
#177 = DIRECTION('',(-1.,0.,0.));
#178 = ORIENTED_EDGE('',*,*,#179,.F.);
#179 = EDGE_CURVE('',#126,#172,#180,.T.);
#180 = LINE('',#181,#182);
#181 = CARTESIAN_POINT('',(176.,68.8,0.));
#182 = VECTOR('',#183,1.);
#183 = DIRECTION('',(0.,0.,-1.));
#184 = ORIENTED_EDGE('',*,*,#123,.F.);
#185 = PLANE('',#186);
#186 = AXIS2_PLACEMENT_3D('',#187,#188,#189);
#187 = CARTESIAN_POINT('',(190.,68.8,0.));
#188 = DIRECTION('',(0.,1.,0.));
#189 = DIRECTION('',(-1.,0.,0.));
#190 = ADVANCED_FACE('',(#191),#216,.F.);
#191 = FACE_BOUND('',#192,.F.);
#192 = EDGE_LOOP('',(#193,#201,#202,#210));
#193 = ORIENTED_EDGE('',*,*,#194,.F.);
#194 = EDGE_CURVE('',#164,#195,#197,.T.);
#195 = VERTEX_POINT('',#196);
#196 = CARTESIAN_POINT('',(190.,68.3,-3.));
#197 = LINE('',#198,#199);
#198 = CARTESIAN_POINT('',(190.,68.580602224132,-1.321998699688));
#199 = VECTOR('',#200,1.);
#200 = DIRECTION('',(0.,-0.164933883836,-0.986304625338));
#201 = ORIENTED_EDGE('',*,*,#171,.T.);
#202 = ORIENTED_EDGE('',*,*,#203,.T.);
#203 = EDGE_CURVE('',#172,#204,#206,.T.);
#204 = VERTEX_POINT('',#205);
#205 = CARTESIAN_POINT('',(176.,68.3,-3.));
#206 = LINE('',#207,#208);
#207 = CARTESIAN_POINT('',(176.,68.675813375263,-0.75263601593));
#208 = VECTOR('',#209,1.);
#209 = DIRECTION('',(0.,-0.164933883836,-0.986304625338));
#210 = ORIENTED_EDGE('',*,*,#211,.F.);
#211 = EDGE_CURVE('',#195,#204,#212,.T.);
#212 = LINE('',#213,#214);
#213 = CARTESIAN_POINT('',(190.,68.3,-3.));
#214 = VECTOR('',#215,1.);
#215 = DIRECTION('',(-1.,0.,0.));
#216 = PLANE('',#217);
#217 = AXIS2_PLACEMENT_3D('',#218,#219,#220);
#218 = CARTESIAN_POINT('',(190.,68.55,-1.505));
#219 = DIRECTION('',(-1.E-17,-0.986304625338,0.164933883836));
#220 = DIRECTION('',(-1.,1.013507811375E-17,-2.258831333613E-20));
#221 = ADVANCED_FACE('',(#222),#256,.F.);
#222 = FACE_BOUND('',#223,.F.);
#223 = EDGE_LOOP('',(#224,#234,#242,#250));
#224 = ORIENTED_EDGE('',*,*,#225,.F.);
#225 = EDGE_CURVE('',#226,#228,#230,.T.);
#226 = VERTEX_POINT('',#227);
#227 = CARTESIAN_POINT('',(190.,24.4,0.));
#228 = VERTEX_POINT('',#229);
#229 = CARTESIAN_POINT('',(176.,24.4,0.));
#230 = LINE('',#231,#232);
#231 = CARTESIAN_POINT('',(190.,24.4,0.));
#232 = VECTOR('',#233,1.);
#233 = DIRECTION('',(-1.,0.,0.));
#234 = ORIENTED_EDGE('',*,*,#235,.T.);
#235 = EDGE_CURVE('',#226,#236,#238,.T.);
#236 = VERTEX_POINT('',#237);
#237 = CARTESIAN_POINT('',(190.,61.8,0.));
#238 = LINE('',#239,#240);
#239 = CARTESIAN_POINT('',(190.,0.,0.));
#240 = VECTOR('',#241,1.);
#241 = DIRECTION('',(0.,1.,0.));
#242 = ORIENTED_EDGE('',*,*,#243,.F.);
#243 = EDGE_CURVE('',#244,#236,#246,.T.);
#244 = VERTEX_POINT('',#245);
#245 = CARTESIAN_POINT('',(176.,61.8,0.));
#246 = LINE('',#247,#248);
#247 = CARTESIAN_POINT('',(176.,61.8,0.));
#248 = VECTOR('',#249,1.);
#249 = DIRECTION('',(1.,0.,0.));
#250 = ORIENTED_EDGE('',*,*,#251,.F.);
#251 = EDGE_CURVE('',#228,#244,#252,.T.);
#252 = LINE('',#253,#254);
#253 = CARTESIAN_POINT('',(176.,14.,0.));
#254 = VECTOR('',#255,1.);
#255 = DIRECTION('',(0.,1.,0.));
#256 = PLANE('',#257);
#257 = AXIS2_PLACEMENT_3D('',#258,#259,#260);
#258 = CARTESIAN_POINT('',(95.,87.5,0.));
#259 = DIRECTION('',(0.,0.,1.));
#260 = DIRECTION('',(1.,0.,0.));
#261 = ADVANCED_FACE('',(#262),#287,.T.);
#262 = FACE_BOUND('',#263,.T.);
#263 = EDGE_LOOP('',(#264,#272,#280,#286));
#264 = ORIENTED_EDGE('',*,*,#265,.T.);
#265 = EDGE_CURVE('',#226,#266,#268,.T.);
#266 = VERTEX_POINT('',#267);
#267 = CARTESIAN_POINT('',(190.,24.4,-9.999999999999E-03));
#268 = LINE('',#269,#270);
#269 = CARTESIAN_POINT('',(190.,24.4,0.));
#270 = VECTOR('',#271,1.);
#271 = DIRECTION('',(0.,0.,-1.));
#272 = ORIENTED_EDGE('',*,*,#273,.T.);
#273 = EDGE_CURVE('',#266,#274,#276,.T.);
#274 = VERTEX_POINT('',#275);
#275 = CARTESIAN_POINT('',(176.,24.4,-9.999999999999E-03));
#276 = LINE('',#277,#278);
#277 = CARTESIAN_POINT('',(190.,24.4,-1.E-02));
#278 = VECTOR('',#279,1.);
#279 = DIRECTION('',(-1.,0.,0.));
#280 = ORIENTED_EDGE('',*,*,#281,.F.);
#281 = EDGE_CURVE('',#228,#274,#282,.T.);
#282 = LINE('',#283,#284);
#283 = CARTESIAN_POINT('',(176.,24.4,0.));
#284 = VECTOR('',#285,1.);
#285 = DIRECTION('',(0.,0.,-1.));
#286 = ORIENTED_EDGE('',*,*,#225,.F.);
#287 = PLANE('',#288);
#288 = AXIS2_PLACEMENT_3D('',#289,#290,#291);
#289 = CARTESIAN_POINT('',(190.,24.4,0.));
#290 = DIRECTION('',(0.,1.,0.));
#291 = DIRECTION('',(-1.,0.,0.));
#292 = ADVANCED_FACE('',(#293),#318,.F.);
#293 = FACE_BOUND('',#294,.F.);
#294 = EDGE_LOOP('',(#295,#303,#304,#312));
#295 = ORIENTED_EDGE('',*,*,#296,.F.);
#296 = EDGE_CURVE('',#266,#297,#299,.T.);
#297 = VERTEX_POINT('',#298);
#298 = CARTESIAN_POINT('',(190.,23.9,-3.));
#299 = LINE('',#300,#301);
#300 = CARTESIAN_POINT('',(190.,24.180602224132,-1.321998699688));
#301 = VECTOR('',#302,1.);
#302 = DIRECTION('',(0.,-0.164933883836,-0.986304625338));
#303 = ORIENTED_EDGE('',*,*,#273,.T.);
#304 = ORIENTED_EDGE('',*,*,#305,.T.);
#305 = EDGE_CURVE('',#274,#306,#308,.T.);
#306 = VERTEX_POINT('',#307);
#307 = CARTESIAN_POINT('',(176.,23.9,-3.));
#308 = LINE('',#309,#310);
#309 = CARTESIAN_POINT('',(176.,24.275813375263,-0.75263601593));
#310 = VECTOR('',#311,1.);
#311 = DIRECTION('',(0.,-0.164933883836,-0.986304625338));
#312 = ORIENTED_EDGE('',*,*,#313,.F.);
#313 = EDGE_CURVE('',#297,#306,#314,.T.);
#314 = LINE('',#315,#316);
#315 = CARTESIAN_POINT('',(190.,23.9,-3.));
#316 = VECTOR('',#317,1.);
#317 = DIRECTION('',(-1.,0.,0.));
#318 = PLANE('',#319);
#319 = AXIS2_PLACEMENT_3D('',#320,#321,#322);
#320 = CARTESIAN_POINT('',(190.,24.15,-1.505));
#321 = DIRECTION('',(-1.E-17,-0.986304625338,0.164933883836));
#322 = DIRECTION('',(-1.,1.013507811375E-17,-2.258831333613E-20));
#323 = ADVANCED_FACE('',(#324),#358,.F.);
#324 = FACE_BOUND('',#325,.F.);
#325 = EDGE_LOOP('',(#326,#336,#344,#352));
#326 = ORIENTED_EDGE('',*,*,#327,.T.);
#327 = EDGE_CURVE('',#328,#330,#332,.T.);
#328 = VERTEX_POINT('',#329);
#329 = CARTESIAN_POINT('',(0.,61.8,0.));
#330 = VERTEX_POINT('',#331);
#331 = CARTESIAN_POINT('',(0.,24.4,0.));
#332 = LINE('',#333,#334);
#333 = CARTESIAN_POINT('',(0.,175.,0.));
#334 = VECTOR('',#335,1.);
#335 = DIRECTION('',(0.,-1.,0.));
#336 = ORIENTED_EDGE('',*,*,#337,.F.);
#337 = EDGE_CURVE('',#338,#330,#340,.T.);
#338 = VERTEX_POINT('',#339);
#339 = CARTESIAN_POINT('',(14.,24.4,0.));
#340 = LINE('',#341,#342);
#341 = CARTESIAN_POINT('',(14.,24.4,0.));
#342 = VECTOR('',#343,1.);
#343 = DIRECTION('',(-1.,0.,0.));
#344 = ORIENTED_EDGE('',*,*,#345,.F.);
#345 = EDGE_CURVE('',#346,#338,#348,.T.);
#346 = VERTEX_POINT('',#347);
#347 = CARTESIAN_POINT('',(14.,61.8,0.));
#348 = LINE('',#349,#350);
#349 = CARTESIAN_POINT('',(14.,161.,0.));
#350 = VECTOR('',#351,1.);
#351 = DIRECTION('',(0.,-1.,0.));
#352 = ORIENTED_EDGE('',*,*,#353,.F.);
#353 = EDGE_CURVE('',#328,#346,#354,.T.);
#354 = LINE('',#355,#356);
#355 = CARTESIAN_POINT('',(0.,61.8,0.));
#356 = VECTOR('',#357,1.);
#357 = DIRECTION('',(1.,0.,0.));
#358 = PLANE('',#359);
#359 = AXIS2_PLACEMENT_3D('',#360,#361,#362);
#360 = CARTESIAN_POINT('',(95.,87.5,0.));
#361 = DIRECTION('',(0.,0.,1.));
#362 = DIRECTION('',(1.,0.,0.));
#363 = ADVANCED_FACE('',(#364),#389,.T.);
#364 = FACE_BOUND('',#365,.T.);
#365 = EDGE_LOOP('',(#366,#374,#382,#388));
#366 = ORIENTED_EDGE('',*,*,#367,.T.);
#367 = EDGE_CURVE('',#328,#368,#370,.T.);
#368 = VERTEX_POINT('',#369);
#369 = CARTESIAN_POINT('',(0.,61.8,-1.E-02));
#370 = LINE('',#371,#372);
#371 = CARTESIAN_POINT('',(0.,61.8,0.));
#372 = VECTOR('',#373,1.);
#373 = DIRECTION('',(0.,0.,-1.));
#374 = ORIENTED_EDGE('',*,*,#375,.T.);
#375 = EDGE_CURVE('',#368,#376,#378,.T.);
#376 = VERTEX_POINT('',#377);
#377 = CARTESIAN_POINT('',(14.,61.8,-1.E-02));
#378 = LINE('',#379,#380);
#379 = CARTESIAN_POINT('',(0.,61.8,-1.E-02));
#380 = VECTOR('',#381,1.);
#381 = DIRECTION('',(1.,0.,0.));
#382 = ORIENTED_EDGE('',*,*,#383,.F.);
#383 = EDGE_CURVE('',#346,#376,#384,.T.);
#384 = LINE('',#385,#386);
#385 = CARTESIAN_POINT('',(14.,61.8,0.));
#386 = VECTOR('',#387,1.);
#387 = DIRECTION('',(0.,0.,-1.));
#388 = ORIENTED_EDGE('',*,*,#353,.F.);
#389 = PLANE('',#390);
#390 = AXIS2_PLACEMENT_3D('',#391,#392,#393);
#391 = CARTESIAN_POINT('',(0.,61.8,0.));
#392 = DIRECTION('',(0.,-1.,0.));
#393 = DIRECTION('',(1.,0.,0.));
#394 = ADVANCED_FACE('',(#395),#420,.F.);
#395 = FACE_BOUND('',#396,.F.);
#396 = EDGE_LOOP('',(#397,#405,#406,#414));
#397 = ORIENTED_EDGE('',*,*,#398,.F.);
#398 = EDGE_CURVE('',#368,#399,#401,.T.);
#399 = VERTEX_POINT('',#400);
#400 = CARTESIAN_POINT('',(0.,62.3,-3.));
#401 = LINE('',#402,#403);
#402 = CARTESIAN_POINT('',(0.,62.019397775868,-1.321998699688));
#403 = VECTOR('',#404,1.);
#404 = DIRECTION('',(0.,0.164933883836,-0.986304625338));
#405 = ORIENTED_EDGE('',*,*,#375,.T.);
#406 = ORIENTED_EDGE('',*,*,#407,.T.);
#407 = EDGE_CURVE('',#376,#408,#410,.T.);
#408 = VERTEX_POINT('',#409);
#409 = CARTESIAN_POINT('',(14.,62.3,-3.));
#410 = LINE('',#411,#412);
#411 = CARTESIAN_POINT('',(14.,61.924186624737,-0.75263601593));
#412 = VECTOR('',#413,1.);
#413 = DIRECTION('',(0.,0.164933883836,-0.986304625338));
#414 = ORIENTED_EDGE('',*,*,#415,.F.);
#415 = EDGE_CURVE('',#399,#408,#416,.T.);
#416 = LINE('',#417,#418);
#417 = CARTESIAN_POINT('',(0.,62.3,-3.));
#418 = VECTOR('',#419,1.);
#419 = DIRECTION('',(1.,0.,0.));
#420 = PLANE('',#421);
#421 = AXIS2_PLACEMENT_3D('',#422,#423,#424);
#422 = CARTESIAN_POINT('',(0.,62.05,-1.505));
#423 = DIRECTION('',(1.E-17,0.986304625338,0.164933883836));
#424 = DIRECTION('',(1.,-1.013507811375E-17,-2.258831333613E-20));
#425 = ADVANCED_FACE('',(#426),#460,.F.);
#426 = FACE_BOUND('',#427,.F.);
#427 = EDGE_LOOP('',(#428,#438,#446,#454));
#428 = ORIENTED_EDGE('',*,*,#429,.T.);
#429 = EDGE_CURVE('',#430,#432,#434,.T.);
#430 = VERTEX_POINT('',#431);
#431 = CARTESIAN_POINT('',(0.,0.,0.));
#432 = VERTEX_POINT('',#433);
#433 = CARTESIAN_POINT('',(0.,0.,10.));
#434 = LINE('',#435,#436);
#435 = CARTESIAN_POINT('',(0.,0.,0.));
#436 = VECTOR('',#437,1.);
#437 = DIRECTION('',(0.,0.,1.));
#438 = ORIENTED_EDGE('',*,*,#439,.T.);
#439 = EDGE_CURVE('',#432,#440,#442,.T.);
#440 = VERTEX_POINT('',#441);
#441 = CARTESIAN_POINT('',(190.,0.,10.));
#442 = LINE('',#443,#444);
#443 = CARTESIAN_POINT('',(0.,0.,10.));
#444 = VECTOR('',#445,1.);
#445 = DIRECTION('',(1.,0.,0.));
#446 = ORIENTED_EDGE('',*,*,#447,.F.);
#447 = EDGE_CURVE('',#448,#440,#450,.T.);
#448 = VERTEX_POINT('',#449);
#449 = CARTESIAN_POINT('',(190.,0.,0.));
#450 = LINE('',#451,#452);
#451 = CARTESIAN_POINT('',(190.,0.,0.));
#452 = VECTOR('',#453,1.);
#453 = DIRECTION('',(0.,0.,1.));
#454 = ORIENTED_EDGE('',*,*,#455,.F.);
#455 = EDGE_CURVE('',#430,#448,#456,.T.);
#456 = LINE('',#457,#458);
#457 = CARTESIAN_POINT('',(0.,0.,0.));
#458 = VECTOR('',#459,1.);
#459 = DIRECTION('',(1.,0.,0.));
#460 = PLANE('',#461);
#461 = AXIS2_PLACEMENT_3D('',#462,#463,#464);
#462 = CARTESIAN_POINT('',(0.,0.,0.));
#463 = DIRECTION('',(0.,1.,0.));
#464 = DIRECTION('',(1.,0.,0.));
#465 = ADVANCED_FACE('',(#466),#523,.F.);
#466 = FACE_BOUND('',#467,.F.);
#467 = EDGE_LOOP('',(#468,#476,#477,#485,#493,#501,#509,#517));
#468 = ORIENTED_EDGE('',*,*,#469,.T.);
#469 = EDGE_CURVE('',#470,#430,#472,.T.);
#470 = VERTEX_POINT('',#471);
#471 = CARTESIAN_POINT('',(0.,17.4,0.));
#472 = LINE('',#473,#474);
#473 = CARTESIAN_POINT('',(0.,175.,0.));
#474 = VECTOR('',#475,1.);
#475 = DIRECTION('',(0.,-1.,0.));
#476 = ORIENTED_EDGE('',*,*,#455,.T.);
#477 = ORIENTED_EDGE('',*,*,#478,.T.);
#478 = EDGE_CURVE('',#448,#479,#481,.T.);
#479 = VERTEX_POINT('',#480);
#480 = CARTESIAN_POINT('',(190.,17.4,0.));
#481 = LINE('',#482,#483);
#482 = CARTESIAN_POINT('',(190.,0.,0.));
#483 = VECTOR('',#484,1.);
#484 = DIRECTION('',(0.,1.,0.));
#485 = ORIENTED_EDGE('',*,*,#486,.F.);
#486 = EDGE_CURVE('',#487,#479,#489,.T.);
#487 = VERTEX_POINT('',#488);
#488 = CARTESIAN_POINT('',(176.,17.4,0.));
#489 = LINE('',#490,#491);
#490 = CARTESIAN_POINT('',(176.,17.4,0.));
#491 = VECTOR('',#492,1.);
#492 = DIRECTION('',(1.,0.,0.));
#493 = ORIENTED_EDGE('',*,*,#494,.F.);
#494 = EDGE_CURVE('',#495,#487,#497,.T.);
#495 = VERTEX_POINT('',#496);
#496 = CARTESIAN_POINT('',(176.,14.,0.));
#497 = LINE('',#498,#499);
#498 = CARTESIAN_POINT('',(176.,14.,0.));
#499 = VECTOR('',#500,1.);
#500 = DIRECTION('',(0.,1.,0.));
#501 = ORIENTED_EDGE('',*,*,#502,.F.);
#502 = EDGE_CURVE('',#503,#495,#505,.T.);
#503 = VERTEX_POINT('',#504);
#504 = CARTESIAN_POINT('',(14.,14.,0.));
#505 = LINE('',#506,#507);
#506 = CARTESIAN_POINT('',(14.,14.,0.));
#507 = VECTOR('',#508,1.);
#508 = DIRECTION('',(1.,0.,0.));
#509 = ORIENTED_EDGE('',*,*,#510,.F.);
#510 = EDGE_CURVE('',#511,#503,#513,.T.);
#511 = VERTEX_POINT('',#512);
#512 = CARTESIAN_POINT('',(14.,17.4,0.));
#513 = LINE('',#514,#515);
#514 = CARTESIAN_POINT('',(14.,161.,0.));
#515 = VECTOR('',#516,1.);
#516 = DIRECTION('',(0.,-1.,0.));
#517 = ORIENTED_EDGE('',*,*,#518,.F.);
#518 = EDGE_CURVE('',#470,#511,#519,.T.);
#519 = LINE('',#520,#521);
#520 = CARTESIAN_POINT('',(0.,17.4,0.));
#521 = VECTOR('',#522,1.);
#522 = DIRECTION('',(1.,0.,0.));
#523 = PLANE('',#524);
#524 = AXIS2_PLACEMENT_3D('',#525,#526,#527);
#525 = CARTESIAN_POINT('',(95.,87.5,0.));
#526 = DIRECTION('',(0.,0.,1.));
#527 = DIRECTION('',(1.,0.,0.));
#528 = ADVANCED_FACE('',(#529,#554,#565,#576,#587,#598,#609,#620,#654,
    #665),#676,.T.);
#529 = FACE_BOUND('',#530,.T.);
#530 = EDGE_LOOP('',(#531,#532,#540,#548));
#531 = ORIENTED_EDGE('',*,*,#439,.T.);
#532 = ORIENTED_EDGE('',*,*,#533,.T.);
#533 = EDGE_CURVE('',#440,#534,#536,.T.);
#534 = VERTEX_POINT('',#535);
#535 = CARTESIAN_POINT('',(190.,175.,10.));
#536 = LINE('',#537,#538);
#537 = CARTESIAN_POINT('',(190.,0.,10.));
#538 = VECTOR('',#539,1.);
#539 = DIRECTION('',(0.,1.,0.));
#540 = ORIENTED_EDGE('',*,*,#541,.T.);
#541 = EDGE_CURVE('',#534,#542,#544,.T.);
#542 = VERTEX_POINT('',#543);
#543 = CARTESIAN_POINT('',(0.,175.,10.));
#544 = LINE('',#545,#546);
#545 = CARTESIAN_POINT('',(190.,175.,10.));
#546 = VECTOR('',#547,1.);
#547 = DIRECTION('',(-1.,0.,0.));
#548 = ORIENTED_EDGE('',*,*,#549,.T.);
#549 = EDGE_CURVE('',#542,#432,#550,.T.);
#550 = LINE('',#551,#552);
#551 = CARTESIAN_POINT('',(0.,175.,10.));
#552 = VECTOR('',#553,1.);
#553 = DIRECTION('',(0.,-1.,0.));
#554 = FACE_BOUND('',#555,.T.);
#555 = EDGE_LOOP('',(#556));
#556 = ORIENTED_EDGE('',*,*,#557,.F.);
#557 = EDGE_CURVE('',#558,#558,#560,.T.);
#558 = VERTEX_POINT('',#559);
#559 = CARTESIAN_POINT('',(13.25,20.9,10.));
#560 = CIRCLE('',#561,5.25);
#561 = AXIS2_PLACEMENT_3D('',#562,#563,#564);
#562 = CARTESIAN_POINT('',(8.,20.9,10.));
#563 = DIRECTION('',(0.,0.,1.));
#564 = DIRECTION('',(1.,0.,0.));
#565 = FACE_BOUND('',#566,.T.);
#566 = EDGE_LOOP('',(#567));
#567 = ORIENTED_EDGE('',*,*,#568,.F.);
#568 = EDGE_CURVE('',#569,#569,#571,.T.);
#569 = VERTEX_POINT('',#570);
#570 = CARTESIAN_POINT('',(13.25,65.3,10.));
#571 = CIRCLE('',#572,5.25);
#572 = AXIS2_PLACEMENT_3D('',#573,#574,#575);
#573 = CARTESIAN_POINT('',(8.,65.3,10.));
#574 = DIRECTION('',(0.,0.,1.));
#575 = DIRECTION('',(1.,0.,0.));
#576 = FACE_BOUND('',#577,.T.);
#577 = EDGE_LOOP('',(#578));
#578 = ORIENTED_EDGE('',*,*,#579,.F.);
#579 = EDGE_CURVE('',#580,#580,#582,.T.);
#580 = VERTEX_POINT('',#581);
#581 = CARTESIAN_POINT('',(187.25,20.9,10.));
#582 = CIRCLE('',#583,5.25);
#583 = AXIS2_PLACEMENT_3D('',#584,#585,#586);
#584 = CARTESIAN_POINT('',(182.,20.9,10.));
#585 = DIRECTION('',(0.,0.,1.));
#586 = DIRECTION('',(1.,0.,0.));
#587 = FACE_BOUND('',#588,.T.);
#588 = EDGE_LOOP('',(#589));
#589 = ORIENTED_EDGE('',*,*,#590,.F.);
#590 = EDGE_CURVE('',#591,#591,#593,.T.);
#591 = VERTEX_POINT('',#592);
#592 = CARTESIAN_POINT('',(187.25,65.3,10.));
#593 = CIRCLE('',#594,5.25);
#594 = AXIS2_PLACEMENT_3D('',#595,#596,#597);
#595 = CARTESIAN_POINT('',(182.,65.3,10.));
#596 = DIRECTION('',(0.,0.,1.));
#597 = DIRECTION('',(1.,0.,0.));
#598 = FACE_BOUND('',#599,.T.);
#599 = EDGE_LOOP('',(#600));
#600 = ORIENTED_EDGE('',*,*,#601,.F.);
#601 = EDGE_CURVE('',#602,#602,#604,.T.);
#602 = VERTEX_POINT('',#603);
#603 = CARTESIAN_POINT('',(13.25,109.7,10.));
#604 = CIRCLE('',#605,5.25);
#605 = AXIS2_PLACEMENT_3D('',#606,#607,#608);
#606 = CARTESIAN_POINT('',(8.,109.7,10.));
#607 = DIRECTION('',(0.,0.,1.));
#608 = DIRECTION('',(1.,0.,0.));
#609 = FACE_BOUND('',#610,.T.);
#610 = EDGE_LOOP('',(#611));
#611 = ORIENTED_EDGE('',*,*,#612,.F.);
#612 = EDGE_CURVE('',#613,#613,#615,.T.);
#613 = VERTEX_POINT('',#614);
#614 = CARTESIAN_POINT('',(13.25,154.1,10.));
#615 = CIRCLE('',#616,5.25);
#616 = AXIS2_PLACEMENT_3D('',#617,#618,#619);
#617 = CARTESIAN_POINT('',(8.,154.1,10.));
#618 = DIRECTION('',(0.,0.,1.));
#619 = DIRECTION('',(1.,0.,0.));
#620 = FACE_BOUND('',#621,.T.);
#621 = EDGE_LOOP('',(#622,#632,#640,#648));
#622 = ORIENTED_EDGE('',*,*,#623,.T.);
#623 = EDGE_CURVE('',#624,#626,#628,.T.);
#624 = VERTEX_POINT('',#625);
#625 = CARTESIAN_POINT('',(20.,155.,10.));
#626 = VERTEX_POINT('',#627);
#627 = CARTESIAN_POINT('',(170.,155.,10.));
#628 = LINE('',#629,#630);
#629 = CARTESIAN_POINT('',(20.,155.,10.));
#630 = VECTOR('',#631,1.);
#631 = DIRECTION('',(1.,0.,0.));
#632 = ORIENTED_EDGE('',*,*,#633,.T.);
#633 = EDGE_CURVE('',#626,#634,#636,.T.);
#634 = VERTEX_POINT('',#635);
#635 = CARTESIAN_POINT('',(170.,20.,10.));
#636 = LINE('',#637,#638);
#637 = CARTESIAN_POINT('',(170.,155.,10.));
#638 = VECTOR('',#639,1.);
#639 = DIRECTION('',(0.,-1.,0.));
#640 = ORIENTED_EDGE('',*,*,#641,.T.);
#641 = EDGE_CURVE('',#634,#642,#644,.T.);
#642 = VERTEX_POINT('',#643);
#643 = CARTESIAN_POINT('',(20.,20.,10.));
#644 = LINE('',#645,#646);
#645 = CARTESIAN_POINT('',(170.,20.,10.));
#646 = VECTOR('',#647,1.);
#647 = DIRECTION('',(-1.,0.,0.));
#648 = ORIENTED_EDGE('',*,*,#649,.T.);
#649 = EDGE_CURVE('',#642,#624,#650,.T.);
#650 = LINE('',#651,#652);
#651 = CARTESIAN_POINT('',(20.,20.,10.));
#652 = VECTOR('',#653,1.);
#653 = DIRECTION('',(0.,1.,0.));
#654 = FACE_BOUND('',#655,.T.);
#655 = EDGE_LOOP('',(#656));
#656 = ORIENTED_EDGE('',*,*,#657,.F.);
#657 = EDGE_CURVE('',#658,#658,#660,.T.);
#658 = VERTEX_POINT('',#659);
#659 = CARTESIAN_POINT('',(187.25,109.7,10.));
#660 = CIRCLE('',#661,5.25);
#661 = AXIS2_PLACEMENT_3D('',#662,#663,#664);
#662 = CARTESIAN_POINT('',(182.,109.7,10.));
#663 = DIRECTION('',(0.,0.,1.));
#664 = DIRECTION('',(1.,0.,0.));
#665 = FACE_BOUND('',#666,.T.);
#666 = EDGE_LOOP('',(#667));
#667 = ORIENTED_EDGE('',*,*,#668,.F.);
#668 = EDGE_CURVE('',#669,#669,#671,.T.);
#669 = VERTEX_POINT('',#670);
#670 = CARTESIAN_POINT('',(187.25,154.1,10.));
#671 = CIRCLE('',#672,5.25);
#672 = AXIS2_PLACEMENT_3D('',#673,#674,#675);
#673 = CARTESIAN_POINT('',(182.,154.1,10.));
#674 = DIRECTION('',(0.,0.,1.));
#675 = DIRECTION('',(1.,0.,0.));
#676 = PLANE('',#677);
#677 = AXIS2_PLACEMENT_3D('',#678,#679,#680);
#678 = CARTESIAN_POINT('',(95.,87.5,10.));
#679 = DIRECTION('',(0.,0.,1.));
#680 = DIRECTION('',(1.,0.,0.));
#681 = ADVANCED_FACE('',(#682),#716,.T.);
#682 = FACE_BOUND('',#683,.T.);
#683 = EDGE_LOOP('',(#684,#694,#702,#710));
#684 = ORIENTED_EDGE('',*,*,#685,.T.);
#685 = EDGE_CURVE('',#686,#688,#690,.T.);
#686 = VERTEX_POINT('',#687);
#687 = CARTESIAN_POINT('',(0.,150.6,0.));
#688 = VERTEX_POINT('',#689);
#689 = CARTESIAN_POINT('',(0.,150.6,-1.E-02));
#690 = LINE('',#691,#692);
#691 = CARTESIAN_POINT('',(0.,150.6,0.));
#692 = VECTOR('',#693,1.);
#693 = DIRECTION('',(0.,0.,-1.));
#694 = ORIENTED_EDGE('',*,*,#695,.T.);
#695 = EDGE_CURVE('',#688,#696,#698,.T.);
#696 = VERTEX_POINT('',#697);
#697 = CARTESIAN_POINT('',(14.,150.6,-1.E-02));
#698 = LINE('',#699,#700);
#699 = CARTESIAN_POINT('',(0.,150.6,-1.E-02));
#700 = VECTOR('',#701,1.);
#701 = DIRECTION('',(1.,0.,0.));
#702 = ORIENTED_EDGE('',*,*,#703,.F.);
#703 = EDGE_CURVE('',#704,#696,#706,.T.);
#704 = VERTEX_POINT('',#705);
#705 = CARTESIAN_POINT('',(14.,150.6,0.));
#706 = LINE('',#707,#708);
#707 = CARTESIAN_POINT('',(14.,150.6,0.));
#708 = VECTOR('',#709,1.);
#709 = DIRECTION('',(0.,0.,-1.));
#710 = ORIENTED_EDGE('',*,*,#711,.F.);
#711 = EDGE_CURVE('',#686,#704,#712,.T.);
#712 = LINE('',#713,#714);
#713 = CARTESIAN_POINT('',(0.,150.6,0.));
#714 = VECTOR('',#715,1.);
#715 = DIRECTION('',(1.,0.,0.));
#716 = PLANE('',#717);
#717 = AXIS2_PLACEMENT_3D('',#718,#719,#720);
#718 = CARTESIAN_POINT('',(0.,150.6,0.));
#719 = DIRECTION('',(0.,-1.,0.));
#720 = DIRECTION('',(1.,0.,0.));
#721 = ADVANCED_FACE('',(#722),#747,.F.);
#722 = FACE_BOUND('',#723,.F.);
#723 = EDGE_LOOP('',(#724,#732,#733,#741));
#724 = ORIENTED_EDGE('',*,*,#725,.F.);
#725 = EDGE_CURVE('',#688,#726,#728,.T.);
#726 = VERTEX_POINT('',#727);
#727 = CARTESIAN_POINT('',(0.,151.1,-3.));
#728 = LINE('',#729,#730);
#729 = CARTESIAN_POINT('',(0.,150.81939777586,-1.321998699688));
#730 = VECTOR('',#731,1.);
#731 = DIRECTION('',(0.,0.164933883836,-0.986304625338));
#732 = ORIENTED_EDGE('',*,*,#695,.T.);
#733 = ORIENTED_EDGE('',*,*,#734,.T.);
#734 = EDGE_CURVE('',#696,#735,#737,.T.);
#735 = VERTEX_POINT('',#736);
#736 = CARTESIAN_POINT('',(14.,151.1,-3.));
#737 = LINE('',#738,#739);
#738 = CARTESIAN_POINT('',(14.,150.72418662473,-0.75263601593));
#739 = VECTOR('',#740,1.);
#740 = DIRECTION('',(0.,0.164933883836,-0.986304625338));
#741 = ORIENTED_EDGE('',*,*,#742,.F.);
#742 = EDGE_CURVE('',#726,#735,#743,.T.);
#743 = LINE('',#744,#745);
#744 = CARTESIAN_POINT('',(0.,151.1,-3.));
#745 = VECTOR('',#746,1.);
#746 = DIRECTION('',(1.,0.,0.));
#747 = PLANE('',#748);
#748 = AXIS2_PLACEMENT_3D('',#749,#750,#751);
#749 = CARTESIAN_POINT('',(0.,150.85,-1.505));
#750 = DIRECTION('',(1.E-17,0.986304625338,0.164933883836));
#751 = DIRECTION('',(1.,-1.013507811375E-17,-2.258831333613E-20));
#752 = ADVANCED_FACE('',(#753),#787,.T.);
#753 = FACE_BOUND('',#754,.T.);
#754 = EDGE_LOOP('',(#755,#765,#773,#781));
#755 = ORIENTED_EDGE('',*,*,#756,.T.);
#756 = EDGE_CURVE('',#757,#759,#761,.T.);
#757 = VERTEX_POINT('',#758);
#758 = CARTESIAN_POINT('',(14.,157.6,0.));
#759 = VERTEX_POINT('',#760);
#760 = CARTESIAN_POINT('',(14.,157.6,-1.E-02));
#761 = LINE('',#762,#763);
#762 = CARTESIAN_POINT('',(14.,157.6,0.));
#763 = VECTOR('',#764,1.);
#764 = DIRECTION('',(0.,0.,-1.));
#765 = ORIENTED_EDGE('',*,*,#766,.T.);
#766 = EDGE_CURVE('',#759,#767,#769,.T.);
#767 = VERTEX_POINT('',#768);
#768 = CARTESIAN_POINT('',(0.,157.6,-1.E-02));
#769 = LINE('',#770,#771);
#770 = CARTESIAN_POINT('',(14.,157.6,-1.E-02));
#771 = VECTOR('',#772,1.);
#772 = DIRECTION('',(-1.,0.,0.));
#773 = ORIENTED_EDGE('',*,*,#774,.F.);
#774 = EDGE_CURVE('',#775,#767,#777,.T.);
#775 = VERTEX_POINT('',#776);
#776 = CARTESIAN_POINT('',(0.,157.6,0.));
#777 = LINE('',#778,#779);
#778 = CARTESIAN_POINT('',(0.,157.6,0.));
#779 = VECTOR('',#780,1.);
#780 = DIRECTION('',(0.,0.,-1.));
#781 = ORIENTED_EDGE('',*,*,#782,.F.);
#782 = EDGE_CURVE('',#757,#775,#783,.T.);
#783 = LINE('',#784,#785);
#784 = CARTESIAN_POINT('',(14.,157.6,0.));
#785 = VECTOR('',#786,1.);
#786 = DIRECTION('',(-1.,0.,0.));
#787 = PLANE('',#788);
#788 = AXIS2_PLACEMENT_3D('',#789,#790,#791);
#789 = CARTESIAN_POINT('',(14.,157.6,0.));
#790 = DIRECTION('',(0.,1.,0.));
#791 = DIRECTION('',(-1.,0.,0.));
#792 = ADVANCED_FACE('',(#793),#818,.F.);
#793 = FACE_BOUND('',#794,.F.);
#794 = EDGE_LOOP('',(#795,#803,#804,#812));
#795 = ORIENTED_EDGE('',*,*,#796,.F.);
#796 = EDGE_CURVE('',#759,#797,#799,.T.);
#797 = VERTEX_POINT('',#798);
#798 = CARTESIAN_POINT('',(14.,157.1,-3.));
#799 = LINE('',#800,#801);
#800 = CARTESIAN_POINT('',(14.,157.38060222413,-1.321998699688));
#801 = VECTOR('',#802,1.);
#802 = DIRECTION('',(0.,-0.164933883836,-0.986304625338));
#803 = ORIENTED_EDGE('',*,*,#766,.T.);
#804 = ORIENTED_EDGE('',*,*,#805,.T.);
#805 = EDGE_CURVE('',#767,#806,#808,.T.);
#806 = VERTEX_POINT('',#807);
#807 = CARTESIAN_POINT('',(0.,157.1,-3.));
#808 = LINE('',#809,#810);
#809 = CARTESIAN_POINT('',(0.,157.47581337526,-0.75263601593));
#810 = VECTOR('',#811,1.);
#811 = DIRECTION('',(0.,-0.164933883836,-0.986304625338));
#812 = ORIENTED_EDGE('',*,*,#813,.F.);
#813 = EDGE_CURVE('',#797,#806,#814,.T.);
#814 = LINE('',#815,#816);
#815 = CARTESIAN_POINT('',(14.,157.1,-3.));
#816 = VECTOR('',#817,1.);
#817 = DIRECTION('',(-1.,0.,0.));
#818 = PLANE('',#819);
#819 = AXIS2_PLACEMENT_3D('',#820,#821,#822);
#820 = CARTESIAN_POINT('',(14.,157.35,-1.505));
#821 = DIRECTION('',(-1.E-17,-0.986304625338,0.164933883836));
#822 = DIRECTION('',(-1.,1.013507811375E-17,-2.258831333613E-20));
#823 = ADVANCED_FACE('',(#824,#840),#851,.F.);
#824 = FACE_BOUND('',#825,.F.);
#825 = EDGE_LOOP('',(#826,#832,#833,#839));
#826 = ORIENTED_EDGE('',*,*,#827,.T.);
#827 = EDGE_CURVE('',#806,#726,#828,.T.);
#828 = LINE('',#829,#830);
#829 = CARTESIAN_POINT('',(0.,157.6,-3.));
#830 = VECTOR('',#831,1.);
#831 = DIRECTION('',(0.,-1.,0.));
#832 = ORIENTED_EDGE('',*,*,#742,.T.);
#833 = ORIENTED_EDGE('',*,*,#834,.T.);
#834 = EDGE_CURVE('',#735,#797,#835,.T.);
#835 = LINE('',#836,#837);
#836 = CARTESIAN_POINT('',(14.,150.6,-3.));
#837 = VECTOR('',#838,1.);
#838 = DIRECTION('',(0.,1.,0.));
#839 = ORIENTED_EDGE('',*,*,#813,.T.);
#840 = FACE_BOUND('',#841,.F.);
#841 = EDGE_LOOP('',(#842));
#842 = ORIENTED_EDGE('',*,*,#843,.F.);
#843 = EDGE_CURVE('',#844,#844,#846,.T.);
#844 = VERTEX_POINT('',#845);
#845 = CARTESIAN_POINT('',(10.75,154.1,-3.));
#846 = CIRCLE('',#847,2.75);
#847 = AXIS2_PLACEMENT_3D('',#848,#849,#850);
#848 = CARTESIAN_POINT('',(8.,154.1,-3.));
#849 = DIRECTION('',(0.,0.,1.));
#850 = DIRECTION('',(1.,0.,0.));
#851 = PLANE('',#852);
#852 = AXIS2_PLACEMENT_3D('',#853,#854,#855);
#853 = CARTESIAN_POINT('',(95.,87.5,-3.));
#854 = DIRECTION('',(0.,0.,1.));
#855 = DIRECTION('',(1.,0.,0.));
#856 = ADVANCED_FACE('',(#857),#914,.F.);
#857 = FACE_BOUND('',#858,.F.);
#858 = EDGE_LOOP('',(#859,#867,#868,#876,#884,#892,#900,#908));
#859 = ORIENTED_EDGE('',*,*,#860,.T.);
#860 = EDGE_CURVE('',#861,#775,#863,.T.);
#861 = VERTEX_POINT('',#862);
#862 = CARTESIAN_POINT('',(0.,175.,0.));
#863 = LINE('',#864,#865);
#864 = CARTESIAN_POINT('',(0.,175.,0.));
#865 = VECTOR('',#866,1.);
#866 = DIRECTION('',(0.,-1.,0.));
#867 = ORIENTED_EDGE('',*,*,#782,.F.);
#868 = ORIENTED_EDGE('',*,*,#869,.F.);
#869 = EDGE_CURVE('',#870,#757,#872,.T.);
#870 = VERTEX_POINT('',#871);
#871 = CARTESIAN_POINT('',(14.,161.,0.));
#872 = LINE('',#873,#874);
#873 = CARTESIAN_POINT('',(14.,161.,0.));
#874 = VECTOR('',#875,1.);
#875 = DIRECTION('',(0.,-1.,0.));
#876 = ORIENTED_EDGE('',*,*,#877,.F.);
#877 = EDGE_CURVE('',#878,#870,#880,.T.);
#878 = VERTEX_POINT('',#879);
#879 = CARTESIAN_POINT('',(176.,161.,0.));
#880 = LINE('',#881,#882);
#881 = CARTESIAN_POINT('',(176.,161.,0.));
#882 = VECTOR('',#883,1.);
#883 = DIRECTION('',(-1.,0.,0.));
#884 = ORIENTED_EDGE('',*,*,#885,.F.);
#885 = EDGE_CURVE('',#886,#878,#888,.T.);
#886 = VERTEX_POINT('',#887);
#887 = CARTESIAN_POINT('',(176.,157.6,0.));
#888 = LINE('',#889,#890);
#889 = CARTESIAN_POINT('',(176.,14.,0.));
#890 = VECTOR('',#891,1.);
#891 = DIRECTION('',(0.,1.,0.));
#892 = ORIENTED_EDGE('',*,*,#893,.F.);
#893 = EDGE_CURVE('',#894,#886,#896,.T.);
#894 = VERTEX_POINT('',#895);
#895 = CARTESIAN_POINT('',(190.,157.6,0.));
#896 = LINE('',#897,#898);
#897 = CARTESIAN_POINT('',(190.,157.6,0.));
#898 = VECTOR('',#899,1.);
#899 = DIRECTION('',(-1.,0.,0.));
#900 = ORIENTED_EDGE('',*,*,#901,.T.);
#901 = EDGE_CURVE('',#894,#902,#904,.T.);
#902 = VERTEX_POINT('',#903);
#903 = CARTESIAN_POINT('',(190.,175.,0.));
#904 = LINE('',#905,#906);
#905 = CARTESIAN_POINT('',(190.,0.,0.));
#906 = VECTOR('',#907,1.);
#907 = DIRECTION('',(0.,1.,0.));
#908 = ORIENTED_EDGE('',*,*,#909,.T.);
#909 = EDGE_CURVE('',#902,#861,#910,.T.);
#910 = LINE('',#911,#912);
#911 = CARTESIAN_POINT('',(190.,175.,0.));
#912 = VECTOR('',#913,1.);
#913 = DIRECTION('',(-1.,0.,0.));
#914 = PLANE('',#915);
#915 = AXIS2_PLACEMENT_3D('',#916,#917,#918);
#916 = CARTESIAN_POINT('',(95.,87.5,0.));
#917 = DIRECTION('',(0.,0.,1.));
#918 = DIRECTION('',(1.,0.,0.));
#919 = ADVANCED_FACE('',(#920),#936,.F.);
#920 = FACE_BOUND('',#921,.F.);
#921 = EDGE_LOOP('',(#922,#928,#929,#935));
#922 = ORIENTED_EDGE('',*,*,#923,.T.);
#923 = EDGE_CURVE('',#902,#534,#924,.T.);
#924 = LINE('',#925,#926);
#925 = CARTESIAN_POINT('',(190.,175.,0.));
#926 = VECTOR('',#927,1.);
#927 = DIRECTION('',(0.,0.,1.));
#928 = ORIENTED_EDGE('',*,*,#541,.T.);
#929 = ORIENTED_EDGE('',*,*,#930,.F.);
#930 = EDGE_CURVE('',#861,#542,#931,.T.);
#931 = LINE('',#932,#933);
#932 = CARTESIAN_POINT('',(0.,175.,0.));
#933 = VECTOR('',#934,1.);
#934 = DIRECTION('',(0.,0.,1.));
#935 = ORIENTED_EDGE('',*,*,#909,.F.);
#936 = PLANE('',#937);
#937 = AXIS2_PLACEMENT_3D('',#938,#939,#940);
#938 = CARTESIAN_POINT('',(190.,175.,0.));
#939 = DIRECTION('',(0.,-1.,0.));
#940 = DIRECTION('',(-1.,0.,0.));
#941 = ADVANCED_FACE('',(#942),#967,.F.);
#942 = FACE_BOUND('',#943,.F.);
#943 = EDGE_LOOP('',(#944,#952,#960,#966));
#944 = ORIENTED_EDGE('',*,*,#945,.T.);
#945 = EDGE_CURVE('',#686,#946,#948,.T.);
#946 = VERTEX_POINT('',#947);
#947 = CARTESIAN_POINT('',(0.,113.2,0.));
#948 = LINE('',#949,#950);
#949 = CARTESIAN_POINT('',(0.,175.,0.));
#950 = VECTOR('',#951,1.);
#951 = DIRECTION('',(0.,-1.,0.));
#952 = ORIENTED_EDGE('',*,*,#953,.T.);
#953 = EDGE_CURVE('',#946,#954,#956,.T.);
#954 = VERTEX_POINT('',#955);
#955 = CARTESIAN_POINT('',(14.,113.2,0.));
#956 = LINE('',#957,#958);
#957 = CARTESIAN_POINT('',(0.,113.2,0.));
#958 = VECTOR('',#959,1.);
#959 = DIRECTION('',(1.,0.,0.));
#960 = ORIENTED_EDGE('',*,*,#961,.F.);
#961 = EDGE_CURVE('',#704,#954,#962,.T.);
#962 = LINE('',#963,#964);
#963 = CARTESIAN_POINT('',(14.,161.,0.));
#964 = VECTOR('',#965,1.);
#965 = DIRECTION('',(0.,-1.,0.));
#966 = ORIENTED_EDGE('',*,*,#711,.F.);
#967 = PLANE('',#968);
#968 = AXIS2_PLACEMENT_3D('',#969,#970,#971);
#969 = CARTESIAN_POINT('',(95.,87.5,0.));
#970 = DIRECTION('',(0.,0.,1.));
#971 = DIRECTION('',(1.,0.,0.));
#972 = ADVANCED_FACE('',(#973),#992,.F.);
#973 = FACE_BOUND('',#974,.F.);
#974 = EDGE_LOOP('',(#975,#984,#990,#991));
#975 = ORIENTED_EDGE('',*,*,#976,.F.);
#976 = EDGE_CURVE('',#977,#977,#979,.T.);
#977 = VERTEX_POINT('',#978);
#978 = CARTESIAN_POINT('',(10.75,154.1,9.));
#979 = CIRCLE('',#980,2.75);
#980 = AXIS2_PLACEMENT_3D('',#981,#982,#983);
#981 = CARTESIAN_POINT('',(8.,154.1,9.));
#982 = DIRECTION('',(0.,0.,1.));
#983 = DIRECTION('',(1.,0.,0.));
#984 = ORIENTED_EDGE('',*,*,#985,.T.);
#985 = EDGE_CURVE('',#977,#844,#986,.T.);
#986 = LINE('',#987,#988);
#987 = CARTESIAN_POINT('',(10.75,154.1,10.));
#988 = VECTOR('',#989,1.);
#989 = DIRECTION('',(-0.,-0.,-1.));
#990 = ORIENTED_EDGE('',*,*,#843,.T.);
#991 = ORIENTED_EDGE('',*,*,#985,.F.);
#992 = CYLINDRICAL_SURFACE('',#993,2.75);
#993 = AXIS2_PLACEMENT_3D('',#994,#995,#996);
#994 = CARTESIAN_POINT('',(8.,154.1,10.));
#995 = DIRECTION('',(0.,0.,1.));
#996 = DIRECTION('',(1.,0.,0.));
#997 = ADVANCED_FACE('',(#998),#1023,.T.);
#998 = FACE_BOUND('',#999,.T.);
#999 = EDGE_LOOP('',(#1000,#1008,#1016,#1022));
#1000 = ORIENTED_EDGE('',*,*,#1001,.T.);
#1001 = EDGE_CURVE('',#894,#1002,#1004,.T.);
#1002 = VERTEX_POINT('',#1003);
#1003 = CARTESIAN_POINT('',(190.,157.6,-1.E-02));
#1004 = LINE('',#1005,#1006);
#1005 = CARTESIAN_POINT('',(190.,157.6,0.));
#1006 = VECTOR('',#1007,1.);
#1007 = DIRECTION('',(0.,0.,-1.));
#1008 = ORIENTED_EDGE('',*,*,#1009,.T.);
#1009 = EDGE_CURVE('',#1002,#1010,#1012,.T.);
#1010 = VERTEX_POINT('',#1011);
#1011 = CARTESIAN_POINT('',(176.,157.6,-1.E-02));
#1012 = LINE('',#1013,#1014);
#1013 = CARTESIAN_POINT('',(190.,157.6,-1.E-02));
#1014 = VECTOR('',#1015,1.);
#1015 = DIRECTION('',(-1.,0.,0.));
#1016 = ORIENTED_EDGE('',*,*,#1017,.F.);
#1017 = EDGE_CURVE('',#886,#1010,#1018,.T.);
#1018 = LINE('',#1019,#1020);
#1019 = CARTESIAN_POINT('',(176.,157.6,0.));
#1020 = VECTOR('',#1021,1.);
#1021 = DIRECTION('',(0.,0.,-1.));
#1022 = ORIENTED_EDGE('',*,*,#893,.F.);
#1023 = PLANE('',#1024);
#1024 = AXIS2_PLACEMENT_3D('',#1025,#1026,#1027);
#1025 = CARTESIAN_POINT('',(190.,157.6,0.));
#1026 = DIRECTION('',(0.,1.,0.));
#1027 = DIRECTION('',(-1.,0.,0.));
#1028 = ADVANCED_FACE('',(#1029),#1054,.T.);
#1029 = FACE_BOUND('',#1030,.T.);
#1030 = EDGE_LOOP('',(#1031,#1039,#1047,#1053));
#1031 = ORIENTED_EDGE('',*,*,#1032,.T.);
#1032 = EDGE_CURVE('',#878,#1033,#1035,.T.);
#1033 = VERTEX_POINT('',#1034);
#1034 = CARTESIAN_POINT('',(176.,161.,3.5));
#1035 = LINE('',#1036,#1037);
#1036 = CARTESIAN_POINT('',(176.,161.,0.));
#1037 = VECTOR('',#1038,1.);
#1038 = DIRECTION('',(0.,0.,1.));
#1039 = ORIENTED_EDGE('',*,*,#1040,.T.);
#1040 = EDGE_CURVE('',#1033,#1041,#1043,.T.);
#1041 = VERTEX_POINT('',#1042);
#1042 = CARTESIAN_POINT('',(14.,161.,3.5));
#1043 = LINE('',#1044,#1045);
#1044 = CARTESIAN_POINT('',(176.,161.,3.5));
#1045 = VECTOR('',#1046,1.);
#1046 = DIRECTION('',(-1.,0.,0.));
#1047 = ORIENTED_EDGE('',*,*,#1048,.F.);
#1048 = EDGE_CURVE('',#870,#1041,#1049,.T.);
#1049 = LINE('',#1050,#1051);
#1050 = CARTESIAN_POINT('',(14.,161.,0.));
#1051 = VECTOR('',#1052,1.);
#1052 = DIRECTION('',(0.,0.,1.));
#1053 = ORIENTED_EDGE('',*,*,#877,.F.);
#1054 = PLANE('',#1055);
#1055 = AXIS2_PLACEMENT_3D('',#1056,#1057,#1058);
#1056 = CARTESIAN_POINT('',(176.,161.,0.));
#1057 = DIRECTION('',(0.,-1.,0.));
#1058 = DIRECTION('',(-1.,0.,0.));
#1059 = ADVANCED_FACE('',(#1060),#1085,.F.);
#1060 = FACE_BOUND('',#1061,.F.);
#1061 = EDGE_LOOP('',(#1062,#1070,#1078,#1084));
#1062 = ORIENTED_EDGE('',*,*,#1063,.T.);
#1063 = EDGE_CURVE('',#946,#1064,#1066,.T.);
#1064 = VERTEX_POINT('',#1065);
#1065 = CARTESIAN_POINT('',(0.,113.2,-1.E-02));
#1066 = LINE('',#1067,#1068);
#1067 = CARTESIAN_POINT('',(0.,113.2,0.));
#1068 = VECTOR('',#1069,1.);
#1069 = DIRECTION('',(0.,0.,-1.));
#1070 = ORIENTED_EDGE('',*,*,#1071,.T.);
#1071 = EDGE_CURVE('',#1064,#1072,#1074,.T.);
#1072 = VERTEX_POINT('',#1073);
#1073 = CARTESIAN_POINT('',(14.,113.2,-1.E-02));
#1074 = LINE('',#1075,#1076);
#1075 = CARTESIAN_POINT('',(0.,113.2,-1.E-02));
#1076 = VECTOR('',#1077,1.);
#1077 = DIRECTION('',(1.,0.,0.));
#1078 = ORIENTED_EDGE('',*,*,#1079,.F.);
#1079 = EDGE_CURVE('',#954,#1072,#1080,.T.);
#1080 = LINE('',#1081,#1082);
#1081 = CARTESIAN_POINT('',(14.,113.2,0.));
#1082 = VECTOR('',#1083,1.);
#1083 = DIRECTION('',(0.,0.,-1.));
#1084 = ORIENTED_EDGE('',*,*,#953,.F.);
#1085 = PLANE('',#1086);
#1086 = AXIS2_PLACEMENT_3D('',#1087,#1088,#1089);
#1087 = CARTESIAN_POINT('',(0.,113.2,0.));
#1088 = DIRECTION('',(0.,-1.,0.));
#1089 = DIRECTION('',(1.,0.,0.));
#1090 = ADVANCED_FACE('',(#1091),#1116,.T.);
#1091 = FACE_BOUND('',#1092,.T.);
#1092 = EDGE_LOOP('',(#1093,#1101,#1102,#1110));
#1093 = ORIENTED_EDGE('',*,*,#1094,.F.);
#1094 = EDGE_CURVE('',#1064,#1095,#1097,.T.);
#1095 = VERTEX_POINT('',#1096);
#1096 = CARTESIAN_POINT('',(0.,112.7,-3.));
#1097 = LINE('',#1098,#1099);
#1098 = CARTESIAN_POINT('',(0.,112.98060222413,-1.321998699688));
#1099 = VECTOR('',#1100,1.);
#1100 = DIRECTION('',(0.,-0.164933883836,-0.986304625338));
#1101 = ORIENTED_EDGE('',*,*,#1071,.T.);
#1102 = ORIENTED_EDGE('',*,*,#1103,.T.);
#1103 = EDGE_CURVE('',#1072,#1104,#1106,.T.);
#1104 = VERTEX_POINT('',#1105);
#1105 = CARTESIAN_POINT('',(14.,112.7,-3.));
#1106 = LINE('',#1107,#1108);
#1107 = CARTESIAN_POINT('',(14.,113.07581337526,-0.75263601593));
#1108 = VECTOR('',#1109,1.);
#1109 = DIRECTION('',(0.,-0.164933883836,-0.986304625338));
#1110 = ORIENTED_EDGE('',*,*,#1111,.F.);
#1111 = EDGE_CURVE('',#1095,#1104,#1112,.T.);
#1112 = LINE('',#1113,#1114);
#1113 = CARTESIAN_POINT('',(0.,112.7,-3.));
#1114 = VECTOR('',#1115,1.);
#1115 = DIRECTION('',(1.,0.,0.));
#1116 = PLANE('',#1117);
#1117 = AXIS2_PLACEMENT_3D('',#1118,#1119,#1120);
#1118 = CARTESIAN_POINT('',(0.,112.95,-1.505));
#1119 = DIRECTION('',(-1.E-17,0.986304625338,-0.164933883836));
#1120 = DIRECTION('',(1.,1.013507811375E-17,-2.258831333613E-20));
#1121 = ADVANCED_FACE('',(#1122),#1156,.F.);
#1122 = FACE_BOUND('',#1123,.F.);
#1123 = EDGE_LOOP('',(#1124,#1134,#1142,#1150));
#1124 = ORIENTED_EDGE('',*,*,#1125,.T.);
#1125 = EDGE_CURVE('',#1126,#1128,#1130,.T.);
#1126 = VERTEX_POINT('',#1127);
#1127 = CARTESIAN_POINT('',(0.,106.2,0.));
#1128 = VERTEX_POINT('',#1129);
#1129 = CARTESIAN_POINT('',(0.,68.8,0.));
#1130 = LINE('',#1131,#1132);
#1131 = CARTESIAN_POINT('',(0.,175.,0.));
#1132 = VECTOR('',#1133,1.);
#1133 = DIRECTION('',(0.,-1.,0.));
#1134 = ORIENTED_EDGE('',*,*,#1135,.F.);
#1135 = EDGE_CURVE('',#1136,#1128,#1138,.T.);
#1136 = VERTEX_POINT('',#1137);
#1137 = CARTESIAN_POINT('',(14.,68.8,0.));
#1138 = LINE('',#1139,#1140);
#1139 = CARTESIAN_POINT('',(14.,68.8,0.));
#1140 = VECTOR('',#1141,1.);
#1141 = DIRECTION('',(-1.,0.,0.));
#1142 = ORIENTED_EDGE('',*,*,#1143,.F.);
#1143 = EDGE_CURVE('',#1144,#1136,#1146,.T.);
#1144 = VERTEX_POINT('',#1145);
#1145 = CARTESIAN_POINT('',(14.,106.2,0.));
#1146 = LINE('',#1147,#1148);
#1147 = CARTESIAN_POINT('',(14.,161.,0.));
#1148 = VECTOR('',#1149,1.);
#1149 = DIRECTION('',(0.,-1.,0.));
#1150 = ORIENTED_EDGE('',*,*,#1151,.T.);
#1151 = EDGE_CURVE('',#1144,#1126,#1152,.T.);
#1152 = LINE('',#1153,#1154);
#1153 = CARTESIAN_POINT('',(14.,106.2,0.));
#1154 = VECTOR('',#1155,1.);
#1155 = DIRECTION('',(-1.,0.,0.));
#1156 = PLANE('',#1157);
#1157 = AXIS2_PLACEMENT_3D('',#1158,#1159,#1160);
#1158 = CARTESIAN_POINT('',(95.,87.5,0.));
#1159 = DIRECTION('',(0.,0.,1.));
#1160 = DIRECTION('',(1.,0.,0.));
#1161 = ADVANCED_FACE('',(#1162),#1187,.F.);
#1162 = FACE_BOUND('',#1163,.F.);
#1163 = EDGE_LOOP('',(#1164,#1172,#1180,#1186));
#1164 = ORIENTED_EDGE('',*,*,#1165,.T.);
#1165 = EDGE_CURVE('',#1144,#1166,#1168,.T.);
#1166 = VERTEX_POINT('',#1167);
#1167 = CARTESIAN_POINT('',(14.,106.2,-9.999999999996E-03));
#1168 = LINE('',#1169,#1170);
#1169 = CARTESIAN_POINT('',(14.,106.2,0.));
#1170 = VECTOR('',#1171,1.);
#1171 = DIRECTION('',(0.,0.,-1.));
#1172 = ORIENTED_EDGE('',*,*,#1173,.T.);
#1173 = EDGE_CURVE('',#1166,#1174,#1176,.T.);
#1174 = VERTEX_POINT('',#1175);
#1175 = CARTESIAN_POINT('',(0.,106.2,-9.999999999996E-03));
#1176 = LINE('',#1177,#1178);
#1177 = CARTESIAN_POINT('',(14.,106.2,-1.E-02));
#1178 = VECTOR('',#1179,1.);
#1179 = DIRECTION('',(-1.,0.,0.));
#1180 = ORIENTED_EDGE('',*,*,#1181,.F.);
#1181 = EDGE_CURVE('',#1126,#1174,#1182,.T.);
#1182 = LINE('',#1183,#1184);
#1183 = CARTESIAN_POINT('',(0.,106.2,0.));
#1184 = VECTOR('',#1185,1.);
#1185 = DIRECTION('',(0.,0.,-1.));
#1186 = ORIENTED_EDGE('',*,*,#1151,.F.);
#1187 = PLANE('',#1188);
#1188 = AXIS2_PLACEMENT_3D('',#1189,#1190,#1191);
#1189 = CARTESIAN_POINT('',(14.,106.2,0.));
#1190 = DIRECTION('',(0.,1.,0.));
#1191 = DIRECTION('',(-1.,0.,0.));
#1192 = ADVANCED_FACE('',(#1193),#1218,.T.);
#1193 = FACE_BOUND('',#1194,.T.);
#1194 = EDGE_LOOP('',(#1195,#1203,#1204,#1212));
#1195 = ORIENTED_EDGE('',*,*,#1196,.F.);
#1196 = EDGE_CURVE('',#1166,#1197,#1199,.T.);
#1197 = VERTEX_POINT('',#1198);
#1198 = CARTESIAN_POINT('',(14.,106.7,-3.));
#1199 = LINE('',#1200,#1201);
#1200 = CARTESIAN_POINT('',(14.,106.41939777586,-1.321998699688));
#1201 = VECTOR('',#1202,1.);
#1202 = DIRECTION('',(0.,0.164933883836,-0.986304625338));
#1203 = ORIENTED_EDGE('',*,*,#1173,.T.);
#1204 = ORIENTED_EDGE('',*,*,#1205,.T.);
#1205 = EDGE_CURVE('',#1174,#1206,#1208,.T.);
#1206 = VERTEX_POINT('',#1207);
#1207 = CARTESIAN_POINT('',(0.,106.7,-3.));
#1208 = LINE('',#1209,#1210);
#1209 = CARTESIAN_POINT('',(0.,106.32418662473,-0.75263601593));
#1210 = VECTOR('',#1211,1.);
#1211 = DIRECTION('',(0.,0.164933883836,-0.986304625338));
#1212 = ORIENTED_EDGE('',*,*,#1213,.F.);
#1213 = EDGE_CURVE('',#1197,#1206,#1214,.T.);
#1214 = LINE('',#1215,#1216);
#1215 = CARTESIAN_POINT('',(14.,106.7,-3.));
#1216 = VECTOR('',#1217,1.);
#1217 = DIRECTION('',(-1.,0.,0.));
#1218 = PLANE('',#1219);
#1219 = AXIS2_PLACEMENT_3D('',#1220,#1221,#1222);
#1220 = CARTESIAN_POINT('',(14.,106.45,-1.505));
#1221 = DIRECTION('',(1.E-17,-0.986304625338,-0.164933883836));
#1222 = DIRECTION('',(-1.,-1.013507811375E-17,-2.258831333613E-20));
#1223 = ADVANCED_FACE('',(#1224,#1240),#1251,.F.);
#1224 = FACE_BOUND('',#1225,.F.);
#1225 = EDGE_LOOP('',(#1226,#1232,#1233,#1239));
#1226 = ORIENTED_EDGE('',*,*,#1227,.F.);
#1227 = EDGE_CURVE('',#1206,#1095,#1228,.T.);
#1228 = LINE('',#1229,#1230);
#1229 = CARTESIAN_POINT('',(0.,106.2,-3.));
#1230 = VECTOR('',#1231,1.);
#1231 = DIRECTION('',(0.,1.,0.));
#1232 = ORIENTED_EDGE('',*,*,#1213,.F.);
#1233 = ORIENTED_EDGE('',*,*,#1234,.F.);
#1234 = EDGE_CURVE('',#1104,#1197,#1235,.T.);
#1235 = LINE('',#1236,#1237);
#1236 = CARTESIAN_POINT('',(14.,113.2,-3.));
#1237 = VECTOR('',#1238,1.);
#1238 = DIRECTION('',(0.,-1.,0.));
#1239 = ORIENTED_EDGE('',*,*,#1111,.F.);
#1240 = FACE_BOUND('',#1241,.F.);
#1241 = EDGE_LOOP('',(#1242));
#1242 = ORIENTED_EDGE('',*,*,#1243,.F.);
#1243 = EDGE_CURVE('',#1244,#1244,#1246,.T.);
#1244 = VERTEX_POINT('',#1245);
#1245 = CARTESIAN_POINT('',(10.75,109.7,-3.));
#1246 = CIRCLE('',#1247,2.75);
#1247 = AXIS2_PLACEMENT_3D('',#1248,#1249,#1250);
#1248 = CARTESIAN_POINT('',(8.,109.7,-3.));
#1249 = DIRECTION('',(0.,0.,1.));
#1250 = DIRECTION('',(1.,0.,0.));
#1251 = PLANE('',#1252);
#1252 = AXIS2_PLACEMENT_3D('',#1253,#1254,#1255);
#1253 = CARTESIAN_POINT('',(95.,87.5,-3.));
#1254 = DIRECTION('',(0.,0.,1.));
#1255 = DIRECTION('',(1.,0.,0.));
#1256 = ADVANCED_FACE('',(#1257),#1282,.T.);
#1257 = FACE_BOUND('',#1258,.T.);
#1258 = EDGE_LOOP('',(#1259,#1267,#1275,#1281));
#1259 = ORIENTED_EDGE('',*,*,#1260,.T.);
#1260 = EDGE_CURVE('',#1136,#1261,#1263,.T.);
#1261 = VERTEX_POINT('',#1262);
#1262 = CARTESIAN_POINT('',(14.,68.8,-1.E-02));
#1263 = LINE('',#1264,#1265);
#1264 = CARTESIAN_POINT('',(14.,68.8,0.));
#1265 = VECTOR('',#1266,1.);
#1266 = DIRECTION('',(0.,0.,-1.));
#1267 = ORIENTED_EDGE('',*,*,#1268,.T.);
#1268 = EDGE_CURVE('',#1261,#1269,#1271,.T.);
#1269 = VERTEX_POINT('',#1270);
#1270 = CARTESIAN_POINT('',(0.,68.8,-1.E-02));
#1271 = LINE('',#1272,#1273);
#1272 = CARTESIAN_POINT('',(14.,68.8,-1.E-02));
#1273 = VECTOR('',#1274,1.);
#1274 = DIRECTION('',(-1.,0.,0.));
#1275 = ORIENTED_EDGE('',*,*,#1276,.F.);
#1276 = EDGE_CURVE('',#1128,#1269,#1277,.T.);
#1277 = LINE('',#1278,#1279);
#1278 = CARTESIAN_POINT('',(0.,68.8,0.));
#1279 = VECTOR('',#1280,1.);
#1280 = DIRECTION('',(0.,0.,-1.));
#1281 = ORIENTED_EDGE('',*,*,#1135,.F.);
#1282 = PLANE('',#1283);
#1283 = AXIS2_PLACEMENT_3D('',#1284,#1285,#1286);
#1284 = CARTESIAN_POINT('',(14.,68.8,0.));
#1285 = DIRECTION('',(0.,1.,0.));
#1286 = DIRECTION('',(-1.,0.,0.));
#1287 = ADVANCED_FACE('',(#1288),#1313,.F.);
#1288 = FACE_BOUND('',#1289,.F.);
#1289 = EDGE_LOOP('',(#1290,#1298,#1299,#1307));
#1290 = ORIENTED_EDGE('',*,*,#1291,.F.);
#1291 = EDGE_CURVE('',#1261,#1292,#1294,.T.);
#1292 = VERTEX_POINT('',#1293);
#1293 = CARTESIAN_POINT('',(14.,68.3,-3.));
#1294 = LINE('',#1295,#1296);
#1295 = CARTESIAN_POINT('',(14.,68.580602224132,-1.321998699688));
#1296 = VECTOR('',#1297,1.);
#1297 = DIRECTION('',(0.,-0.164933883836,-0.986304625338));
#1298 = ORIENTED_EDGE('',*,*,#1268,.T.);
#1299 = ORIENTED_EDGE('',*,*,#1300,.T.);
#1300 = EDGE_CURVE('',#1269,#1301,#1303,.T.);
#1301 = VERTEX_POINT('',#1302);
#1302 = CARTESIAN_POINT('',(0.,68.3,-3.));
#1303 = LINE('',#1304,#1305);
#1304 = CARTESIAN_POINT('',(0.,68.675813375263,-0.75263601593));
#1305 = VECTOR('',#1306,1.);
#1306 = DIRECTION('',(0.,-0.164933883836,-0.986304625338));
#1307 = ORIENTED_EDGE('',*,*,#1308,.F.);
#1308 = EDGE_CURVE('',#1292,#1301,#1309,.T.);
#1309 = LINE('',#1310,#1311);
#1310 = CARTESIAN_POINT('',(14.,68.3,-3.));
#1311 = VECTOR('',#1312,1.);
#1312 = DIRECTION('',(-1.,0.,0.));
#1313 = PLANE('',#1314);
#1314 = AXIS2_PLACEMENT_3D('',#1315,#1316,#1317);
#1315 = CARTESIAN_POINT('',(14.,68.55,-1.505));
#1316 = DIRECTION('',(-1.E-17,-0.986304625338,0.164933883836));
#1317 = DIRECTION('',(-1.,1.013507811375E-17,-2.258831333613E-20));
#1318 = ADVANCED_FACE('',(#1319,#1335),#1346,.F.);
#1319 = FACE_BOUND('',#1320,.F.);
#1320 = EDGE_LOOP('',(#1321,#1327,#1328,#1334));
#1321 = ORIENTED_EDGE('',*,*,#1322,.T.);
#1322 = EDGE_CURVE('',#1301,#399,#1323,.T.);
#1323 = LINE('',#1324,#1325);
#1324 = CARTESIAN_POINT('',(0.,68.8,-3.));
#1325 = VECTOR('',#1326,1.);
#1326 = DIRECTION('',(0.,-1.,0.));
#1327 = ORIENTED_EDGE('',*,*,#415,.T.);
#1328 = ORIENTED_EDGE('',*,*,#1329,.T.);
#1329 = EDGE_CURVE('',#408,#1292,#1330,.T.);
#1330 = LINE('',#1331,#1332);
#1331 = CARTESIAN_POINT('',(14.,61.8,-3.));
#1332 = VECTOR('',#1333,1.);
#1333 = DIRECTION('',(0.,1.,0.));
#1334 = ORIENTED_EDGE('',*,*,#1308,.T.);
#1335 = FACE_BOUND('',#1336,.F.);
#1336 = EDGE_LOOP('',(#1337));
#1337 = ORIENTED_EDGE('',*,*,#1338,.F.);
#1338 = EDGE_CURVE('',#1339,#1339,#1341,.T.);
#1339 = VERTEX_POINT('',#1340);
#1340 = CARTESIAN_POINT('',(10.75,65.3,-3.));
#1341 = CIRCLE('',#1342,2.75);
#1342 = AXIS2_PLACEMENT_3D('',#1343,#1344,#1345);
#1343 = CARTESIAN_POINT('',(8.,65.3,-3.));
#1344 = DIRECTION('',(0.,0.,1.));
#1345 = DIRECTION('',(1.,0.,0.));
#1346 = PLANE('',#1347);
#1347 = AXIS2_PLACEMENT_3D('',#1348,#1349,#1350);
#1348 = CARTESIAN_POINT('',(95.,87.5,-3.));
#1349 = DIRECTION('',(0.,0.,1.));
#1350 = DIRECTION('',(1.,0.,0.));
#1351 = ADVANCED_FACE('',(#1352),#1377,.T.);
#1352 = FACE_BOUND('',#1353,.T.);
#1353 = EDGE_LOOP('',(#1354,#1362,#1370,#1376));
#1354 = ORIENTED_EDGE('',*,*,#1355,.T.);
#1355 = EDGE_CURVE('',#338,#1356,#1358,.T.);
#1356 = VERTEX_POINT('',#1357);
#1357 = CARTESIAN_POINT('',(14.,24.4,-9.999999999999E-03));
#1358 = LINE('',#1359,#1360);
#1359 = CARTESIAN_POINT('',(14.,24.4,0.));
#1360 = VECTOR('',#1361,1.);
#1361 = DIRECTION('',(0.,0.,-1.));
#1362 = ORIENTED_EDGE('',*,*,#1363,.T.);
#1363 = EDGE_CURVE('',#1356,#1364,#1366,.T.);
#1364 = VERTEX_POINT('',#1365);
#1365 = CARTESIAN_POINT('',(0.,24.4,-9.999999999999E-03));
#1366 = LINE('',#1367,#1368);
#1367 = CARTESIAN_POINT('',(14.,24.4,-1.E-02));
#1368 = VECTOR('',#1369,1.);
#1369 = DIRECTION('',(-1.,0.,0.));
#1370 = ORIENTED_EDGE('',*,*,#1371,.F.);
#1371 = EDGE_CURVE('',#330,#1364,#1372,.T.);
#1372 = LINE('',#1373,#1374);
#1373 = CARTESIAN_POINT('',(0.,24.4,0.));
#1374 = VECTOR('',#1375,1.);
#1375 = DIRECTION('',(0.,0.,-1.));
#1376 = ORIENTED_EDGE('',*,*,#337,.F.);
#1377 = PLANE('',#1378);
#1378 = AXIS2_PLACEMENT_3D('',#1379,#1380,#1381);
#1379 = CARTESIAN_POINT('',(14.,24.4,0.));
#1380 = DIRECTION('',(0.,1.,0.));
#1381 = DIRECTION('',(-1.,0.,0.));
#1382 = ADVANCED_FACE('',(#1383),#1408,.F.);
#1383 = FACE_BOUND('',#1384,.F.);
#1384 = EDGE_LOOP('',(#1385,#1393,#1394,#1402));
#1385 = ORIENTED_EDGE('',*,*,#1386,.F.);
#1386 = EDGE_CURVE('',#1356,#1387,#1389,.T.);
#1387 = VERTEX_POINT('',#1388);
#1388 = CARTESIAN_POINT('',(14.,23.9,-3.));
#1389 = LINE('',#1390,#1391);
#1390 = CARTESIAN_POINT('',(14.,24.180602224132,-1.321998699688));
#1391 = VECTOR('',#1392,1.);
#1392 = DIRECTION('',(0.,-0.164933883836,-0.986304625338));
#1393 = ORIENTED_EDGE('',*,*,#1363,.T.);
#1394 = ORIENTED_EDGE('',*,*,#1395,.T.);
#1395 = EDGE_CURVE('',#1364,#1396,#1398,.T.);
#1396 = VERTEX_POINT('',#1397);
#1397 = CARTESIAN_POINT('',(0.,23.9,-3.));
#1398 = LINE('',#1399,#1400);
#1399 = CARTESIAN_POINT('',(0.,24.275813375263,-0.75263601593));
#1400 = VECTOR('',#1401,1.);
#1401 = DIRECTION('',(0.,-0.164933883836,-0.986304625338));
#1402 = ORIENTED_EDGE('',*,*,#1403,.F.);
#1403 = EDGE_CURVE('',#1387,#1396,#1404,.T.);
#1404 = LINE('',#1405,#1406);
#1405 = CARTESIAN_POINT('',(14.,23.9,-3.));
#1406 = VECTOR('',#1407,1.);
#1407 = DIRECTION('',(-1.,0.,0.));
#1408 = PLANE('',#1409);
#1409 = AXIS2_PLACEMENT_3D('',#1410,#1411,#1412);
#1410 = CARTESIAN_POINT('',(14.,24.15,-1.505));
#1411 = DIRECTION('',(-1.E-17,-0.986304625338,0.164933883836));
#1412 = DIRECTION('',(-1.,1.013507811375E-17,-2.258831333613E-20));
#1413 = ADVANCED_FACE('',(#1414,#1439),#1450,.F.);
#1414 = FACE_BOUND('',#1415,.F.);
#1415 = EDGE_LOOP('',(#1416,#1424,#1432,#1438));
#1416 = ORIENTED_EDGE('',*,*,#1417,.T.);
#1417 = EDGE_CURVE('',#1396,#1418,#1420,.T.);
#1418 = VERTEX_POINT('',#1419);
#1419 = CARTESIAN_POINT('',(0.,17.9,-3.));
#1420 = LINE('',#1421,#1422);
#1421 = CARTESIAN_POINT('',(0.,24.4,-3.));
#1422 = VECTOR('',#1423,1.);
#1423 = DIRECTION('',(0.,-1.,0.));
#1424 = ORIENTED_EDGE('',*,*,#1425,.T.);
#1425 = EDGE_CURVE('',#1418,#1426,#1428,.T.);
#1426 = VERTEX_POINT('',#1427);
#1427 = CARTESIAN_POINT('',(14.,17.9,-3.));
#1428 = LINE('',#1429,#1430);
#1429 = CARTESIAN_POINT('',(0.,17.9,-3.));
#1430 = VECTOR('',#1431,1.);
#1431 = DIRECTION('',(1.,0.,0.));
#1432 = ORIENTED_EDGE('',*,*,#1433,.T.);
#1433 = EDGE_CURVE('',#1426,#1387,#1434,.T.);
#1434 = LINE('',#1435,#1436);
#1435 = CARTESIAN_POINT('',(14.,17.4,-3.));
#1436 = VECTOR('',#1437,1.);
#1437 = DIRECTION('',(0.,1.,0.));
#1438 = ORIENTED_EDGE('',*,*,#1403,.T.);
#1439 = FACE_BOUND('',#1440,.F.);
#1440 = EDGE_LOOP('',(#1441));
#1441 = ORIENTED_EDGE('',*,*,#1442,.F.);
#1442 = EDGE_CURVE('',#1443,#1443,#1445,.T.);
#1443 = VERTEX_POINT('',#1444);
#1444 = CARTESIAN_POINT('',(10.75,20.9,-3.));
#1445 = CIRCLE('',#1446,2.75);
#1446 = AXIS2_PLACEMENT_3D('',#1447,#1448,#1449);
#1447 = CARTESIAN_POINT('',(8.,20.9,-3.));
#1448 = DIRECTION('',(0.,0.,1.));
#1449 = DIRECTION('',(1.,0.,0.));
#1450 = PLANE('',#1451);
#1451 = AXIS2_PLACEMENT_3D('',#1452,#1453,#1454);
#1452 = CARTESIAN_POINT('',(95.,87.5,-3.));
#1453 = DIRECTION('',(0.,0.,1.));
#1454 = DIRECTION('',(1.,0.,0.));
#1455 = ADVANCED_FACE('',(#1456),#1481,.T.);
#1456 = FACE_BOUND('',#1457,.T.);
#1457 = EDGE_LOOP('',(#1458,#1466,#1474,#1480));
#1458 = ORIENTED_EDGE('',*,*,#1459,.T.);
#1459 = EDGE_CURVE('',#470,#1460,#1462,.T.);
#1460 = VERTEX_POINT('',#1461);
#1461 = CARTESIAN_POINT('',(0.,17.4,-1.E-02));
#1462 = LINE('',#1463,#1464);
#1463 = CARTESIAN_POINT('',(0.,17.4,0.));
#1464 = VECTOR('',#1465,1.);
#1465 = DIRECTION('',(0.,0.,-1.));
#1466 = ORIENTED_EDGE('',*,*,#1467,.T.);
#1467 = EDGE_CURVE('',#1460,#1468,#1470,.T.);
#1468 = VERTEX_POINT('',#1469);
#1469 = CARTESIAN_POINT('',(14.,17.4,-1.E-02));
#1470 = LINE('',#1471,#1472);
#1471 = CARTESIAN_POINT('',(0.,17.4,-1.E-02));
#1472 = VECTOR('',#1473,1.);
#1473 = DIRECTION('',(1.,0.,0.));
#1474 = ORIENTED_EDGE('',*,*,#1475,.F.);
#1475 = EDGE_CURVE('',#511,#1468,#1476,.T.);
#1476 = LINE('',#1477,#1478);
#1477 = CARTESIAN_POINT('',(14.,17.4,0.));
#1478 = VECTOR('',#1479,1.);
#1479 = DIRECTION('',(0.,0.,-1.));
#1480 = ORIENTED_EDGE('',*,*,#518,.F.);
#1481 = PLANE('',#1482);
#1482 = AXIS2_PLACEMENT_3D('',#1483,#1484,#1485);
#1483 = CARTESIAN_POINT('',(0.,17.4,0.));
#1484 = DIRECTION('',(0.,-1.,0.));
#1485 = DIRECTION('',(1.,0.,0.));
#1486 = ADVANCED_FACE('',(#1487),#1503,.F.);
#1487 = FACE_BOUND('',#1488,.F.);
#1488 = EDGE_LOOP('',(#1489,#1495,#1496,#1502));
#1489 = ORIENTED_EDGE('',*,*,#1490,.F.);
#1490 = EDGE_CURVE('',#1460,#1418,#1491,.T.);
#1491 = LINE('',#1492,#1493);
#1492 = CARTESIAN_POINT('',(0.,17.619397775868,-1.321998699688));
#1493 = VECTOR('',#1494,1.);
#1494 = DIRECTION('',(0.,0.164933883836,-0.986304625338));
#1495 = ORIENTED_EDGE('',*,*,#1467,.T.);
#1496 = ORIENTED_EDGE('',*,*,#1497,.T.);
#1497 = EDGE_CURVE('',#1468,#1426,#1498,.T.);
#1498 = LINE('',#1499,#1500);
#1499 = CARTESIAN_POINT('',(14.,17.524186624737,-0.75263601593));
#1500 = VECTOR('',#1501,1.);
#1501 = DIRECTION('',(0.,0.164933883836,-0.986304625338));
#1502 = ORIENTED_EDGE('',*,*,#1425,.F.);
#1503 = PLANE('',#1504);
#1504 = AXIS2_PLACEMENT_3D('',#1505,#1506,#1507);
#1505 = CARTESIAN_POINT('',(0.,17.65,-1.505));
#1506 = DIRECTION('',(1.E-17,0.986304625338,0.164933883836));
#1507 = DIRECTION('',(1.,-1.013507811375E-17,-2.258831333613E-20));
#1508 = ADVANCED_FACE('',(#1509),#1534,.T.);
#1509 = FACE_BOUND('',#1510,.T.);
#1510 = EDGE_LOOP('',(#1511,#1519,#1527,#1533));
#1511 = ORIENTED_EDGE('',*,*,#1512,.T.);
#1512 = EDGE_CURVE('',#503,#1513,#1515,.T.);
#1513 = VERTEX_POINT('',#1514);
#1514 = CARTESIAN_POINT('',(14.,14.,3.5));
#1515 = LINE('',#1516,#1517);
#1516 = CARTESIAN_POINT('',(14.,14.,0.));
#1517 = VECTOR('',#1518,1.);
#1518 = DIRECTION('',(0.,0.,1.));
#1519 = ORIENTED_EDGE('',*,*,#1520,.T.);
#1520 = EDGE_CURVE('',#1513,#1521,#1523,.T.);
#1521 = VERTEX_POINT('',#1522);
#1522 = CARTESIAN_POINT('',(176.,14.,3.5));
#1523 = LINE('',#1524,#1525);
#1524 = CARTESIAN_POINT('',(14.,14.,3.5));
#1525 = VECTOR('',#1526,1.);
#1526 = DIRECTION('',(1.,0.,0.));
#1527 = ORIENTED_EDGE('',*,*,#1528,.F.);
#1528 = EDGE_CURVE('',#495,#1521,#1529,.T.);
#1529 = LINE('',#1530,#1531);
#1530 = CARTESIAN_POINT('',(176.,14.,0.));
#1531 = VECTOR('',#1532,1.);
#1532 = DIRECTION('',(0.,0.,1.));
#1533 = ORIENTED_EDGE('',*,*,#502,.F.);
#1534 = PLANE('',#1535);
#1535 = AXIS2_PLACEMENT_3D('',#1536,#1537,#1538);
#1536 = CARTESIAN_POINT('',(14.,14.,0.));
#1537 = DIRECTION('',(0.,1.,0.));
#1538 = DIRECTION('',(1.,0.,0.));
#1539 = ADVANCED_FACE('',(#1540),#1565,.T.);
#1540 = FACE_BOUND('',#1541,.T.);
#1541 = EDGE_LOOP('',(#1542,#1550,#1558,#1564));
#1542 = ORIENTED_EDGE('',*,*,#1543,.T.);
#1543 = EDGE_CURVE('',#487,#1544,#1546,.T.);
#1544 = VERTEX_POINT('',#1545);
#1545 = CARTESIAN_POINT('',(176.,17.4,-1.E-02));
#1546 = LINE('',#1547,#1548);
#1547 = CARTESIAN_POINT('',(176.,17.4,0.));
#1548 = VECTOR('',#1549,1.);
#1549 = DIRECTION('',(0.,0.,-1.));
#1550 = ORIENTED_EDGE('',*,*,#1551,.T.);
#1551 = EDGE_CURVE('',#1544,#1552,#1554,.T.);
#1552 = VERTEX_POINT('',#1553);
#1553 = CARTESIAN_POINT('',(190.,17.4,-1.E-02));
#1554 = LINE('',#1555,#1556);
#1555 = CARTESIAN_POINT('',(176.,17.4,-1.E-02));
#1556 = VECTOR('',#1557,1.);
#1557 = DIRECTION('',(1.,0.,0.));
#1558 = ORIENTED_EDGE('',*,*,#1559,.F.);
#1559 = EDGE_CURVE('',#479,#1552,#1560,.T.);
#1560 = LINE('',#1561,#1562);
#1561 = CARTESIAN_POINT('',(190.,17.4,0.));
#1562 = VECTOR('',#1563,1.);
#1563 = DIRECTION('',(0.,0.,-1.));
#1564 = ORIENTED_EDGE('',*,*,#486,.F.);
#1565 = PLANE('',#1566);
#1566 = AXIS2_PLACEMENT_3D('',#1567,#1568,#1569);
#1567 = CARTESIAN_POINT('',(176.,17.4,0.));
#1568 = DIRECTION('',(0.,-1.,0.));
#1569 = DIRECTION('',(1.,0.,0.));
#1570 = ADVANCED_FACE('',(#1571),#1590,.F.);
#1571 = FACE_BOUND('',#1572,.F.);
#1572 = EDGE_LOOP('',(#1573,#1581,#1588,#1589));
#1573 = ORIENTED_EDGE('',*,*,#1574,.T.);
#1574 = EDGE_CURVE('',#558,#1575,#1577,.T.);
#1575 = VERTEX_POINT('',#1576);
#1576 = CARTESIAN_POINT('',(13.25,20.9,9.));
#1577 = LINE('',#1578,#1579);
#1578 = CARTESIAN_POINT('',(13.25,20.9,10.));
#1579 = VECTOR('',#1580,1.);
#1580 = DIRECTION('',(-0.,-0.,-1.));
#1581 = ORIENTED_EDGE('',*,*,#1582,.T.);
#1582 = EDGE_CURVE('',#1575,#1575,#1583,.T.);
#1583 = CIRCLE('',#1584,5.25);
#1584 = AXIS2_PLACEMENT_3D('',#1585,#1586,#1587);
#1585 = CARTESIAN_POINT('',(8.,20.9,9.));
#1586 = DIRECTION('',(0.,0.,1.));
#1587 = DIRECTION('',(1.,0.,0.));
#1588 = ORIENTED_EDGE('',*,*,#1574,.F.);
#1589 = ORIENTED_EDGE('',*,*,#557,.F.);
#1590 = CYLINDRICAL_SURFACE('',#1591,5.25);
#1591 = AXIS2_PLACEMENT_3D('',#1592,#1593,#1594);
#1592 = CARTESIAN_POINT('',(8.,20.9,10.));
#1593 = DIRECTION('',(0.,0.,1.));
#1594 = DIRECTION('',(1.,0.,0.));
#1595 = ADVANCED_FACE('',(#1596),#1615,.F.);
#1596 = FACE_BOUND('',#1597,.F.);
#1597 = EDGE_LOOP('',(#1598,#1606,#1613,#1614));
#1598 = ORIENTED_EDGE('',*,*,#1599,.T.);
#1599 = EDGE_CURVE('',#569,#1600,#1602,.T.);
#1600 = VERTEX_POINT('',#1601);
#1601 = CARTESIAN_POINT('',(13.25,65.3,9.));
#1602 = LINE('',#1603,#1604);
#1603 = CARTESIAN_POINT('',(13.25,65.3,10.));
#1604 = VECTOR('',#1605,1.);
#1605 = DIRECTION('',(-0.,-0.,-1.));
#1606 = ORIENTED_EDGE('',*,*,#1607,.T.);
#1607 = EDGE_CURVE('',#1600,#1600,#1608,.T.);
#1608 = CIRCLE('',#1609,5.25);
#1609 = AXIS2_PLACEMENT_3D('',#1610,#1611,#1612);
#1610 = CARTESIAN_POINT('',(8.,65.3,9.));
#1611 = DIRECTION('',(0.,0.,1.));
#1612 = DIRECTION('',(1.,0.,0.));
#1613 = ORIENTED_EDGE('',*,*,#1599,.F.);
#1614 = ORIENTED_EDGE('',*,*,#568,.F.);
#1615 = CYLINDRICAL_SURFACE('',#1616,5.25);
#1616 = AXIS2_PLACEMENT_3D('',#1617,#1618,#1619);
#1617 = CARTESIAN_POINT('',(8.,65.3,10.));
#1618 = DIRECTION('',(0.,0.,1.));
#1619 = DIRECTION('',(1.,0.,0.));
#1620 = ADVANCED_FACE('',(#1621),#1640,.F.);
#1621 = FACE_BOUND('',#1622,.F.);
#1622 = EDGE_LOOP('',(#1623,#1631,#1638,#1639));
#1623 = ORIENTED_EDGE('',*,*,#1624,.T.);
#1624 = EDGE_CURVE('',#580,#1625,#1627,.T.);
#1625 = VERTEX_POINT('',#1626);
#1626 = CARTESIAN_POINT('',(187.25,20.9,9.));
#1627 = LINE('',#1628,#1629);
#1628 = CARTESIAN_POINT('',(187.25,20.9,10.));
#1629 = VECTOR('',#1630,1.);
#1630 = DIRECTION('',(-0.,-0.,-1.));
#1631 = ORIENTED_EDGE('',*,*,#1632,.T.);
#1632 = EDGE_CURVE('',#1625,#1625,#1633,.T.);
#1633 = CIRCLE('',#1634,5.25);
#1634 = AXIS2_PLACEMENT_3D('',#1635,#1636,#1637);
#1635 = CARTESIAN_POINT('',(182.,20.9,9.));
#1636 = DIRECTION('',(0.,0.,1.));
#1637 = DIRECTION('',(1.,0.,0.));
#1638 = ORIENTED_EDGE('',*,*,#1624,.F.);
#1639 = ORIENTED_EDGE('',*,*,#579,.F.);
#1640 = CYLINDRICAL_SURFACE('',#1641,5.25);
#1641 = AXIS2_PLACEMENT_3D('',#1642,#1643,#1644);
#1642 = CARTESIAN_POINT('',(182.,20.9,10.));
#1643 = DIRECTION('',(0.,0.,1.));
#1644 = DIRECTION('',(1.,0.,0.));
#1645 = ADVANCED_FACE('',(#1646),#1665,.F.);
#1646 = FACE_BOUND('',#1647,.F.);
#1647 = EDGE_LOOP('',(#1648,#1656,#1663,#1664));
#1648 = ORIENTED_EDGE('',*,*,#1649,.T.);
#1649 = EDGE_CURVE('',#591,#1650,#1652,.T.);
#1650 = VERTEX_POINT('',#1651);
#1651 = CARTESIAN_POINT('',(187.25,65.3,9.));
#1652 = LINE('',#1653,#1654);
#1653 = CARTESIAN_POINT('',(187.25,65.3,10.));
#1654 = VECTOR('',#1655,1.);
#1655 = DIRECTION('',(-0.,-0.,-1.));
#1656 = ORIENTED_EDGE('',*,*,#1657,.T.);
#1657 = EDGE_CURVE('',#1650,#1650,#1658,.T.);
#1658 = CIRCLE('',#1659,5.25);
#1659 = AXIS2_PLACEMENT_3D('',#1660,#1661,#1662);
#1660 = CARTESIAN_POINT('',(182.,65.3,9.));
#1661 = DIRECTION('',(0.,0.,1.));
#1662 = DIRECTION('',(1.,0.,0.));
#1663 = ORIENTED_EDGE('',*,*,#1649,.F.);
#1664 = ORIENTED_EDGE('',*,*,#590,.F.);
#1665 = CYLINDRICAL_SURFACE('',#1666,5.25);
#1666 = AXIS2_PLACEMENT_3D('',#1667,#1668,#1669);
#1667 = CARTESIAN_POINT('',(182.,65.3,10.));
#1668 = DIRECTION('',(0.,0.,1.));
#1669 = DIRECTION('',(1.,0.,0.));
#1670 = ADVANCED_FACE('',(#1671),#1690,.F.);
#1671 = FACE_BOUND('',#1672,.F.);
#1672 = EDGE_LOOP('',(#1673,#1681,#1688,#1689));
#1673 = ORIENTED_EDGE('',*,*,#1674,.T.);
#1674 = EDGE_CURVE('',#602,#1675,#1677,.T.);
#1675 = VERTEX_POINT('',#1676);
#1676 = CARTESIAN_POINT('',(13.25,109.7,9.));
#1677 = LINE('',#1678,#1679);
#1678 = CARTESIAN_POINT('',(13.25,109.7,10.));
#1679 = VECTOR('',#1680,1.);
#1680 = DIRECTION('',(-0.,-0.,-1.));
#1681 = ORIENTED_EDGE('',*,*,#1682,.T.);
#1682 = EDGE_CURVE('',#1675,#1675,#1683,.T.);
#1683 = CIRCLE('',#1684,5.25);
#1684 = AXIS2_PLACEMENT_3D('',#1685,#1686,#1687);
#1685 = CARTESIAN_POINT('',(8.,109.7,9.));
#1686 = DIRECTION('',(0.,0.,1.));
#1687 = DIRECTION('',(1.,0.,0.));
#1688 = ORIENTED_EDGE('',*,*,#1674,.F.);
#1689 = ORIENTED_EDGE('',*,*,#601,.F.);
#1690 = CYLINDRICAL_SURFACE('',#1691,5.25);
#1691 = AXIS2_PLACEMENT_3D('',#1692,#1693,#1694);
#1692 = CARTESIAN_POINT('',(8.,109.7,10.));
#1693 = DIRECTION('',(0.,0.,1.));
#1694 = DIRECTION('',(1.,0.,0.));
#1695 = ADVANCED_FACE('',(#1696),#1715,.F.);
#1696 = FACE_BOUND('',#1697,.F.);
#1697 = EDGE_LOOP('',(#1698,#1706,#1713,#1714));
#1698 = ORIENTED_EDGE('',*,*,#1699,.T.);
#1699 = EDGE_CURVE('',#613,#1700,#1702,.T.);
#1700 = VERTEX_POINT('',#1701);
#1701 = CARTESIAN_POINT('',(13.25,154.1,9.));
#1702 = LINE('',#1703,#1704);
#1703 = CARTESIAN_POINT('',(13.25,154.1,10.));
#1704 = VECTOR('',#1705,1.);
#1705 = DIRECTION('',(-0.,-0.,-1.));
#1706 = ORIENTED_EDGE('',*,*,#1707,.T.);
#1707 = EDGE_CURVE('',#1700,#1700,#1708,.T.);
#1708 = CIRCLE('',#1709,5.25);
#1709 = AXIS2_PLACEMENT_3D('',#1710,#1711,#1712);
#1710 = CARTESIAN_POINT('',(8.,154.1,9.));
#1711 = DIRECTION('',(0.,0.,1.));
#1712 = DIRECTION('',(1.,0.,0.));
#1713 = ORIENTED_EDGE('',*,*,#1699,.F.);
#1714 = ORIENTED_EDGE('',*,*,#612,.F.);
#1715 = CYLINDRICAL_SURFACE('',#1716,5.25);
#1716 = AXIS2_PLACEMENT_3D('',#1717,#1718,#1719);
#1717 = CARTESIAN_POINT('',(8.,154.1,10.));
#1718 = DIRECTION('',(0.,0.,1.));
#1719 = DIRECTION('',(1.,0.,0.));
#1720 = ADVANCED_FACE('',(#1721),#1746,.F.);
#1721 = FACE_BOUND('',#1722,.F.);
#1722 = EDGE_LOOP('',(#1723,#1733,#1739,#1740));
#1723 = ORIENTED_EDGE('',*,*,#1724,.F.);
#1724 = EDGE_CURVE('',#1725,#1727,#1729,.T.);
#1725 = VERTEX_POINT('',#1726);
#1726 = CARTESIAN_POINT('',(20.,155.,3.5));
#1727 = VERTEX_POINT('',#1728);
#1728 = CARTESIAN_POINT('',(170.,155.,3.5));
#1729 = LINE('',#1730,#1731);
#1730 = CARTESIAN_POINT('',(57.5,155.,3.5));
#1731 = VECTOR('',#1732,1.);
#1732 = DIRECTION('',(1.,0.,0.));
#1733 = ORIENTED_EDGE('',*,*,#1734,.T.);
#1734 = EDGE_CURVE('',#1725,#624,#1735,.T.);
#1735 = LINE('',#1736,#1737);
#1736 = CARTESIAN_POINT('',(20.,155.,0.));
#1737 = VECTOR('',#1738,1.);
#1738 = DIRECTION('',(0.,0.,1.));
#1739 = ORIENTED_EDGE('',*,*,#623,.T.);
#1740 = ORIENTED_EDGE('',*,*,#1741,.F.);
#1741 = EDGE_CURVE('',#1727,#626,#1742,.T.);
#1742 = LINE('',#1743,#1744);
#1743 = CARTESIAN_POINT('',(170.,155.,0.));
#1744 = VECTOR('',#1745,1.);
#1745 = DIRECTION('',(0.,0.,1.));
#1746 = PLANE('',#1747);
#1747 = AXIS2_PLACEMENT_3D('',#1748,#1749,#1750);
#1748 = CARTESIAN_POINT('',(20.,155.,0.));
#1749 = DIRECTION('',(0.,1.,0.));
#1750 = DIRECTION('',(1.,0.,0.));
#1751 = ADVANCED_FACE('',(#1752),#1770,.F.);
#1752 = FACE_BOUND('',#1753,.F.);
#1753 = EDGE_LOOP('',(#1754,#1762,#1768,#1769));
#1754 = ORIENTED_EDGE('',*,*,#1755,.F.);
#1755 = EDGE_CURVE('',#1756,#1725,#1758,.T.);
#1756 = VERTEX_POINT('',#1757);
#1757 = CARTESIAN_POINT('',(20.,20.,3.5));
#1758 = LINE('',#1759,#1760);
#1759 = CARTESIAN_POINT('',(20.,53.75,3.5));
#1760 = VECTOR('',#1761,1.);
#1761 = DIRECTION('',(0.,1.,0.));
#1762 = ORIENTED_EDGE('',*,*,#1763,.T.);
#1763 = EDGE_CURVE('',#1756,#642,#1764,.T.);
#1764 = LINE('',#1765,#1766);
#1765 = CARTESIAN_POINT('',(20.,20.,0.));
#1766 = VECTOR('',#1767,1.);
#1767 = DIRECTION('',(0.,0.,1.));
#1768 = ORIENTED_EDGE('',*,*,#649,.T.);
#1769 = ORIENTED_EDGE('',*,*,#1734,.F.);
#1770 = PLANE('',#1771);
#1771 = AXIS2_PLACEMENT_3D('',#1772,#1773,#1774);
#1772 = CARTESIAN_POINT('',(20.,20.,0.));
#1773 = DIRECTION('',(-1.,0.,0.));
#1774 = DIRECTION('',(0.,1.,0.));
#1775 = ADVANCED_FACE('',(#1776),#1794,.F.);
#1776 = FACE_BOUND('',#1777,.F.);
#1777 = EDGE_LOOP('',(#1778,#1786,#1787,#1788));
#1778 = ORIENTED_EDGE('',*,*,#1779,.F.);
#1779 = EDGE_CURVE('',#1727,#1780,#1782,.T.);
#1780 = VERTEX_POINT('',#1781);
#1781 = CARTESIAN_POINT('',(170.,20.,3.5));
#1782 = LINE('',#1783,#1784);
#1783 = CARTESIAN_POINT('',(170.,121.25,3.5));
#1784 = VECTOR('',#1785,1.);
#1785 = DIRECTION('',(0.,-1.,0.));
#1786 = ORIENTED_EDGE('',*,*,#1741,.T.);
#1787 = ORIENTED_EDGE('',*,*,#633,.T.);
#1788 = ORIENTED_EDGE('',*,*,#1789,.F.);
#1789 = EDGE_CURVE('',#1780,#634,#1790,.T.);
#1790 = LINE('',#1791,#1792);
#1791 = CARTESIAN_POINT('',(170.,20.,0.));
#1792 = VECTOR('',#1793,1.);
#1793 = DIRECTION('',(0.,0.,1.));
#1794 = PLANE('',#1795);
#1795 = AXIS2_PLACEMENT_3D('',#1796,#1797,#1798);
#1796 = CARTESIAN_POINT('',(170.,155.,0.));
#1797 = DIRECTION('',(1.,0.,0.));
#1798 = DIRECTION('',(0.,-1.,0.));
#1799 = ADVANCED_FACE('',(#1800),#1811,.F.);
#1800 = FACE_BOUND('',#1801,.F.);
#1801 = EDGE_LOOP('',(#1802,#1808,#1809,#1810));
#1802 = ORIENTED_EDGE('',*,*,#1803,.F.);
#1803 = EDGE_CURVE('',#1780,#1756,#1804,.T.);
#1804 = LINE('',#1805,#1806);
#1805 = CARTESIAN_POINT('',(132.5,20.,3.5));
#1806 = VECTOR('',#1807,1.);
#1807 = DIRECTION('',(-1.,0.,0.));
#1808 = ORIENTED_EDGE('',*,*,#1789,.T.);
#1809 = ORIENTED_EDGE('',*,*,#641,.T.);
#1810 = ORIENTED_EDGE('',*,*,#1763,.F.);
#1811 = PLANE('',#1812);
#1812 = AXIS2_PLACEMENT_3D('',#1813,#1814,#1815);
#1813 = CARTESIAN_POINT('',(170.,20.,0.));
#1814 = DIRECTION('',(0.,-1.,0.));
#1815 = DIRECTION('',(-1.,0.,0.));
#1816 = ADVANCED_FACE('',(#1817),#1836,.F.);
#1817 = FACE_BOUND('',#1818,.F.);
#1818 = EDGE_LOOP('',(#1819,#1827,#1834,#1835));
#1819 = ORIENTED_EDGE('',*,*,#1820,.T.);
#1820 = EDGE_CURVE('',#658,#1821,#1823,.T.);
#1821 = VERTEX_POINT('',#1822);
#1822 = CARTESIAN_POINT('',(187.25,109.7,9.));
#1823 = LINE('',#1824,#1825);
#1824 = CARTESIAN_POINT('',(187.25,109.7,10.));
#1825 = VECTOR('',#1826,1.);
#1826 = DIRECTION('',(-0.,-0.,-1.));
#1827 = ORIENTED_EDGE('',*,*,#1828,.T.);
#1828 = EDGE_CURVE('',#1821,#1821,#1829,.T.);
#1829 = CIRCLE('',#1830,5.25);
#1830 = AXIS2_PLACEMENT_3D('',#1831,#1832,#1833);
#1831 = CARTESIAN_POINT('',(182.,109.7,9.));
#1832 = DIRECTION('',(0.,0.,1.));
#1833 = DIRECTION('',(1.,0.,0.));
#1834 = ORIENTED_EDGE('',*,*,#1820,.F.);
#1835 = ORIENTED_EDGE('',*,*,#657,.F.);
#1836 = CYLINDRICAL_SURFACE('',#1837,5.25);
#1837 = AXIS2_PLACEMENT_3D('',#1838,#1839,#1840);
#1838 = CARTESIAN_POINT('',(182.,109.7,10.));
#1839 = DIRECTION('',(0.,0.,1.));
#1840 = DIRECTION('',(1.,0.,0.));
#1841 = ADVANCED_FACE('',(#1842),#1861,.F.);
#1842 = FACE_BOUND('',#1843,.F.);
#1843 = EDGE_LOOP('',(#1844,#1852,#1859,#1860));
#1844 = ORIENTED_EDGE('',*,*,#1845,.T.);
#1845 = EDGE_CURVE('',#669,#1846,#1848,.T.);
#1846 = VERTEX_POINT('',#1847);
#1847 = CARTESIAN_POINT('',(187.25,154.1,9.));
#1848 = LINE('',#1849,#1850);
#1849 = CARTESIAN_POINT('',(187.25,154.1,10.));
#1850 = VECTOR('',#1851,1.);
#1851 = DIRECTION('',(-0.,-0.,-1.));
#1852 = ORIENTED_EDGE('',*,*,#1853,.T.);
#1853 = EDGE_CURVE('',#1846,#1846,#1854,.T.);
#1854 = CIRCLE('',#1855,5.25);
#1855 = AXIS2_PLACEMENT_3D('',#1856,#1857,#1858);
#1856 = CARTESIAN_POINT('',(182.,154.1,9.));
#1857 = DIRECTION('',(0.,0.,1.));
#1858 = DIRECTION('',(1.,0.,0.));
#1859 = ORIENTED_EDGE('',*,*,#1845,.F.);
#1860 = ORIENTED_EDGE('',*,*,#668,.F.);
#1861 = CYLINDRICAL_SURFACE('',#1862,5.25);
#1862 = AXIS2_PLACEMENT_3D('',#1863,#1864,#1865);
#1863 = CARTESIAN_POINT('',(182.,154.1,10.));
#1864 = DIRECTION('',(0.,0.,1.));
#1865 = DIRECTION('',(1.,0.,0.));
#1866 = ADVANCED_FACE('',(#1867,#1870),#1873,.T.);
#1867 = FACE_BOUND('',#1868,.T.);
#1868 = EDGE_LOOP('',(#1869));
#1869 = ORIENTED_EDGE('',*,*,#1707,.T.);
#1870 = FACE_BOUND('',#1871,.T.);
#1871 = EDGE_LOOP('',(#1872));
#1872 = ORIENTED_EDGE('',*,*,#976,.F.);
#1873 = PLANE('',#1874);
#1874 = AXIS2_PLACEMENT_3D('',#1875,#1876,#1877);
#1875 = CARTESIAN_POINT('',(95.,87.5,9.));
#1876 = DIRECTION('',(0.,0.,1.));
#1877 = DIRECTION('',(1.,0.,0.));
#1878 = ADVANCED_FACE('',(#1879,#1895),#1901,.F.);
#1879 = FACE_BOUND('',#1880,.F.);
#1880 = EDGE_LOOP('',(#1881,#1882,#1888,#1889));
#1881 = ORIENTED_EDGE('',*,*,#1520,.T.);
#1882 = ORIENTED_EDGE('',*,*,#1883,.T.);
#1883 = EDGE_CURVE('',#1521,#1033,#1884,.T.);
#1884 = LINE('',#1885,#1886);
#1885 = CARTESIAN_POINT('',(176.,14.,3.5));
#1886 = VECTOR('',#1887,1.);
#1887 = DIRECTION('',(0.,1.,0.));
#1888 = ORIENTED_EDGE('',*,*,#1040,.T.);
#1889 = ORIENTED_EDGE('',*,*,#1890,.T.);
#1890 = EDGE_CURVE('',#1041,#1513,#1891,.T.);
#1891 = LINE('',#1892,#1893);
#1892 = CARTESIAN_POINT('',(14.,161.,3.5));
#1893 = VECTOR('',#1894,1.);
#1894 = DIRECTION('',(0.,-1.,0.));
#1895 = FACE_BOUND('',#1896,.F.);
#1896 = EDGE_LOOP('',(#1897,#1898,#1899,#1900));
#1897 = ORIENTED_EDGE('',*,*,#1755,.T.);
#1898 = ORIENTED_EDGE('',*,*,#1724,.T.);
#1899 = ORIENTED_EDGE('',*,*,#1779,.T.);
#1900 = ORIENTED_EDGE('',*,*,#1803,.T.);
#1901 = PLANE('',#1902);
#1902 = AXIS2_PLACEMENT_3D('',#1903,#1904,#1905);
#1903 = CARTESIAN_POINT('',(95.,87.5,3.5));
#1904 = DIRECTION('',(0.,0.,1.));
#1905 = DIRECTION('',(1.,0.,0.));
#1906 = ADVANCED_FACE('',(#1907),#1932,.F.);
#1907 = FACE_BOUND('',#1908,.F.);
#1908 = EDGE_LOOP('',(#1909,#1917,#1918,#1926));
#1909 = ORIENTED_EDGE('',*,*,#1910,.F.);
#1910 = EDGE_CURVE('',#1002,#1911,#1913,.T.);
#1911 = VERTEX_POINT('',#1912);
#1912 = CARTESIAN_POINT('',(190.,157.1,-3.));
#1913 = LINE('',#1914,#1915);
#1914 = CARTESIAN_POINT('',(190.,157.38060222413,-1.321998699688));
#1915 = VECTOR('',#1916,1.);
#1916 = DIRECTION('',(0.,-0.164933883836,-0.986304625338));
#1917 = ORIENTED_EDGE('',*,*,#1009,.T.);
#1918 = ORIENTED_EDGE('',*,*,#1919,.T.);
#1919 = EDGE_CURVE('',#1010,#1920,#1922,.T.);
#1920 = VERTEX_POINT('',#1921);
#1921 = CARTESIAN_POINT('',(176.,157.1,-3.));
#1922 = LINE('',#1923,#1924);
#1923 = CARTESIAN_POINT('',(176.,157.47581337526,-0.75263601593));
#1924 = VECTOR('',#1925,1.);
#1925 = DIRECTION('',(0.,-0.164933883836,-0.986304625338));
#1926 = ORIENTED_EDGE('',*,*,#1927,.F.);
#1927 = EDGE_CURVE('',#1911,#1920,#1928,.T.);
#1928 = LINE('',#1929,#1930);
#1929 = CARTESIAN_POINT('',(190.,157.1,-3.));
#1930 = VECTOR('',#1931,1.);
#1931 = DIRECTION('',(-1.,0.,0.));
#1932 = PLANE('',#1933);
#1933 = AXIS2_PLACEMENT_3D('',#1934,#1935,#1936);
#1934 = CARTESIAN_POINT('',(190.,157.35,-1.505));
#1935 = DIRECTION('',(-1.E-17,-0.986304625338,0.164933883836));
#1936 = DIRECTION('',(-1.,1.013507811375E-17,-2.258831333613E-20));
#1937 = ADVANCED_FACE('',(#1938),#1957,.F.);
#1938 = FACE_BOUND('',#1939,.F.);
#1939 = EDGE_LOOP('',(#1940,#1949,#1955,#1956));
#1940 = ORIENTED_EDGE('',*,*,#1941,.F.);
#1941 = EDGE_CURVE('',#1942,#1942,#1944,.T.);
#1942 = VERTEX_POINT('',#1943);
#1943 = CARTESIAN_POINT('',(10.75,109.7,9.));
#1944 = CIRCLE('',#1945,2.75);
#1945 = AXIS2_PLACEMENT_3D('',#1946,#1947,#1948);
#1946 = CARTESIAN_POINT('',(8.,109.7,9.));
#1947 = DIRECTION('',(0.,0.,1.));
#1948 = DIRECTION('',(1.,0.,0.));
#1949 = ORIENTED_EDGE('',*,*,#1950,.T.);
#1950 = EDGE_CURVE('',#1942,#1244,#1951,.T.);
#1951 = LINE('',#1952,#1953);
#1952 = CARTESIAN_POINT('',(10.75,109.7,10.));
#1953 = VECTOR('',#1954,1.);
#1954 = DIRECTION('',(-0.,-0.,-1.));
#1955 = ORIENTED_EDGE('',*,*,#1243,.T.);
#1956 = ORIENTED_EDGE('',*,*,#1950,.F.);
#1957 = CYLINDRICAL_SURFACE('',#1958,2.75);
#1958 = AXIS2_PLACEMENT_3D('',#1959,#1960,#1961);
#1959 = CARTESIAN_POINT('',(8.,109.7,10.));
#1960 = DIRECTION('',(0.,0.,1.));
#1961 = DIRECTION('',(1.,0.,0.));
#1962 = ADVANCED_FACE('',(#1963),#1982,.F.);
#1963 = FACE_BOUND('',#1964,.F.);
#1964 = EDGE_LOOP('',(#1965,#1974,#1980,#1981));
#1965 = ORIENTED_EDGE('',*,*,#1966,.F.);
#1966 = EDGE_CURVE('',#1967,#1967,#1969,.T.);
#1967 = VERTEX_POINT('',#1968);
#1968 = CARTESIAN_POINT('',(10.75,65.3,9.));
#1969 = CIRCLE('',#1970,2.75);
#1970 = AXIS2_PLACEMENT_3D('',#1971,#1972,#1973);
#1971 = CARTESIAN_POINT('',(8.,65.3,9.));
#1972 = DIRECTION('',(0.,0.,1.));
#1973 = DIRECTION('',(1.,0.,0.));
#1974 = ORIENTED_EDGE('',*,*,#1975,.T.);
#1975 = EDGE_CURVE('',#1967,#1339,#1976,.T.);
#1976 = LINE('',#1977,#1978);
#1977 = CARTESIAN_POINT('',(10.75,65.3,10.));
#1978 = VECTOR('',#1979,1.);
#1979 = DIRECTION('',(-0.,-0.,-1.));
#1980 = ORIENTED_EDGE('',*,*,#1338,.T.);
#1981 = ORIENTED_EDGE('',*,*,#1975,.F.);
#1982 = CYLINDRICAL_SURFACE('',#1983,2.75);
#1983 = AXIS2_PLACEMENT_3D('',#1984,#1985,#1986);
#1984 = CARTESIAN_POINT('',(8.,65.3,10.));
#1985 = DIRECTION('',(0.,0.,1.));
#1986 = DIRECTION('',(1.,0.,0.));
#1987 = ADVANCED_FACE('',(#1988),#2007,.F.);
#1988 = FACE_BOUND('',#1989,.F.);
#1989 = EDGE_LOOP('',(#1990,#1999,#2005,#2006));
#1990 = ORIENTED_EDGE('',*,*,#1991,.F.);
#1991 = EDGE_CURVE('',#1992,#1992,#1994,.T.);
#1992 = VERTEX_POINT('',#1993);
#1993 = CARTESIAN_POINT('',(10.75,20.9,9.));
#1994 = CIRCLE('',#1995,2.75);
#1995 = AXIS2_PLACEMENT_3D('',#1996,#1997,#1998);
#1996 = CARTESIAN_POINT('',(8.,20.9,9.));
#1997 = DIRECTION('',(0.,0.,1.));
#1998 = DIRECTION('',(1.,0.,0.));
#1999 = ORIENTED_EDGE('',*,*,#2000,.T.);
#2000 = EDGE_CURVE('',#1992,#1443,#2001,.T.);
#2001 = LINE('',#2002,#2003);
#2002 = CARTESIAN_POINT('',(10.75,20.9,10.));
#2003 = VECTOR('',#2004,1.);
#2004 = DIRECTION('',(-0.,-0.,-1.));
#2005 = ORIENTED_EDGE('',*,*,#1442,.T.);
#2006 = ORIENTED_EDGE('',*,*,#2000,.F.);
#2007 = CYLINDRICAL_SURFACE('',#2008,2.75);
#2008 = AXIS2_PLACEMENT_3D('',#2009,#2010,#2011);
#2009 = CARTESIAN_POINT('',(8.,20.9,10.));
#2010 = DIRECTION('',(0.,0.,1.));
#2011 = DIRECTION('',(1.,0.,0.));
#2012 = ADVANCED_FACE('',(#2013),#2038,.F.);
#2013 = FACE_BOUND('',#2014,.F.);
#2014 = EDGE_LOOP('',(#2015,#2023,#2024,#2032));
#2015 = ORIENTED_EDGE('',*,*,#2016,.F.);
#2016 = EDGE_CURVE('',#1544,#2017,#2019,.T.);
#2017 = VERTEX_POINT('',#2018);
#2018 = CARTESIAN_POINT('',(176.,17.9,-3.));
#2019 = LINE('',#2020,#2021);
#2020 = CARTESIAN_POINT('',(176.,17.619397775868,-1.321998699688));
#2021 = VECTOR('',#2022,1.);
#2022 = DIRECTION('',(0.,0.164933883836,-0.986304625338));
#2023 = ORIENTED_EDGE('',*,*,#1551,.T.);
#2024 = ORIENTED_EDGE('',*,*,#2025,.T.);
#2025 = EDGE_CURVE('',#1552,#2026,#2028,.T.);
#2026 = VERTEX_POINT('',#2027);
#2027 = CARTESIAN_POINT('',(190.,17.9,-3.));
#2028 = LINE('',#2029,#2030);
#2029 = CARTESIAN_POINT('',(190.,17.524186624737,-0.75263601593));
#2030 = VECTOR('',#2031,1.);
#2031 = DIRECTION('',(0.,0.164933883836,-0.986304625338));
#2032 = ORIENTED_EDGE('',*,*,#2033,.F.);
#2033 = EDGE_CURVE('',#2017,#2026,#2034,.T.);
#2034 = LINE('',#2035,#2036);
#2035 = CARTESIAN_POINT('',(176.,17.9,-3.));
#2036 = VECTOR('',#2037,1.);
#2037 = DIRECTION('',(1.,0.,0.));
#2038 = PLANE('',#2039);
#2039 = AXIS2_PLACEMENT_3D('',#2040,#2041,#2042);
#2040 = CARTESIAN_POINT('',(176.,17.65,-1.505));
#2041 = DIRECTION('',(1.E-17,0.986304625338,0.164933883836));
#2042 = DIRECTION('',(1.,-1.013507811375E-17,-2.258831333613E-20));
#2043 = ADVANCED_FACE('',(#2044,#2047),#2050,.T.);
#2044 = FACE_BOUND('',#2045,.T.);
#2045 = EDGE_LOOP('',(#2046));
#2046 = ORIENTED_EDGE('',*,*,#1582,.T.);
#2047 = FACE_BOUND('',#2048,.T.);
#2048 = EDGE_LOOP('',(#2049));
#2049 = ORIENTED_EDGE('',*,*,#1991,.F.);
#2050 = PLANE('',#2051);
#2051 = AXIS2_PLACEMENT_3D('',#2052,#2053,#2054);
#2052 = CARTESIAN_POINT('',(95.,87.5,9.));
#2053 = DIRECTION('',(0.,0.,1.));
#2054 = DIRECTION('',(1.,0.,0.));
#2055 = ADVANCED_FACE('',(#2056,#2059),#2062,.T.);
#2056 = FACE_BOUND('',#2057,.T.);
#2057 = EDGE_LOOP('',(#2058));
#2058 = ORIENTED_EDGE('',*,*,#1607,.T.);
#2059 = FACE_BOUND('',#2060,.T.);
#2060 = EDGE_LOOP('',(#2061));
#2061 = ORIENTED_EDGE('',*,*,#1966,.F.);
#2062 = PLANE('',#2063);
#2063 = AXIS2_PLACEMENT_3D('',#2064,#2065,#2066);
#2064 = CARTESIAN_POINT('',(95.,87.5,9.));
#2065 = DIRECTION('',(0.,0.,1.));
#2066 = DIRECTION('',(1.,0.,0.));
#2067 = ADVANCED_FACE('',(#2068,#2071),#2082,.T.);
#2068 = FACE_BOUND('',#2069,.T.);
#2069 = EDGE_LOOP('',(#2070));
#2070 = ORIENTED_EDGE('',*,*,#1632,.T.);
#2071 = FACE_BOUND('',#2072,.T.);
#2072 = EDGE_LOOP('',(#2073));
#2073 = ORIENTED_EDGE('',*,*,#2074,.F.);
#2074 = EDGE_CURVE('',#2075,#2075,#2077,.T.);
#2075 = VERTEX_POINT('',#2076);
#2076 = CARTESIAN_POINT('',(184.75,20.9,9.));
#2077 = CIRCLE('',#2078,2.75);
#2078 = AXIS2_PLACEMENT_3D('',#2079,#2080,#2081);
#2079 = CARTESIAN_POINT('',(182.,20.9,9.));
#2080 = DIRECTION('',(0.,0.,1.));
#2081 = DIRECTION('',(1.,0.,0.));
#2082 = PLANE('',#2083);
#2083 = AXIS2_PLACEMENT_3D('',#2084,#2085,#2086);
#2084 = CARTESIAN_POINT('',(95.,87.5,9.));
#2085 = DIRECTION('',(0.,0.,1.));
#2086 = DIRECTION('',(1.,0.,0.));
#2087 = ADVANCED_FACE('',(#2088,#2091),#2102,.T.);
#2088 = FACE_BOUND('',#2089,.T.);
#2089 = EDGE_LOOP('',(#2090));
#2090 = ORIENTED_EDGE('',*,*,#1657,.T.);
#2091 = FACE_BOUND('',#2092,.T.);
#2092 = EDGE_LOOP('',(#2093));
#2093 = ORIENTED_EDGE('',*,*,#2094,.F.);
#2094 = EDGE_CURVE('',#2095,#2095,#2097,.T.);
#2095 = VERTEX_POINT('',#2096);
#2096 = CARTESIAN_POINT('',(184.75,65.3,9.));
#2097 = CIRCLE('',#2098,2.75);
#2098 = AXIS2_PLACEMENT_3D('',#2099,#2100,#2101);
#2099 = CARTESIAN_POINT('',(182.,65.3,9.));
#2100 = DIRECTION('',(0.,0.,1.));
#2101 = DIRECTION('',(1.,0.,0.));
#2102 = PLANE('',#2103);
#2103 = AXIS2_PLACEMENT_3D('',#2104,#2105,#2106);
#2104 = CARTESIAN_POINT('',(95.,87.5,9.));
#2105 = DIRECTION('',(0.,0.,1.));
#2106 = DIRECTION('',(1.,0.,0.));
#2107 = ADVANCED_FACE('',(#2108,#2111),#2114,.T.);
#2108 = FACE_BOUND('',#2109,.T.);
#2109 = EDGE_LOOP('',(#2110));
#2110 = ORIENTED_EDGE('',*,*,#1682,.T.);
#2111 = FACE_BOUND('',#2112,.T.);
#2112 = EDGE_LOOP('',(#2113));
#2113 = ORIENTED_EDGE('',*,*,#1941,.F.);
#2114 = PLANE('',#2115);
#2115 = AXIS2_PLACEMENT_3D('',#2116,#2117,#2118);
#2116 = CARTESIAN_POINT('',(95.,87.5,9.));
#2117 = DIRECTION('',(0.,0.,1.));
#2118 = DIRECTION('',(1.,0.,0.));
#2119 = ADVANCED_FACE('',(#2120,#2123),#2134,.T.);
#2120 = FACE_BOUND('',#2121,.T.);
#2121 = EDGE_LOOP('',(#2122));
#2122 = ORIENTED_EDGE('',*,*,#1828,.T.);
#2123 = FACE_BOUND('',#2124,.T.);
#2124 = EDGE_LOOP('',(#2125));
#2125 = ORIENTED_EDGE('',*,*,#2126,.F.);
#2126 = EDGE_CURVE('',#2127,#2127,#2129,.T.);
#2127 = VERTEX_POINT('',#2128);
#2128 = CARTESIAN_POINT('',(184.75,109.7,9.));
#2129 = CIRCLE('',#2130,2.75);
#2130 = AXIS2_PLACEMENT_3D('',#2131,#2132,#2133);
#2131 = CARTESIAN_POINT('',(182.,109.7,9.));
#2132 = DIRECTION('',(0.,0.,1.));
#2133 = DIRECTION('',(1.,0.,0.));
#2134 = PLANE('',#2135);
#2135 = AXIS2_PLACEMENT_3D('',#2136,#2137,#2138);
#2136 = CARTESIAN_POINT('',(95.,87.5,9.));
#2137 = DIRECTION('',(0.,0.,1.));
#2138 = DIRECTION('',(1.,0.,0.));
#2139 = ADVANCED_FACE('',(#2140,#2143),#2154,.T.);
#2140 = FACE_BOUND('',#2141,.T.);
#2141 = EDGE_LOOP('',(#2142));
#2142 = ORIENTED_EDGE('',*,*,#1853,.T.);
#2143 = FACE_BOUND('',#2144,.T.);
#2144 = EDGE_LOOP('',(#2145));
#2145 = ORIENTED_EDGE('',*,*,#2146,.F.);
#2146 = EDGE_CURVE('',#2147,#2147,#2149,.T.);
#2147 = VERTEX_POINT('',#2148);
#2148 = CARTESIAN_POINT('',(184.75,154.1,9.));
#2149 = CIRCLE('',#2150,2.75);
#2150 = AXIS2_PLACEMENT_3D('',#2151,#2152,#2153);
#2151 = CARTESIAN_POINT('',(182.,154.1,9.));
#2152 = DIRECTION('',(0.,0.,1.));
#2153 = DIRECTION('',(1.,0.,0.));
#2154 = PLANE('',#2155);
#2155 = AXIS2_PLACEMENT_3D('',#2156,#2157,#2158);
#2156 = CARTESIAN_POINT('',(95.,87.5,9.));
#2157 = DIRECTION('',(0.,0.,1.));
#2158 = DIRECTION('',(1.,0.,0.));
#2159 = ADVANCED_FACE('',(#2160,#2176),#2187,.F.);
#2160 = FACE_BOUND('',#2161,.F.);
#2161 = EDGE_LOOP('',(#2162,#2168,#2169,#2175));
#2162 = ORIENTED_EDGE('',*,*,#2163,.T.);
#2163 = EDGE_CURVE('',#306,#2017,#2164,.T.);
#2164 = LINE('',#2165,#2166);
#2165 = CARTESIAN_POINT('',(176.,24.4,-3.));
#2166 = VECTOR('',#2167,1.);
#2167 = DIRECTION('',(0.,-1.,0.));
#2168 = ORIENTED_EDGE('',*,*,#2033,.T.);
#2169 = ORIENTED_EDGE('',*,*,#2170,.T.);
#2170 = EDGE_CURVE('',#2026,#297,#2171,.T.);
#2171 = LINE('',#2172,#2173);
#2172 = CARTESIAN_POINT('',(190.,17.4,-3.));
#2173 = VECTOR('',#2174,1.);
#2174 = DIRECTION('',(0.,1.,0.));
#2175 = ORIENTED_EDGE('',*,*,#313,.T.);
#2176 = FACE_BOUND('',#2177,.F.);
#2177 = EDGE_LOOP('',(#2178));
#2178 = ORIENTED_EDGE('',*,*,#2179,.F.);
#2179 = EDGE_CURVE('',#2180,#2180,#2182,.T.);
#2180 = VERTEX_POINT('',#2181);
#2181 = CARTESIAN_POINT('',(184.75,20.9,-3.));
#2182 = CIRCLE('',#2183,2.75);
#2183 = AXIS2_PLACEMENT_3D('',#2184,#2185,#2186);
#2184 = CARTESIAN_POINT('',(182.,20.9,-3.));
#2185 = DIRECTION('',(0.,0.,1.));
#2186 = DIRECTION('',(1.,0.,0.));
#2187 = PLANE('',#2188);
#2188 = AXIS2_PLACEMENT_3D('',#2189,#2190,#2191);
#2189 = CARTESIAN_POINT('',(95.,87.5,-3.));
#2190 = DIRECTION('',(0.,0.,1.));
#2191 = DIRECTION('',(1.,0.,0.));
#2192 = ADVANCED_FACE('',(#2193),#2218,.T.);
#2193 = FACE_BOUND('',#2194,.T.);
#2194 = EDGE_LOOP('',(#2195,#2203,#2211,#2217));
#2195 = ORIENTED_EDGE('',*,*,#2196,.T.);
#2196 = EDGE_CURVE('',#244,#2197,#2199,.T.);
#2197 = VERTEX_POINT('',#2198);
#2198 = CARTESIAN_POINT('',(176.,61.8,-1.E-02));
#2199 = LINE('',#2200,#2201);
#2200 = CARTESIAN_POINT('',(176.,61.8,0.));
#2201 = VECTOR('',#2202,1.);
#2202 = DIRECTION('',(0.,0.,-1.));
#2203 = ORIENTED_EDGE('',*,*,#2204,.T.);
#2204 = EDGE_CURVE('',#2197,#2205,#2207,.T.);
#2205 = VERTEX_POINT('',#2206);
#2206 = CARTESIAN_POINT('',(190.,61.8,-1.E-02));
#2207 = LINE('',#2208,#2209);
#2208 = CARTESIAN_POINT('',(176.,61.8,-1.E-02));
#2209 = VECTOR('',#2210,1.);
#2210 = DIRECTION('',(1.,0.,0.));
#2211 = ORIENTED_EDGE('',*,*,#2212,.F.);
#2212 = EDGE_CURVE('',#236,#2205,#2213,.T.);
#2213 = LINE('',#2214,#2215);
#2214 = CARTESIAN_POINT('',(190.,61.8,0.));
#2215 = VECTOR('',#2216,1.);
#2216 = DIRECTION('',(0.,0.,-1.));
#2217 = ORIENTED_EDGE('',*,*,#243,.F.);
#2218 = PLANE('',#2219);
#2219 = AXIS2_PLACEMENT_3D('',#2220,#2221,#2222);
#2220 = CARTESIAN_POINT('',(176.,61.8,0.));
#2221 = DIRECTION('',(0.,-1.,0.));
#2222 = DIRECTION('',(1.,0.,0.));
#2223 = ADVANCED_FACE('',(#2224),#2249,.F.);
#2224 = FACE_BOUND('',#2225,.F.);
#2225 = EDGE_LOOP('',(#2226,#2234,#2235,#2243));
#2226 = ORIENTED_EDGE('',*,*,#2227,.F.);
#2227 = EDGE_CURVE('',#2197,#2228,#2230,.T.);
#2228 = VERTEX_POINT('',#2229);
#2229 = CARTESIAN_POINT('',(176.,62.3,-3.));
#2230 = LINE('',#2231,#2232);
#2231 = CARTESIAN_POINT('',(176.,62.019397775868,-1.321998699688));
#2232 = VECTOR('',#2233,1.);
#2233 = DIRECTION('',(0.,0.164933883836,-0.986304625338));
#2234 = ORIENTED_EDGE('',*,*,#2204,.T.);
#2235 = ORIENTED_EDGE('',*,*,#2236,.T.);
#2236 = EDGE_CURVE('',#2205,#2237,#2239,.T.);
#2237 = VERTEX_POINT('',#2238);
#2238 = CARTESIAN_POINT('',(190.,62.3,-3.));
#2239 = LINE('',#2240,#2241);
#2240 = CARTESIAN_POINT('',(190.,61.924186624737,-0.75263601593));
#2241 = VECTOR('',#2242,1.);
#2242 = DIRECTION('',(0.,0.164933883836,-0.986304625338));
#2243 = ORIENTED_EDGE('',*,*,#2244,.F.);
#2244 = EDGE_CURVE('',#2228,#2237,#2245,.T.);
#2245 = LINE('',#2246,#2247);
#2246 = CARTESIAN_POINT('',(176.,62.3,-3.));
#2247 = VECTOR('',#2248,1.);
#2248 = DIRECTION('',(1.,0.,0.));
#2249 = PLANE('',#2250);
#2250 = AXIS2_PLACEMENT_3D('',#2251,#2252,#2253);
#2251 = CARTESIAN_POINT('',(176.,62.05,-1.505));
#2252 = DIRECTION('',(1.E-17,0.986304625338,0.164933883836));
#2253 = DIRECTION('',(1.,-1.013507811375E-17,-2.258831333613E-20));
#2254 = ADVANCED_FACE('',(#2255,#2271),#2282,.F.);
#2255 = FACE_BOUND('',#2256,.F.);
#2256 = EDGE_LOOP('',(#2257,#2263,#2264,#2270));
#2257 = ORIENTED_EDGE('',*,*,#2258,.T.);
#2258 = EDGE_CURVE('',#204,#2228,#2259,.T.);
#2259 = LINE('',#2260,#2261);
#2260 = CARTESIAN_POINT('',(176.,68.8,-3.));
#2261 = VECTOR('',#2262,1.);
#2262 = DIRECTION('',(0.,-1.,0.));
#2263 = ORIENTED_EDGE('',*,*,#2244,.T.);
#2264 = ORIENTED_EDGE('',*,*,#2265,.T.);
#2265 = EDGE_CURVE('',#2237,#195,#2266,.T.);
#2266 = LINE('',#2267,#2268);
#2267 = CARTESIAN_POINT('',(190.,61.8,-3.));
#2268 = VECTOR('',#2269,1.);
#2269 = DIRECTION('',(0.,1.,0.));
#2270 = ORIENTED_EDGE('',*,*,#211,.T.);
#2271 = FACE_BOUND('',#2272,.F.);
#2272 = EDGE_LOOP('',(#2273));
#2273 = ORIENTED_EDGE('',*,*,#2274,.F.);
#2274 = EDGE_CURVE('',#2275,#2275,#2277,.T.);
#2275 = VERTEX_POINT('',#2276);
#2276 = CARTESIAN_POINT('',(184.75,65.3,-3.));
#2277 = CIRCLE('',#2278,2.75);
#2278 = AXIS2_PLACEMENT_3D('',#2279,#2280,#2281);
#2279 = CARTESIAN_POINT('',(182.,65.3,-3.));
#2280 = DIRECTION('',(0.,0.,1.));
#2281 = DIRECTION('',(1.,0.,0.));
#2282 = PLANE('',#2283);
#2283 = AXIS2_PLACEMENT_3D('',#2284,#2285,#2286);
#2284 = CARTESIAN_POINT('',(95.,87.5,-3.));
#2285 = DIRECTION('',(0.,0.,1.));
#2286 = DIRECTION('',(1.,0.,0.));
#2287 = ADVANCED_FACE('',(#2288),#2313,.T.);
#2288 = FACE_BOUND('',#2289,.T.);
#2289 = EDGE_LOOP('',(#2290,#2298,#2306,#2312));
#2290 = ORIENTED_EDGE('',*,*,#2291,.T.);
#2291 = EDGE_CURVE('',#142,#2292,#2294,.T.);
#2292 = VERTEX_POINT('',#2293);
#2293 = CARTESIAN_POINT('',(176.,106.2,-1.E-02));
#2294 = LINE('',#2295,#2296);
#2295 = CARTESIAN_POINT('',(176.,106.2,0.));
#2296 = VECTOR('',#2297,1.);
#2297 = DIRECTION('',(0.,0.,-1.));
#2298 = ORIENTED_EDGE('',*,*,#2299,.T.);
#2299 = EDGE_CURVE('',#2292,#2300,#2302,.T.);
#2300 = VERTEX_POINT('',#2301);
#2301 = CARTESIAN_POINT('',(190.,106.2,-1.E-02));
#2302 = LINE('',#2303,#2304);
#2303 = CARTESIAN_POINT('',(176.,106.2,-1.E-02));
#2304 = VECTOR('',#2305,1.);
#2305 = DIRECTION('',(1.,0.,0.));
#2306 = ORIENTED_EDGE('',*,*,#2307,.F.);
#2307 = EDGE_CURVE('',#134,#2300,#2308,.T.);
#2308 = LINE('',#2309,#2310);
#2309 = CARTESIAN_POINT('',(190.,106.2,0.));
#2310 = VECTOR('',#2311,1.);
#2311 = DIRECTION('',(0.,0.,-1.));
#2312 = ORIENTED_EDGE('',*,*,#141,.F.);
#2313 = PLANE('',#2314);
#2314 = AXIS2_PLACEMENT_3D('',#2315,#2316,#2317);
#2315 = CARTESIAN_POINT('',(176.,106.2,0.));
#2316 = DIRECTION('',(0.,-1.,0.));
#2317 = DIRECTION('',(1.,0.,0.));
#2318 = ADVANCED_FACE('',(#2319),#2344,.F.);
#2319 = FACE_BOUND('',#2320,.F.);
#2320 = EDGE_LOOP('',(#2321,#2329,#2330,#2338));
#2321 = ORIENTED_EDGE('',*,*,#2322,.F.);
#2322 = EDGE_CURVE('',#2292,#2323,#2325,.T.);
#2323 = VERTEX_POINT('',#2324);
#2324 = CARTESIAN_POINT('',(176.,106.7,-3.));
#2325 = LINE('',#2326,#2327);
#2326 = CARTESIAN_POINT('',(176.,106.41939777586,-1.321998699688));
#2327 = VECTOR('',#2328,1.);
#2328 = DIRECTION('',(0.,0.164933883836,-0.986304625338));
#2329 = ORIENTED_EDGE('',*,*,#2299,.T.);
#2330 = ORIENTED_EDGE('',*,*,#2331,.T.);
#2331 = EDGE_CURVE('',#2300,#2332,#2334,.T.);
#2332 = VERTEX_POINT('',#2333);
#2333 = CARTESIAN_POINT('',(190.,106.7,-3.));
#2334 = LINE('',#2335,#2336);
#2335 = CARTESIAN_POINT('',(190.,106.32418662473,-0.75263601593));
#2336 = VECTOR('',#2337,1.);
#2337 = DIRECTION('',(0.,0.164933883836,-0.986304625338));
#2338 = ORIENTED_EDGE('',*,*,#2339,.F.);
#2339 = EDGE_CURVE('',#2323,#2332,#2340,.T.);
#2340 = LINE('',#2341,#2342);
#2341 = CARTESIAN_POINT('',(176.,106.7,-3.));
#2342 = VECTOR('',#2343,1.);
#2343 = DIRECTION('',(1.,0.,0.));
#2344 = PLANE('',#2345);
#2345 = AXIS2_PLACEMENT_3D('',#2346,#2347,#2348);
#2346 = CARTESIAN_POINT('',(176.,106.45,-1.505));
#2347 = DIRECTION('',(1.E-17,0.986304625338,0.164933883836));
#2348 = DIRECTION('',(1.,-1.013507811375E-17,-2.258831333613E-20));
#2349 = ADVANCED_FACE('',(#2350,#2366),#2377,.F.);
#2350 = FACE_BOUND('',#2351,.F.);
#2351 = EDGE_LOOP('',(#2352,#2358,#2359,#2365));
#2352 = ORIENTED_EDGE('',*,*,#2353,.T.);
#2353 = EDGE_CURVE('',#102,#2323,#2354,.T.);
#2354 = LINE('',#2355,#2356);
#2355 = CARTESIAN_POINT('',(176.,113.2,-3.));
#2356 = VECTOR('',#2357,1.);
#2357 = DIRECTION('',(0.,-1.,0.));
#2358 = ORIENTED_EDGE('',*,*,#2339,.T.);
#2359 = ORIENTED_EDGE('',*,*,#2360,.T.);
#2360 = EDGE_CURVE('',#2332,#93,#2361,.T.);
#2361 = LINE('',#2362,#2363);
#2362 = CARTESIAN_POINT('',(190.,106.2,-3.));
#2363 = VECTOR('',#2364,1.);
#2364 = DIRECTION('',(0.,1.,0.));
#2365 = ORIENTED_EDGE('',*,*,#109,.T.);
#2366 = FACE_BOUND('',#2367,.F.);
#2367 = EDGE_LOOP('',(#2368));
#2368 = ORIENTED_EDGE('',*,*,#2369,.F.);
#2369 = EDGE_CURVE('',#2370,#2370,#2372,.T.);
#2370 = VERTEX_POINT('',#2371);
#2371 = CARTESIAN_POINT('',(184.75,109.7,-3.));
#2372 = CIRCLE('',#2373,2.75);
#2373 = AXIS2_PLACEMENT_3D('',#2374,#2375,#2376);
#2374 = CARTESIAN_POINT('',(182.,109.7,-3.));
#2375 = DIRECTION('',(0.,0.,1.));
#2376 = DIRECTION('',(1.,0.,0.));
#2377 = PLANE('',#2378);
#2378 = AXIS2_PLACEMENT_3D('',#2379,#2380,#2381);
#2379 = CARTESIAN_POINT('',(95.,87.5,-3.));
#2380 = DIRECTION('',(0.,0.,1.));
#2381 = DIRECTION('',(1.,0.,0.));
#2382 = ADVANCED_FACE('',(#2383),#2408,.T.);
#2383 = FACE_BOUND('',#2384,.T.);
#2384 = EDGE_LOOP('',(#2385,#2393,#2401,#2407));
#2385 = ORIENTED_EDGE('',*,*,#2386,.T.);
#2386 = EDGE_CURVE('',#40,#2387,#2389,.T.);
#2387 = VERTEX_POINT('',#2388);
#2388 = CARTESIAN_POINT('',(176.,150.6,-1.E-02));
#2389 = LINE('',#2390,#2391);
#2390 = CARTESIAN_POINT('',(176.,150.6,0.));
#2391 = VECTOR('',#2392,1.);
#2392 = DIRECTION('',(0.,0.,-1.));
#2393 = ORIENTED_EDGE('',*,*,#2394,.T.);
#2394 = EDGE_CURVE('',#2387,#2395,#2397,.T.);
#2395 = VERTEX_POINT('',#2396);
#2396 = CARTESIAN_POINT('',(190.,150.6,-1.E-02));
#2397 = LINE('',#2398,#2399);
#2398 = CARTESIAN_POINT('',(176.,150.6,-1.E-02));
#2399 = VECTOR('',#2400,1.);
#2400 = DIRECTION('',(1.,0.,0.));
#2401 = ORIENTED_EDGE('',*,*,#2402,.F.);
#2402 = EDGE_CURVE('',#32,#2395,#2403,.T.);
#2403 = LINE('',#2404,#2405);
#2404 = CARTESIAN_POINT('',(190.,150.6,0.));
#2405 = VECTOR('',#2406,1.);
#2406 = DIRECTION('',(0.,0.,-1.));
#2407 = ORIENTED_EDGE('',*,*,#39,.F.);
#2408 = PLANE('',#2409);
#2409 = AXIS2_PLACEMENT_3D('',#2410,#2411,#2412);
#2410 = CARTESIAN_POINT('',(176.,150.6,0.));
#2411 = DIRECTION('',(0.,-1.,0.));
#2412 = DIRECTION('',(1.,0.,0.));
#2413 = ADVANCED_FACE('',(#2414),#2439,.F.);
#2414 = FACE_BOUND('',#2415,.F.);
#2415 = EDGE_LOOP('',(#2416,#2424,#2425,#2433));
#2416 = ORIENTED_EDGE('',*,*,#2417,.F.);
#2417 = EDGE_CURVE('',#2387,#2418,#2420,.T.);
#2418 = VERTEX_POINT('',#2419);
#2419 = CARTESIAN_POINT('',(176.,151.1,-3.));
#2420 = LINE('',#2421,#2422);
#2421 = CARTESIAN_POINT('',(176.,150.81939777586,-1.321998699688));
#2422 = VECTOR('',#2423,1.);
#2423 = DIRECTION('',(0.,0.164933883836,-0.986304625338));
#2424 = ORIENTED_EDGE('',*,*,#2394,.T.);
#2425 = ORIENTED_EDGE('',*,*,#2426,.T.);
#2426 = EDGE_CURVE('',#2395,#2427,#2429,.T.);
#2427 = VERTEX_POINT('',#2428);
#2428 = CARTESIAN_POINT('',(190.,151.1,-3.));
#2429 = LINE('',#2430,#2431);
#2430 = CARTESIAN_POINT('',(190.,150.72418662473,-0.75263601593));
#2431 = VECTOR('',#2432,1.);
#2432 = DIRECTION('',(0.,0.164933883836,-0.986304625338));
#2433 = ORIENTED_EDGE('',*,*,#2434,.F.);
#2434 = EDGE_CURVE('',#2418,#2427,#2435,.T.);
#2435 = LINE('',#2436,#2437);
#2436 = CARTESIAN_POINT('',(176.,151.1,-3.));
#2437 = VECTOR('',#2438,1.);
#2438 = DIRECTION('',(1.,0.,0.));
#2439 = PLANE('',#2440);
#2440 = AXIS2_PLACEMENT_3D('',#2441,#2442,#2443);
#2441 = CARTESIAN_POINT('',(176.,150.85,-1.505));
#2442 = DIRECTION('',(1.E-17,0.986304625338,0.164933883836));
#2443 = DIRECTION('',(1.,-1.013507811375E-17,-2.258831333613E-20));
#2444 = ADVANCED_FACE('',(#2445,#2461),#2472,.F.);
#2445 = FACE_BOUND('',#2446,.F.);
#2446 = EDGE_LOOP('',(#2447,#2453,#2454,#2460));
#2447 = ORIENTED_EDGE('',*,*,#2448,.T.);
#2448 = EDGE_CURVE('',#1920,#2418,#2449,.T.);
#2449 = LINE('',#2450,#2451);
#2450 = CARTESIAN_POINT('',(176.,157.6,-3.));
#2451 = VECTOR('',#2452,1.);
#2452 = DIRECTION('',(0.,-1.,0.));
#2453 = ORIENTED_EDGE('',*,*,#2434,.T.);
#2454 = ORIENTED_EDGE('',*,*,#2455,.T.);
#2455 = EDGE_CURVE('',#2427,#1911,#2456,.T.);
#2456 = LINE('',#2457,#2458);
#2457 = CARTESIAN_POINT('',(190.,150.6,-3.));
#2458 = VECTOR('',#2459,1.);
#2459 = DIRECTION('',(0.,1.,0.));
#2460 = ORIENTED_EDGE('',*,*,#1927,.T.);
#2461 = FACE_BOUND('',#2462,.F.);
#2462 = EDGE_LOOP('',(#2463));
#2463 = ORIENTED_EDGE('',*,*,#2464,.F.);
#2464 = EDGE_CURVE('',#2465,#2465,#2467,.T.);
#2465 = VERTEX_POINT('',#2466);
#2466 = CARTESIAN_POINT('',(184.75,154.1,-3.));
#2467 = CIRCLE('',#2468,2.75);
#2468 = AXIS2_PLACEMENT_3D('',#2469,#2470,#2471);
#2469 = CARTESIAN_POINT('',(182.,154.1,-3.));
#2470 = DIRECTION('',(0.,0.,1.));
#2471 = DIRECTION('',(1.,0.,0.));
#2472 = PLANE('',#2473);
#2473 = AXIS2_PLACEMENT_3D('',#2474,#2475,#2476);
#2474 = CARTESIAN_POINT('',(95.,87.5,-3.));
#2475 = DIRECTION('',(0.,0.,1.));
#2476 = DIRECTION('',(1.,0.,0.));
#2477 = ADVANCED_FACE('',(#2478),#2489,.F.);
#2478 = FACE_BOUND('',#2479,.F.);
#2479 = EDGE_LOOP('',(#2480,#2481,#2487,#2488));
#2480 = ORIENTED_EDGE('',*,*,#2074,.F.);
#2481 = ORIENTED_EDGE('',*,*,#2482,.T.);
#2482 = EDGE_CURVE('',#2075,#2180,#2483,.T.);
#2483 = LINE('',#2484,#2485);
#2484 = CARTESIAN_POINT('',(184.75,20.9,10.));
#2485 = VECTOR('',#2486,1.);
#2486 = DIRECTION('',(-0.,-0.,-1.));
#2487 = ORIENTED_EDGE('',*,*,#2179,.T.);
#2488 = ORIENTED_EDGE('',*,*,#2482,.F.);
#2489 = CYLINDRICAL_SURFACE('',#2490,2.75);
#2490 = AXIS2_PLACEMENT_3D('',#2491,#2492,#2493);
#2491 = CARTESIAN_POINT('',(182.,20.9,10.));
#2492 = DIRECTION('',(0.,0.,1.));
#2493 = DIRECTION('',(1.,0.,0.));
#2494 = ADVANCED_FACE('',(#2495),#2506,.F.);
#2495 = FACE_BOUND('',#2496,.F.);
#2496 = EDGE_LOOP('',(#2497,#2498,#2504,#2505));
#2497 = ORIENTED_EDGE('',*,*,#2094,.F.);
#2498 = ORIENTED_EDGE('',*,*,#2499,.T.);
#2499 = EDGE_CURVE('',#2095,#2275,#2500,.T.);
#2500 = LINE('',#2501,#2502);
#2501 = CARTESIAN_POINT('',(184.75,65.3,10.));
#2502 = VECTOR('',#2503,1.);
#2503 = DIRECTION('',(-0.,-0.,-1.));
#2504 = ORIENTED_EDGE('',*,*,#2274,.T.);
#2505 = ORIENTED_EDGE('',*,*,#2499,.F.);
#2506 = CYLINDRICAL_SURFACE('',#2507,2.75);
#2507 = AXIS2_PLACEMENT_3D('',#2508,#2509,#2510);
#2508 = CARTESIAN_POINT('',(182.,65.3,10.));
#2509 = DIRECTION('',(0.,0.,1.));
#2510 = DIRECTION('',(1.,0.,0.));
#2511 = ADVANCED_FACE('',(#2512),#2523,.F.);
#2512 = FACE_BOUND('',#2513,.F.);
#2513 = EDGE_LOOP('',(#2514,#2515,#2521,#2522));
#2514 = ORIENTED_EDGE('',*,*,#2126,.F.);
#2515 = ORIENTED_EDGE('',*,*,#2516,.T.);
#2516 = EDGE_CURVE('',#2127,#2370,#2517,.T.);
#2517 = LINE('',#2518,#2519);
#2518 = CARTESIAN_POINT('',(184.75,109.7,10.));
#2519 = VECTOR('',#2520,1.);
#2520 = DIRECTION('',(-0.,-0.,-1.));
#2521 = ORIENTED_EDGE('',*,*,#2369,.T.);
#2522 = ORIENTED_EDGE('',*,*,#2516,.F.);
#2523 = CYLINDRICAL_SURFACE('',#2524,2.75);
#2524 = AXIS2_PLACEMENT_3D('',#2525,#2526,#2527);
#2525 = CARTESIAN_POINT('',(182.,109.7,10.));
#2526 = DIRECTION('',(0.,0.,1.));
#2527 = DIRECTION('',(1.,0.,0.));
#2528 = ADVANCED_FACE('',(#2529),#2540,.F.);
#2529 = FACE_BOUND('',#2530,.F.);
#2530 = EDGE_LOOP('',(#2531,#2532,#2538,#2539));
#2531 = ORIENTED_EDGE('',*,*,#2146,.F.);
#2532 = ORIENTED_EDGE('',*,*,#2533,.T.);
#2533 = EDGE_CURVE('',#2147,#2465,#2534,.T.);
#2534 = LINE('',#2535,#2536);
#2535 = CARTESIAN_POINT('',(184.75,154.1,10.));
#2536 = VECTOR('',#2537,1.);
#2537 = DIRECTION('',(-0.,-0.,-1.));
#2538 = ORIENTED_EDGE('',*,*,#2464,.T.);
#2539 = ORIENTED_EDGE('',*,*,#2533,.F.);
#2540 = CYLINDRICAL_SURFACE('',#2541,2.75);
#2541 = AXIS2_PLACEMENT_3D('',#2542,#2543,#2544);
#2542 = CARTESIAN_POINT('',(182.,154.1,10.));
#2543 = DIRECTION('',(0.,0.,1.));
#2544 = DIRECTION('',(1.,0.,0.));
#2545 = ADVANCED_FACE('',(#2546),#2576,.T.);
#2546 = FACE_BOUND('',#2547,.T.);
#2547 = EDGE_LOOP('',(#2548,#2549,#2550,#2551,#2552,#2553,#2554,#2555,
    #2556,#2557,#2558,#2559,#2560,#2561,#2562,#2563,#2564,#2565,#2566,
    #2567,#2568,#2569,#2570,#2571,#2572,#2573,#2574,#2575));
#2548 = ORIENTED_EDGE('',*,*,#774,.T.);
#2549 = ORIENTED_EDGE('',*,*,#805,.T.);
#2550 = ORIENTED_EDGE('',*,*,#827,.T.);
#2551 = ORIENTED_EDGE('',*,*,#725,.F.);
#2552 = ORIENTED_EDGE('',*,*,#685,.F.);
#2553 = ORIENTED_EDGE('',*,*,#945,.T.);
#2554 = ORIENTED_EDGE('',*,*,#1063,.T.);
#2555 = ORIENTED_EDGE('',*,*,#1094,.T.);
#2556 = ORIENTED_EDGE('',*,*,#1227,.F.);
#2557 = ORIENTED_EDGE('',*,*,#1205,.F.);
#2558 = ORIENTED_EDGE('',*,*,#1181,.F.);
#2559 = ORIENTED_EDGE('',*,*,#1125,.T.);
#2560 = ORIENTED_EDGE('',*,*,#1276,.T.);
#2561 = ORIENTED_EDGE('',*,*,#1300,.T.);
#2562 = ORIENTED_EDGE('',*,*,#1322,.T.);
#2563 = ORIENTED_EDGE('',*,*,#398,.F.);
#2564 = ORIENTED_EDGE('',*,*,#367,.F.);
#2565 = ORIENTED_EDGE('',*,*,#327,.T.);
#2566 = ORIENTED_EDGE('',*,*,#1371,.T.);
#2567 = ORIENTED_EDGE('',*,*,#1395,.T.);
#2568 = ORIENTED_EDGE('',*,*,#1417,.T.);
#2569 = ORIENTED_EDGE('',*,*,#1490,.F.);
#2570 = ORIENTED_EDGE('',*,*,#1459,.F.);
#2571 = ORIENTED_EDGE('',*,*,#469,.T.);
#2572 = ORIENTED_EDGE('',*,*,#429,.T.);
#2573 = ORIENTED_EDGE('',*,*,#549,.F.);
#2574 = ORIENTED_EDGE('',*,*,#930,.F.);
#2575 = ORIENTED_EDGE('',*,*,#860,.T.);
#2576 = PLANE('',#2577);
#2577 = AXIS2_PLACEMENT_3D('',#2578,#2579,#2580);
#2578 = CARTESIAN_POINT('',(0.,87.5,4.461585244638));
#2579 = DIRECTION('',(-1.,-0.,-0.));
#2580 = DIRECTION('',(0.,0.,-1.));
#2581 = ADVANCED_FACE('',(#2582),#2612,.T.);
#2582 = FACE_BOUND('',#2583,.T.);
#2583 = EDGE_LOOP('',(#2584,#2585,#2586,#2587,#2588,#2589,#2590,#2591,
    #2592,#2593,#2594,#2595,#2596,#2597,#2598,#2599,#2600,#2601,#2602,
    #2603,#2604,#2605,#2606,#2607,#2608,#2609,#2610,#2611));
#2584 = ORIENTED_EDGE('',*,*,#703,.T.);
#2585 = ORIENTED_EDGE('',*,*,#734,.T.);
#2586 = ORIENTED_EDGE('',*,*,#834,.T.);
#2587 = ORIENTED_EDGE('',*,*,#796,.F.);
#2588 = ORIENTED_EDGE('',*,*,#756,.F.);
#2589 = ORIENTED_EDGE('',*,*,#869,.F.);
#2590 = ORIENTED_EDGE('',*,*,#1048,.T.);
#2591 = ORIENTED_EDGE('',*,*,#1890,.T.);
#2592 = ORIENTED_EDGE('',*,*,#1512,.F.);
#2593 = ORIENTED_EDGE('',*,*,#510,.F.);
#2594 = ORIENTED_EDGE('',*,*,#1475,.T.);
#2595 = ORIENTED_EDGE('',*,*,#1497,.T.);
#2596 = ORIENTED_EDGE('',*,*,#1433,.T.);
#2597 = ORIENTED_EDGE('',*,*,#1386,.F.);
#2598 = ORIENTED_EDGE('',*,*,#1355,.F.);
#2599 = ORIENTED_EDGE('',*,*,#345,.F.);
#2600 = ORIENTED_EDGE('',*,*,#383,.T.);
#2601 = ORIENTED_EDGE('',*,*,#407,.T.);
#2602 = ORIENTED_EDGE('',*,*,#1329,.T.);
#2603 = ORIENTED_EDGE('',*,*,#1291,.F.);
#2604 = ORIENTED_EDGE('',*,*,#1260,.F.);
#2605 = ORIENTED_EDGE('',*,*,#1143,.F.);
#2606 = ORIENTED_EDGE('',*,*,#1165,.T.);
#2607 = ORIENTED_EDGE('',*,*,#1196,.T.);
#2608 = ORIENTED_EDGE('',*,*,#1234,.F.);
#2609 = ORIENTED_EDGE('',*,*,#1103,.F.);
#2610 = ORIENTED_EDGE('',*,*,#1079,.F.);
#2611 = ORIENTED_EDGE('',*,*,#961,.F.);
#2612 = PLANE('',#2613);
#2613 = AXIS2_PLACEMENT_3D('',#2614,#2615,#2616);
#2614 = CARTESIAN_POINT('',(14.,87.5,1.301613101011));
#2615 = DIRECTION('',(1.,0.,0.));
#2616 = DIRECTION('',(0.,0.,1.));
#2617 = ADVANCED_FACE('',(#2618),#2648,.T.);
#2618 = FACE_BOUND('',#2619,.T.);
#2619 = EDGE_LOOP('',(#2620,#2621,#2622,#2623,#2624,#2625,#2626,#2627,
    #2628,#2629,#2630,#2631,#2632,#2633,#2634,#2635,#2636,#2637,#2638,
    #2639,#2640,#2641,#2642,#2643,#2644,#2645,#2646,#2647));
#2620 = ORIENTED_EDGE('',*,*,#447,.F.);
#2621 = ORIENTED_EDGE('',*,*,#478,.T.);
#2622 = ORIENTED_EDGE('',*,*,#1559,.T.);
#2623 = ORIENTED_EDGE('',*,*,#2025,.T.);
#2624 = ORIENTED_EDGE('',*,*,#2170,.T.);
#2625 = ORIENTED_EDGE('',*,*,#296,.F.);
#2626 = ORIENTED_EDGE('',*,*,#265,.F.);
#2627 = ORIENTED_EDGE('',*,*,#235,.T.);
#2628 = ORIENTED_EDGE('',*,*,#2212,.T.);
#2629 = ORIENTED_EDGE('',*,*,#2236,.T.);
#2630 = ORIENTED_EDGE('',*,*,#2265,.T.);
#2631 = ORIENTED_EDGE('',*,*,#194,.F.);
#2632 = ORIENTED_EDGE('',*,*,#163,.F.);
#2633 = ORIENTED_EDGE('',*,*,#133,.T.);
#2634 = ORIENTED_EDGE('',*,*,#2307,.T.);
#2635 = ORIENTED_EDGE('',*,*,#2331,.T.);
#2636 = ORIENTED_EDGE('',*,*,#2360,.T.);
#2637 = ORIENTED_EDGE('',*,*,#92,.F.);
#2638 = ORIENTED_EDGE('',*,*,#61,.F.);
#2639 = ORIENTED_EDGE('',*,*,#31,.T.);
#2640 = ORIENTED_EDGE('',*,*,#2402,.T.);
#2641 = ORIENTED_EDGE('',*,*,#2426,.T.);
#2642 = ORIENTED_EDGE('',*,*,#2455,.T.);
#2643 = ORIENTED_EDGE('',*,*,#1910,.F.);
#2644 = ORIENTED_EDGE('',*,*,#1001,.F.);
#2645 = ORIENTED_EDGE('',*,*,#901,.T.);
#2646 = ORIENTED_EDGE('',*,*,#923,.T.);
#2647 = ORIENTED_EDGE('',*,*,#533,.F.);
#2648 = PLANE('',#2649);
#2649 = AXIS2_PLACEMENT_3D('',#2650,#2651,#2652);
#2650 = CARTESIAN_POINT('',(190.,87.5,4.461585244638));
#2651 = DIRECTION('',(1.,0.,0.));
#2652 = DIRECTION('',(0.,0.,1.));
#2653 = ADVANCED_FACE('',(#2654),#2684,.T.);
#2654 = FACE_BOUND('',#2655,.T.);
#2655 = EDGE_LOOP('',(#2656,#2657,#2658,#2659,#2660,#2661,#2662,#2663,
    #2664,#2665,#2666,#2667,#2668,#2669,#2670,#2671,#2672,#2673,#2674,
    #2675,#2676,#2677,#2678,#2679,#2680,#2681,#2682,#2683));
#2656 = ORIENTED_EDGE('',*,*,#1528,.T.);
#2657 = ORIENTED_EDGE('',*,*,#1883,.T.);
#2658 = ORIENTED_EDGE('',*,*,#1032,.F.);
#2659 = ORIENTED_EDGE('',*,*,#885,.F.);
#2660 = ORIENTED_EDGE('',*,*,#1017,.T.);
#2661 = ORIENTED_EDGE('',*,*,#1919,.T.);
#2662 = ORIENTED_EDGE('',*,*,#2448,.T.);
#2663 = ORIENTED_EDGE('',*,*,#2417,.F.);
#2664 = ORIENTED_EDGE('',*,*,#2386,.F.);
#2665 = ORIENTED_EDGE('',*,*,#47,.F.);
#2666 = ORIENTED_EDGE('',*,*,#77,.T.);
#2667 = ORIENTED_EDGE('',*,*,#101,.T.);
#2668 = ORIENTED_EDGE('',*,*,#2353,.T.);
#2669 = ORIENTED_EDGE('',*,*,#2322,.F.);
#2670 = ORIENTED_EDGE('',*,*,#2291,.F.);
#2671 = ORIENTED_EDGE('',*,*,#149,.F.);
#2672 = ORIENTED_EDGE('',*,*,#179,.T.);
#2673 = ORIENTED_EDGE('',*,*,#203,.T.);
#2674 = ORIENTED_EDGE('',*,*,#2258,.T.);
#2675 = ORIENTED_EDGE('',*,*,#2227,.F.);
#2676 = ORIENTED_EDGE('',*,*,#2196,.F.);
#2677 = ORIENTED_EDGE('',*,*,#251,.F.);
#2678 = ORIENTED_EDGE('',*,*,#281,.T.);
#2679 = ORIENTED_EDGE('',*,*,#305,.T.);
#2680 = ORIENTED_EDGE('',*,*,#2163,.T.);
#2681 = ORIENTED_EDGE('',*,*,#2016,.F.);
#2682 = ORIENTED_EDGE('',*,*,#1543,.F.);
#2683 = ORIENTED_EDGE('',*,*,#494,.F.);
#2684 = PLANE('',#2685);
#2685 = AXIS2_PLACEMENT_3D('',#2686,#2687,#2688);
#2686 = CARTESIAN_POINT('',(176.,87.5,1.301613101011));
#2687 = DIRECTION('',(-1.,-0.,-0.));
#2688 = DIRECTION('',(0.,0.,-1.));
#2689 = ( GEOMETRIC_REPRESENTATION_CONTEXT(3) 
GLOBAL_UNCERTAINTY_ASSIGNED_CONTEXT((#2693)) 
GLOBAL_UNIT_ASSIGNED_CONTEXT((#2690,#2691,#2692)) REPRESENTATION_CONTEXT
('Context #1','3D Context with UNIT and UNCERTAINTY') );
#2690 = ( LENGTH_UNIT() NAMED_UNIT(*) SI_UNIT(.MILLI.,.METRE.) );
#2691 = ( NAMED_UNIT(*) PLANE_ANGLE_UNIT() SI_UNIT($,.RADIAN.) );
#2692 = ( NAMED_UNIT(*) SI_UNIT($,.STERADIAN.) SOLID_ANGLE_UNIT() );
#2693 = UNCERTAINTY_MEASURE_WITH_UNIT(LENGTH_MEASURE(2.E-05),#2690,
  'distance_accuracy_value','confusion accuracy');
#2694 = PRODUCT_RELATED_PRODUCT_CATEGORY('part',$,(#7));
#2695 = MECHANICAL_DESIGN_GEOMETRIC_PRESENTATION_REPRESENTATION('',(
    #2696),#2689);
#2696 = STYLED_ITEM('color',(#2697),#15);
#2697 = PRESENTATION_STYLE_ASSIGNMENT((#2698,#2704));
#2698 = SURFACE_STYLE_USAGE(.BOTH.,#2699);
#2699 = SURFACE_SIDE_STYLE('',(#2700));
#2700 = SURFACE_STYLE_FILL_AREA(#2701);
#2701 = FILL_AREA_STYLE('',(#2702));
#2702 = FILL_AREA_STYLE_COLOUR('',#2703);
#2703 = COLOUR_RGB('',0.800000010877,0.800000010877,0.800000010877);
#2704 = CURVE_STYLE('',#2705,POSITIVE_LENGTH_MEASURE(0.1),#2706);
#2705 = DRAUGHTING_PRE_DEFINED_CURVE_FONT('continuous');
#2706 = COLOUR_RGB('',9.803921802644E-02,9.803921802644E-02,
  9.803921802644E-02);
ENDSEC;
END-ISO-10303-21;
