ISO-10303-21;
HEADER;
FILE_DESCRIPTION(('FreeCAD Model'),'2;1');
FILE_NAME('Open CASCADE Shape Model','2025-06-15T22:10:37',(''),(''),
  'Open CASCADE STEP processor 7.8','FreeCAD','Unknown');
FILE_SCHEMA(('AUTOMOTIVE_DESIGN { 1 0 10303 214 1 1 1 1 }'));
ENDSEC;
DATA;
#1 = APPLICATION_PROTOCOL_DEFINITION('international standard',
  'automotive_design',2000,#2);
#2 = APPLICATION_CONTEXT(
  'core data for automotive mechanical design processes');
#3 = SHAPE_DEFINITION_REPRESENTATION(#4,#10);
#4 = PRODUCT_DEFINITION_SHAPE('','',#5);
#5 = PRODUCT_DEFINITION('design','',#6,#9);
#6 = PRODUCT_DEFINITION_FORMATION('','',#7);
#7 = PRODUCT('Body','Body','',(#8));
#8 = PRODUCT_CONTEXT('',#2,'mechanical');
#9 = PRODUCT_DEFINITION_CONTEXT('part definition',#2,'design');
#10 = ADVANCED_BREP_SHAPE_REPRESENTATION('',(#11,#15),#2929);
#11 = AXIS2_PLACEMENT_3D('',#12,#13,#14);
#12 = CARTESIAN_POINT('',(0.,0.,0.));
#13 = DIRECTION('',(0.,0.,1.));
#14 = DIRECTION('',(1.,0.,-0.));
#15 = MANIFOLD_SOLID_BREP('',#16);
#16 = CLOSED_SHELL('',(#17,#57,#88,#247,#342,#359,#383,#418,#435,#457,
    #538,#555,#586,#603,#634,#665,#712,#734,#758,#775,#921,#1002,#1026,
    #1057,#1104,#1128,#1159,#1210,#1222,#1247,#1271,#1288,#1312,#1343,
    #1456,#1480,#1554,#1578,#1606,#1623,#1651,#1663,#1680,#1705,#1730,
    #1755,#1780,#1805,#1830,#1852,#1869,#1886,#1898,#1923,#1948,#1965,
    #1989,#2006,#2037,#2061,#2096,#2113,#2130,#2142,#2154,#2178,#2202,
    #2230,#2252,#2283,#2300,#2317,#2334,#2365,#2382,#2406,#2437,#2468,
    #2493,#2518,#2530,#2550,#2562,#2582,#2602,#2614,#2634,#2654,#2666,
    #2690,#2718,#2735,#2747,#2764,#2781,#2809,#2821,#2838,#2866,#2878,
    #2895,#2912));
#17 = ADVANCED_FACE('',(#18),#52,.F.);
#18 = FACE_BOUND('',#19,.F.);
#19 = EDGE_LOOP('',(#20,#30,#38,#46));
#20 = ORIENTED_EDGE('',*,*,#21,.T.);
#21 = EDGE_CURVE('',#22,#24,#26,.T.);
#22 = VERTEX_POINT('',#23);
#23 = CARTESIAN_POINT('',(0.,100.7,-1.E-02));
#24 = VERTEX_POINT('',#25);
#25 = CARTESIAN_POINT('',(13.,100.7,-1.E-02));
#26 = LINE('',#27,#28);
#27 = CARTESIAN_POINT('',(0.599,100.7,-1.E-02));
#28 = VECTOR('',#29,1.);
#29 = DIRECTION('',(1.,0.,0.));
#30 = ORIENTED_EDGE('',*,*,#31,.F.);
#31 = EDGE_CURVE('',#32,#24,#34,.T.);
#32 = VERTEX_POINT('',#33);
#33 = CARTESIAN_POINT('',(13.,100.7,0.));
#34 = LINE('',#35,#36);
#35 = CARTESIAN_POINT('',(13.,100.7,0.));
#36 = VECTOR('',#37,1.);
#37 = DIRECTION('',(0.,0.,-1.));
#38 = ORIENTED_EDGE('',*,*,#39,.F.);
#39 = EDGE_CURVE('',#40,#32,#42,.T.);
#40 = VERTEX_POINT('',#41);
#41 = CARTESIAN_POINT('',(0.,100.7,0.));
#42 = LINE('',#43,#44);
#43 = CARTESIAN_POINT('',(0.,100.7,0.));
#44 = VECTOR('',#45,1.);
#45 = DIRECTION('',(1.,0.,0.));
#46 = ORIENTED_EDGE('',*,*,#47,.T.);
#47 = EDGE_CURVE('',#40,#22,#48,.T.);
#48 = LINE('',#49,#50);
#49 = CARTESIAN_POINT('',(0.,100.7,0.));
#50 = VECTOR('',#51,1.);
#51 = DIRECTION('',(0.,0.,-1.));
#52 = PLANE('',#53);
#53 = AXIS2_PLACEMENT_3D('',#54,#55,#56);
#54 = CARTESIAN_POINT('',(0.,100.7,0.));
#55 = DIRECTION('',(0.,-1.,0.));
#56 = DIRECTION('',(1.,0.,0.));
#57 = ADVANCED_FACE('',(#58),#83,.T.);
#58 = FACE_BOUND('',#59,.T.);
#59 = EDGE_LOOP('',(#60,#68,#69,#77));
#60 = ORIENTED_EDGE('',*,*,#61,.F.);
#61 = EDGE_CURVE('',#22,#62,#64,.T.);
#62 = VERTEX_POINT('',#63);
#63 = CARTESIAN_POINT('',(0.599,100.101,-3.));
#64 = LINE('',#65,#66);
#65 = CARTESIAN_POINT('',(0.418385755638,100.28161424436,-2.098436409614
    ));
#66 = VECTOR('',#67,1.);
#67 = DIRECTION('',(0.192748018503,-0.192748018503,-0.962131177504));
#68 = ORIENTED_EDGE('',*,*,#21,.T.);
#69 = ORIENTED_EDGE('',*,*,#70,.T.);
#70 = EDGE_CURVE('',#24,#71,#73,.T.);
#71 = VERTEX_POINT('',#72);
#72 = CARTESIAN_POINT('',(12.401,100.101,-3.));
#73 = LINE('',#74,#75);
#74 = CARTESIAN_POINT('',(12.481267236243,100.18126723624,
    -2.599333829103));
#75 = VECTOR('',#76,1.);
#76 = DIRECTION('',(-0.192748018503,-0.192748018503,-0.962131177504));
#77 = ORIENTED_EDGE('',*,*,#78,.F.);
#78 = EDGE_CURVE('',#62,#71,#79,.T.);
#79 = LINE('',#80,#81);
#80 = CARTESIAN_POINT('',(0.599,100.101,-3.));
#81 = VECTOR('',#82,1.);
#82 = DIRECTION('',(1.,0.,0.));
#83 = PLANE('',#84);
#84 = AXIS2_PLACEMENT_3D('',#85,#86,#87);
#85 = CARTESIAN_POINT('',(0.599,100.4005,-1.505));
#86 = DIRECTION('',(0.,0.98051756109,-0.196431444513));
#87 = DIRECTION('',(1.,0.,0.));
#88 = ADVANCED_FACE('',(#89),#242,.T.);
#89 = FACE_BOUND('',#90,.T.);
#90 = EDGE_LOOP('',(#91,#92,#100,#108,#116,#124,#132,#140,#148,#156,#164
    ,#172,#180,#188,#196,#204,#212,#220,#228,#236));
#91 = ORIENTED_EDGE('',*,*,#47,.T.);
#92 = ORIENTED_EDGE('',*,*,#93,.F.);
#93 = EDGE_CURVE('',#94,#22,#96,.T.);
#94 = VERTEX_POINT('',#95);
#95 = CARTESIAN_POINT('',(0.,93.7,-1.E-02));
#96 = LINE('',#97,#98);
#97 = CARTESIAN_POINT('',(0.,94.3,-1.E-02));
#98 = VECTOR('',#99,1.);
#99 = DIRECTION('',(0.,1.,0.));
#100 = ORIENTED_EDGE('',*,*,#101,.F.);
#101 = EDGE_CURVE('',#102,#94,#104,.T.);
#102 = VERTEX_POINT('',#103);
#103 = CARTESIAN_POINT('',(0.,93.7,0.));
#104 = LINE('',#105,#106);
#105 = CARTESIAN_POINT('',(0.,93.7,0.));
#106 = VECTOR('',#107,1.);
#107 = DIRECTION('',(0.,0.,-1.));
#108 = ORIENTED_EDGE('',*,*,#109,.T.);
#109 = EDGE_CURVE('',#102,#110,#112,.T.);
#110 = VERTEX_POINT('',#111);
#111 = CARTESIAN_POINT('',(0.,56.3,0.));
#112 = LINE('',#113,#114);
#113 = CARTESIAN_POINT('',(0.,150.,0.));
#114 = VECTOR('',#115,1.);
#115 = DIRECTION('',(0.,-1.,0.));
#116 = ORIENTED_EDGE('',*,*,#117,.T.);
#117 = EDGE_CURVE('',#110,#118,#120,.T.);
#118 = VERTEX_POINT('',#119);
#119 = CARTESIAN_POINT('',(0.,56.3,-1.E-02));
#120 = LINE('',#121,#122);
#121 = CARTESIAN_POINT('',(0.,56.3,0.));
#122 = VECTOR('',#123,1.);
#123 = DIRECTION('',(0.,0.,-1.));
#124 = ORIENTED_EDGE('',*,*,#125,.T.);
#125 = EDGE_CURVE('',#118,#126,#128,.T.);
#126 = VERTEX_POINT('',#127);
#127 = CARTESIAN_POINT('',(0.,49.3,-1.E-02));
#128 = LINE('',#129,#130);
#129 = CARTESIAN_POINT('',(0.,56.3,-1.E-02));
#130 = VECTOR('',#131,1.);
#131 = DIRECTION('',(0.,-1.,0.));
#132 = ORIENTED_EDGE('',*,*,#133,.F.);
#133 = EDGE_CURVE('',#134,#126,#136,.T.);
#134 = VERTEX_POINT('',#135);
#135 = CARTESIAN_POINT('',(0.,49.3,0.));
#136 = LINE('',#137,#138);
#137 = CARTESIAN_POINT('',(0.,49.3,0.));
#138 = VECTOR('',#139,1.);
#139 = DIRECTION('',(0.,0.,-1.));
#140 = ORIENTED_EDGE('',*,*,#141,.T.);
#141 = EDGE_CURVE('',#134,#142,#144,.T.);
#142 = VERTEX_POINT('',#143);
#143 = CARTESIAN_POINT('',(0.,11.9,0.));
#144 = LINE('',#145,#146);
#145 = CARTESIAN_POINT('',(0.,150.,0.));
#146 = VECTOR('',#147,1.);
#147 = DIRECTION('',(0.,-1.,0.));
#148 = ORIENTED_EDGE('',*,*,#149,.T.);
#149 = EDGE_CURVE('',#142,#150,#152,.T.);
#150 = VERTEX_POINT('',#151);
#151 = CARTESIAN_POINT('',(0.,11.9,-9.999999999999E-03));
#152 = LINE('',#153,#154);
#153 = CARTESIAN_POINT('',(0.,11.9,0.));
#154 = VECTOR('',#155,1.);
#155 = DIRECTION('',(0.,0.,-1.));
#156 = ORIENTED_EDGE('',*,*,#157,.T.);
#157 = EDGE_CURVE('',#150,#158,#160,.T.);
#158 = VERTEX_POINT('',#159);
#159 = CARTESIAN_POINT('',(0.,4.9,-9.999999999999E-03));
#160 = LINE('',#161,#162);
#161 = CARTESIAN_POINT('',(0.,11.9,-1.E-02));
#162 = VECTOR('',#163,1.);
#163 = DIRECTION('',(0.,-1.,0.));
#164 = ORIENTED_EDGE('',*,*,#165,.F.);
#165 = EDGE_CURVE('',#166,#158,#168,.T.);
#166 = VERTEX_POINT('',#167);
#167 = CARTESIAN_POINT('',(0.,4.9,0.));
#168 = LINE('',#169,#170);
#169 = CARTESIAN_POINT('',(0.,4.9,0.));
#170 = VECTOR('',#171,1.);
#171 = DIRECTION('',(0.,0.,-1.));
#172 = ORIENTED_EDGE('',*,*,#173,.T.);
#173 = EDGE_CURVE('',#166,#174,#176,.T.);
#174 = VERTEX_POINT('',#175);
#175 = CARTESIAN_POINT('',(0.,0.,0.));
#176 = LINE('',#177,#178);
#177 = CARTESIAN_POINT('',(0.,150.,0.));
#178 = VECTOR('',#179,1.);
#179 = DIRECTION('',(0.,-1.,0.));
#180 = ORIENTED_EDGE('',*,*,#181,.T.);
#181 = EDGE_CURVE('',#174,#182,#184,.T.);
#182 = VERTEX_POINT('',#183);
#183 = CARTESIAN_POINT('',(0.,0.,10.));
#184 = LINE('',#185,#186);
#185 = CARTESIAN_POINT('',(0.,0.,0.));
#186 = VECTOR('',#187,1.);
#187 = DIRECTION('',(0.,0.,1.));
#188 = ORIENTED_EDGE('',*,*,#189,.F.);
#189 = EDGE_CURVE('',#190,#182,#192,.T.);
#190 = VERTEX_POINT('',#191);
#191 = CARTESIAN_POINT('',(0.,150.,10.));
#192 = LINE('',#193,#194);
#193 = CARTESIAN_POINT('',(0.,150.,10.));
#194 = VECTOR('',#195,1.);
#195 = DIRECTION('',(0.,-1.,0.));
#196 = ORIENTED_EDGE('',*,*,#197,.F.);
#197 = EDGE_CURVE('',#198,#190,#200,.T.);
#198 = VERTEX_POINT('',#199);
#199 = CARTESIAN_POINT('',(0.,150.,0.));
#200 = LINE('',#201,#202);
#201 = CARTESIAN_POINT('',(0.,150.,0.));
#202 = VECTOR('',#203,1.);
#203 = DIRECTION('',(0.,0.,1.));
#204 = ORIENTED_EDGE('',*,*,#205,.T.);
#205 = EDGE_CURVE('',#198,#206,#208,.T.);
#206 = VERTEX_POINT('',#207);
#207 = CARTESIAN_POINT('',(0.,145.1,0.));
#208 = LINE('',#209,#210);
#209 = CARTESIAN_POINT('',(0.,150.,0.));
#210 = VECTOR('',#211,1.);
#211 = DIRECTION('',(0.,-1.,0.));
#212 = ORIENTED_EDGE('',*,*,#213,.T.);
#213 = EDGE_CURVE('',#206,#214,#216,.T.);
#214 = VERTEX_POINT('',#215);
#215 = CARTESIAN_POINT('',(0.,145.1,-1.E-02));
#216 = LINE('',#217,#218);
#217 = CARTESIAN_POINT('',(0.,145.1,0.));
#218 = VECTOR('',#219,1.);
#219 = DIRECTION('',(0.,0.,-1.));
#220 = ORIENTED_EDGE('',*,*,#221,.T.);
#221 = EDGE_CURVE('',#214,#222,#224,.T.);
#222 = VERTEX_POINT('',#223);
#223 = CARTESIAN_POINT('',(0.,138.1,-1.000000000001E-02));
#224 = LINE('',#225,#226);
#225 = CARTESIAN_POINT('',(0.,145.1,-1.E-02));
#226 = VECTOR('',#227,1.);
#227 = DIRECTION('',(0.,-1.,0.));
#228 = ORIENTED_EDGE('',*,*,#229,.F.);
#229 = EDGE_CURVE('',#230,#222,#232,.T.);
#230 = VERTEX_POINT('',#231);
#231 = CARTESIAN_POINT('',(0.,138.1,0.));
#232 = LINE('',#233,#234);
#233 = CARTESIAN_POINT('',(0.,138.1,0.));
#234 = VECTOR('',#235,1.);
#235 = DIRECTION('',(0.,0.,-1.));
#236 = ORIENTED_EDGE('',*,*,#237,.T.);
#237 = EDGE_CURVE('',#230,#40,#238,.T.);
#238 = LINE('',#239,#240);
#239 = CARTESIAN_POINT('',(0.,150.,0.));
#240 = VECTOR('',#241,1.);
#241 = DIRECTION('',(0.,-1.,0.));
#242 = PLANE('',#243);
#243 = AXIS2_PLACEMENT_3D('',#244,#245,#246);
#244 = CARTESIAN_POINT('',(0.,75.,4.637573183954));
#245 = DIRECTION('',(-1.,-0.,-0.));
#246 = DIRECTION('',(0.,0.,-1.));
#247 = ADVANCED_FACE('',(#248),#337,.T.);
#248 = FACE_BOUND('',#249,.T.);
#249 = EDGE_LOOP('',(#250,#260,#268,#276,#282,#283,#291,#299,#307,#315,
    #323,#331));
#250 = ORIENTED_EDGE('',*,*,#251,.F.);
#251 = EDGE_CURVE('',#252,#254,#256,.T.);
#252 = VERTEX_POINT('',#253);
#253 = CARTESIAN_POINT('',(13.,56.3,0.));
#254 = VERTEX_POINT('',#255);
#255 = CARTESIAN_POINT('',(13.,56.3,-1.E-02));
#256 = LINE('',#257,#258);
#257 = CARTESIAN_POINT('',(13.,56.3,0.));
#258 = VECTOR('',#259,1.);
#259 = DIRECTION('',(0.,0.,-1.));
#260 = ORIENTED_EDGE('',*,*,#261,.F.);
#261 = EDGE_CURVE('',#262,#252,#264,.T.);
#262 = VERTEX_POINT('',#263);
#263 = CARTESIAN_POINT('',(13.,93.7,0.));
#264 = LINE('',#265,#266);
#265 = CARTESIAN_POINT('',(13.,138.1,0.));
#266 = VECTOR('',#267,1.);
#267 = DIRECTION('',(0.,-1.,0.));
#268 = ORIENTED_EDGE('',*,*,#269,.T.);
#269 = EDGE_CURVE('',#262,#270,#272,.T.);
#270 = VERTEX_POINT('',#271);
#271 = CARTESIAN_POINT('',(13.,93.7,-1.E-02));
#272 = LINE('',#273,#274);
#273 = CARTESIAN_POINT('',(13.,93.7,0.));
#274 = VECTOR('',#275,1.);
#275 = DIRECTION('',(0.,0.,-1.));
#276 = ORIENTED_EDGE('',*,*,#277,.F.);
#277 = EDGE_CURVE('',#24,#270,#278,.T.);
#278 = LINE('',#279,#280);
#279 = CARTESIAN_POINT('',(13.,100.7,-1.E-02));
#280 = VECTOR('',#281,1.);
#281 = DIRECTION('',(0.,-1.,0.));
#282 = ORIENTED_EDGE('',*,*,#31,.F.);
#283 = ORIENTED_EDGE('',*,*,#284,.F.);
#284 = EDGE_CURVE('',#285,#32,#287,.T.);
#285 = VERTEX_POINT('',#286);
#286 = CARTESIAN_POINT('',(13.,138.1,0.));
#287 = LINE('',#288,#289);
#288 = CARTESIAN_POINT('',(13.,138.1,0.));
#289 = VECTOR('',#290,1.);
#290 = DIRECTION('',(0.,-1.,0.));
#291 = ORIENTED_EDGE('',*,*,#292,.T.);
#292 = EDGE_CURVE('',#285,#293,#295,.T.);
#293 = VERTEX_POINT('',#294);
#294 = CARTESIAN_POINT('',(13.,138.1,3.));
#295 = LINE('',#296,#297);
#296 = CARTESIAN_POINT('',(13.,138.1,0.));
#297 = VECTOR('',#298,1.);
#298 = DIRECTION('',(0.,0.,1.));
#299 = ORIENTED_EDGE('',*,*,#300,.T.);
#300 = EDGE_CURVE('',#293,#301,#303,.T.);
#301 = VERTEX_POINT('',#302);
#302 = CARTESIAN_POINT('',(13.,11.9,3.));
#303 = LINE('',#304,#305);
#304 = CARTESIAN_POINT('',(13.,138.1,3.));
#305 = VECTOR('',#306,1.);
#306 = DIRECTION('',(0.,-1.,0.));
#307 = ORIENTED_EDGE('',*,*,#308,.F.);
#308 = EDGE_CURVE('',#309,#301,#311,.T.);
#309 = VERTEX_POINT('',#310);
#310 = CARTESIAN_POINT('',(13.,11.9,0.));
#311 = LINE('',#312,#313);
#312 = CARTESIAN_POINT('',(13.,11.9,0.));
#313 = VECTOR('',#314,1.);
#314 = DIRECTION('',(0.,0.,1.));
#315 = ORIENTED_EDGE('',*,*,#316,.F.);
#316 = EDGE_CURVE('',#317,#309,#319,.T.);
#317 = VERTEX_POINT('',#318);
#318 = CARTESIAN_POINT('',(13.,49.3,0.));
#319 = LINE('',#320,#321);
#320 = CARTESIAN_POINT('',(13.,138.1,0.));
#321 = VECTOR('',#322,1.);
#322 = DIRECTION('',(0.,-1.,0.));
#323 = ORIENTED_EDGE('',*,*,#324,.T.);
#324 = EDGE_CURVE('',#317,#325,#327,.T.);
#325 = VERTEX_POINT('',#326);
#326 = CARTESIAN_POINT('',(13.,49.3,-1.E-02));
#327 = LINE('',#328,#329);
#328 = CARTESIAN_POINT('',(13.,49.3,0.));
#329 = VECTOR('',#330,1.);
#330 = DIRECTION('',(0.,0.,-1.));
#331 = ORIENTED_EDGE('',*,*,#332,.T.);
#332 = EDGE_CURVE('',#325,#254,#333,.T.);
#333 = LINE('',#334,#335);
#334 = CARTESIAN_POINT('',(13.,49.9,-1.E-02));
#335 = VECTOR('',#336,1.);
#336 = DIRECTION('',(0.,1.,0.));
#337 = PLANE('',#338);
#338 = AXIS2_PLACEMENT_3D('',#339,#340,#341);
#339 = CARTESIAN_POINT('',(13.,75.,1.211538461538));
#340 = DIRECTION('',(1.,0.,0.));
#341 = DIRECTION('',(0.,0.,1.));
#342 = ADVANCED_FACE('',(#343),#354,.F.);
#343 = FACE_BOUND('',#344,.F.);
#344 = EDGE_LOOP('',(#345,#346,#347,#348));
#345 = ORIENTED_EDGE('',*,*,#237,.T.);
#346 = ORIENTED_EDGE('',*,*,#39,.T.);
#347 = ORIENTED_EDGE('',*,*,#284,.F.);
#348 = ORIENTED_EDGE('',*,*,#349,.F.);
#349 = EDGE_CURVE('',#230,#285,#350,.T.);
#350 = LINE('',#351,#352);
#351 = CARTESIAN_POINT('',(0.,138.1,0.));
#352 = VECTOR('',#353,1.);
#353 = DIRECTION('',(1.,0.,0.));
#354 = PLANE('',#355);
#355 = AXIS2_PLACEMENT_3D('',#356,#357,#358);
#356 = CARTESIAN_POINT('',(85.,75.,0.));
#357 = DIRECTION('',(0.,0.,1.));
#358 = DIRECTION('',(1.,0.,0.));
#359 = ADVANCED_FACE('',(#360),#378,.F.);
#360 = FACE_BOUND('',#361,.T.);
#361 = EDGE_LOOP('',(#362,#370,#376,#377));
#362 = ORIENTED_EDGE('',*,*,#363,.F.);
#363 = EDGE_CURVE('',#364,#62,#366,.T.);
#364 = VERTEX_POINT('',#365);
#365 = CARTESIAN_POINT('',(0.599,94.3,-3.));
#366 = LINE('',#367,#368);
#367 = CARTESIAN_POINT('',(0.599,94.3,-3.));
#368 = VECTOR('',#369,1.);
#369 = DIRECTION('',(0.,1.,0.));
#370 = ORIENTED_EDGE('',*,*,#371,.F.);
#371 = EDGE_CURVE('',#94,#364,#372,.T.);
#372 = LINE('',#373,#374);
#373 = CARTESIAN_POINT('',(0.540975303479,94.241878434203,
    -2.710360863777));
#374 = VECTOR('',#375,1.);
#375 = DIRECTION('',(0.192736054821,0.193057817851,-0.962071458957));
#376 = ORIENTED_EDGE('',*,*,#93,.T.);
#377 = ORIENTED_EDGE('',*,*,#61,.T.);
#378 = PLANE('',#379);
#379 = AXIS2_PLACEMENT_3D('',#380,#381,#382);
#380 = CARTESIAN_POINT('',(0.2995,94.3,-1.505));
#381 = DIRECTION('',(0.98051756109,-1.E-17,0.196431444513));
#382 = DIRECTION('',(-1.019102873484E-17,-1.,-3.826963617648E-20));
#383 = ADVANCED_FACE('',(#384,#402),#413,.F.);
#384 = FACE_BOUND('',#385,.F.);
#385 = EDGE_LOOP('',(#386,#394,#395,#396));
#386 = ORIENTED_EDGE('',*,*,#387,.F.);
#387 = EDGE_CURVE('',#71,#388,#390,.T.);
#388 = VERTEX_POINT('',#389);
#389 = CARTESIAN_POINT('',(12.401,94.3,-3.));
#390 = LINE('',#391,#392);
#391 = CARTESIAN_POINT('',(12.401,100.7,-3.));
#392 = VECTOR('',#393,1.);
#393 = DIRECTION('',(0.,-1.,0.));
#394 = ORIENTED_EDGE('',*,*,#78,.F.);
#395 = ORIENTED_EDGE('',*,*,#363,.F.);
#396 = ORIENTED_EDGE('',*,*,#397,.F.);
#397 = EDGE_CURVE('',#388,#364,#398,.T.);
#398 = LINE('',#399,#400);
#399 = CARTESIAN_POINT('',(13.,94.3,-3.));
#400 = VECTOR('',#401,1.);
#401 = DIRECTION('',(-1.,0.,0.));
#402 = FACE_BOUND('',#403,.F.);
#403 = EDGE_LOOP('',(#404));
#404 = ORIENTED_EDGE('',*,*,#405,.F.);
#405 = EDGE_CURVE('',#406,#406,#408,.T.);
#406 = VERTEX_POINT('',#407);
#407 = CARTESIAN_POINT('',(10.25,97.2,-3.));
#408 = CIRCLE('',#409,2.75);
#409 = AXIS2_PLACEMENT_3D('',#410,#411,#412);
#410 = CARTESIAN_POINT('',(7.5,97.2,-3.));
#411 = DIRECTION('',(0.,0.,1.));
#412 = DIRECTION('',(1.,0.,0.));
#413 = PLANE('',#414);
#414 = AXIS2_PLACEMENT_3D('',#415,#416,#417);
#415 = CARTESIAN_POINT('',(85.,75.,-3.));
#416 = DIRECTION('',(0.,0.,1.));
#417 = DIRECTION('',(1.,0.,0.));
#418 = ADVANCED_FACE('',(#419),#430,.F.);
#419 = FACE_BOUND('',#420,.T.);
#420 = EDGE_LOOP('',(#421,#422,#423,#424));
#421 = ORIENTED_EDGE('',*,*,#387,.F.);
#422 = ORIENTED_EDGE('',*,*,#70,.F.);
#423 = ORIENTED_EDGE('',*,*,#277,.T.);
#424 = ORIENTED_EDGE('',*,*,#425,.T.);
#425 = EDGE_CURVE('',#270,#388,#426,.T.);
#426 = LINE('',#427,#428);
#427 = CARTESIAN_POINT('',(12.581411963975,94.119286847437,
    -2.099446123063));
#428 = VECTOR('',#429,1.);
#429 = DIRECTION('',(-0.192736054821,0.193057817851,-0.962071458957));
#430 = PLANE('',#431);
#431 = AXIS2_PLACEMENT_3D('',#432,#433,#434);
#432 = CARTESIAN_POINT('',(12.7005,100.7,-1.505));
#433 = DIRECTION('',(-0.98051756109,0.,0.196431444513));
#434 = DIRECTION('',(0.,1.,0.));
#435 = ADVANCED_FACE('',(#436),#452,.F.);
#436 = FACE_BOUND('',#437,.F.);
#437 = EDGE_LOOP('',(#438,#439,#445,#446));
#438 = ORIENTED_EDGE('',*,*,#269,.T.);
#439 = ORIENTED_EDGE('',*,*,#440,.T.);
#440 = EDGE_CURVE('',#270,#94,#441,.T.);
#441 = LINE('',#442,#443);
#442 = CARTESIAN_POINT('',(13.,93.7,-1.E-02));
#443 = VECTOR('',#444,1.);
#444 = DIRECTION('',(-1.,0.,0.));
#445 = ORIENTED_EDGE('',*,*,#101,.F.);
#446 = ORIENTED_EDGE('',*,*,#447,.F.);
#447 = EDGE_CURVE('',#262,#102,#448,.T.);
#448 = LINE('',#449,#450);
#449 = CARTESIAN_POINT('',(13.,93.7,0.));
#450 = VECTOR('',#451,1.);
#451 = DIRECTION('',(-1.,0.,0.));
#452 = PLANE('',#453);
#453 = AXIS2_PLACEMENT_3D('',#454,#455,#456);
#454 = CARTESIAN_POINT('',(13.,93.7,0.));
#455 = DIRECTION('',(0.,1.,0.));
#456 = DIRECTION('',(-1.,0.,0.));
#457 = ADVANCED_FACE('',(#458),#533,.T.);
#458 = FACE_BOUND('',#459,.T.);
#459 = EDGE_LOOP('',(#460,#461,#469,#477,#485,#493,#501,#509,#517,#525,
    #531,#532));
#460 = ORIENTED_EDGE('',*,*,#229,.T.);
#461 = ORIENTED_EDGE('',*,*,#462,.T.);
#462 = EDGE_CURVE('',#222,#463,#465,.T.);
#463 = VERTEX_POINT('',#464);
#464 = CARTESIAN_POINT('',(44.999999999999,138.1,-9.999999999999E-03));
#465 = LINE('',#466,#467);
#466 = CARTESIAN_POINT('',(0.,138.1,-1.E-02));
#467 = VECTOR('',#468,1.);
#468 = DIRECTION('',(1.,0.,0.));
#469 = ORIENTED_EDGE('',*,*,#470,.F.);
#470 = EDGE_CURVE('',#471,#463,#473,.T.);
#471 = VERTEX_POINT('',#472);
#472 = CARTESIAN_POINT('',(44.999999999999,138.1,0.));
#473 = LINE('',#474,#475);
#474 = CARTESIAN_POINT('',(44.999999999999,138.1,0.));
#475 = VECTOR('',#476,1.);
#476 = DIRECTION('',(0.,0.,-1.));
#477 = ORIENTED_EDGE('',*,*,#478,.F.);
#478 = EDGE_CURVE('',#479,#471,#481,.T.);
#479 = VERTEX_POINT('',#480);
#480 = CARTESIAN_POINT('',(125.,138.1,0.));
#481 = LINE('',#482,#483);
#482 = CARTESIAN_POINT('',(157.,138.1,0.));
#483 = VECTOR('',#484,1.);
#484 = DIRECTION('',(-1.,0.,0.));
#485 = ORIENTED_EDGE('',*,*,#486,.T.);
#486 = EDGE_CURVE('',#479,#487,#489,.T.);
#487 = VERTEX_POINT('',#488);
#488 = CARTESIAN_POINT('',(125.,138.1,-1.E-02));
#489 = LINE('',#490,#491);
#490 = CARTESIAN_POINT('',(125.,138.1,0.));
#491 = VECTOR('',#492,1.);
#492 = DIRECTION('',(0.,0.,-1.));
#493 = ORIENTED_EDGE('',*,*,#494,.F.);
#494 = EDGE_CURVE('',#495,#487,#497,.T.);
#495 = VERTEX_POINT('',#496);
#496 = CARTESIAN_POINT('',(170.,138.1,-1.000000000001E-02));
#497 = LINE('',#498,#499);
#498 = CARTESIAN_POINT('',(170.,138.1,-1.E-02));
#499 = VECTOR('',#500,1.);
#500 = DIRECTION('',(-1.,0.,0.));
#501 = ORIENTED_EDGE('',*,*,#502,.F.);
#502 = EDGE_CURVE('',#503,#495,#505,.T.);
#503 = VERTEX_POINT('',#504);
#504 = CARTESIAN_POINT('',(170.,138.1,0.));
#505 = LINE('',#506,#507);
#506 = CARTESIAN_POINT('',(170.,138.1,0.));
#507 = VECTOR('',#508,1.);
#508 = DIRECTION('',(0.,0.,-1.));
#509 = ORIENTED_EDGE('',*,*,#510,.T.);
#510 = EDGE_CURVE('',#503,#511,#513,.T.);
#511 = VERTEX_POINT('',#512);
#512 = CARTESIAN_POINT('',(157.,138.1,0.));
#513 = LINE('',#514,#515);
#514 = CARTESIAN_POINT('',(170.,138.1,0.));
#515 = VECTOR('',#516,1.);
#516 = DIRECTION('',(-1.,0.,0.));
#517 = ORIENTED_EDGE('',*,*,#518,.T.);
#518 = EDGE_CURVE('',#511,#519,#521,.T.);
#519 = VERTEX_POINT('',#520);
#520 = CARTESIAN_POINT('',(157.,138.1,3.));
#521 = LINE('',#522,#523);
#522 = CARTESIAN_POINT('',(157.,138.1,0.));
#523 = VECTOR('',#524,1.);
#524 = DIRECTION('',(0.,0.,1.));
#525 = ORIENTED_EDGE('',*,*,#526,.T.);
#526 = EDGE_CURVE('',#519,#293,#527,.T.);
#527 = LINE('',#528,#529);
#528 = CARTESIAN_POINT('',(157.,138.1,3.));
#529 = VECTOR('',#530,1.);
#530 = DIRECTION('',(-1.,0.,0.));
#531 = ORIENTED_EDGE('',*,*,#292,.F.);
#532 = ORIENTED_EDGE('',*,*,#349,.F.);
#533 = PLANE('',#534);
#534 = AXIS2_PLACEMENT_3D('',#535,#536,#537);
#535 = CARTESIAN_POINT('',(85.,138.1,1.271817708935));
#536 = DIRECTION('',(-0.,-1.,-0.));
#537 = DIRECTION('',(0.,0.,-1.));
#538 = ADVANCED_FACE('',(#539),#550,.F.);
#539 = FACE_BOUND('',#540,.F.);
#540 = EDGE_LOOP('',(#541,#542,#548,#549));
#541 = ORIENTED_EDGE('',*,*,#109,.T.);
#542 = ORIENTED_EDGE('',*,*,#543,.F.);
#543 = EDGE_CURVE('',#252,#110,#544,.T.);
#544 = LINE('',#545,#546);
#545 = CARTESIAN_POINT('',(13.,56.3,0.));
#546 = VECTOR('',#547,1.);
#547 = DIRECTION('',(-1.,0.,0.));
#548 = ORIENTED_EDGE('',*,*,#261,.F.);
#549 = ORIENTED_EDGE('',*,*,#447,.T.);
#550 = PLANE('',#551);
#551 = AXIS2_PLACEMENT_3D('',#552,#553,#554);
#552 = CARTESIAN_POINT('',(85.,75.,0.));
#553 = DIRECTION('',(0.,0.,1.));
#554 = DIRECTION('',(1.,0.,0.));
#555 = ADVANCED_FACE('',(#556),#581,.F.);
#556 = FACE_BOUND('',#557,.F.);
#557 = EDGE_LOOP('',(#558,#566,#567,#575));
#558 = ORIENTED_EDGE('',*,*,#559,.F.);
#559 = EDGE_CURVE('',#214,#560,#562,.T.);
#560 = VERTEX_POINT('',#561);
#561 = CARTESIAN_POINT('',(0.59,144.51,-3.));
#562 = LINE('',#563,#564);
#563 = CARTESIAN_POINT('',(1.097129499912,144.00287050008,-5.57002916057
    ));
#564 = VECTOR('',#565,1.);
#565 = DIRECTION('',(0.190062682974,-0.190062682974,-0.963199020495));
#566 = ORIENTED_EDGE('',*,*,#221,.T.);
#567 = ORIENTED_EDGE('',*,*,#568,.T.);
#568 = EDGE_CURVE('',#222,#569,#571,.T.);
#569 = VERTEX_POINT('',#570);
#570 = CARTESIAN_POINT('',(0.59,138.69,-3.));
#571 = LINE('',#572,#573);
#572 = CARTESIAN_POINT('',(0.410776854187,138.51077685418,
    -2.091733549184));
#573 = VECTOR('',#574,1.);
#574 = DIRECTION('',(0.190062682974,0.190062682974,-0.963199020495));
#575 = ORIENTED_EDGE('',*,*,#576,.F.);
#576 = EDGE_CURVE('',#560,#569,#577,.T.);
#577 = LINE('',#578,#579);
#578 = CARTESIAN_POINT('',(0.59,145.1,-3.));
#579 = VECTOR('',#580,1.);
#580 = DIRECTION('',(0.,-1.,0.));
#581 = PLANE('',#582);
#582 = AXIS2_PLACEMENT_3D('',#583,#584,#585);
#583 = CARTESIAN_POINT('',(0.295,145.1,-1.505));
#584 = DIRECTION('',(0.981082229058,1.E-17,0.193591476637));
#585 = DIRECTION('',(1.018559888885E-17,-1.,3.662319211326E-20));
#586 = ADVANCED_FACE('',(#587),#598,.T.);
#587 = FACE_BOUND('',#588,.T.);
#588 = EDGE_LOOP('',(#589,#590,#596,#597));
#589 = ORIENTED_EDGE('',*,*,#251,.T.);
#590 = ORIENTED_EDGE('',*,*,#591,.T.);
#591 = EDGE_CURVE('',#254,#118,#592,.T.);
#592 = LINE('',#593,#594);
#593 = CARTESIAN_POINT('',(13.,56.3,-1.E-02));
#594 = VECTOR('',#595,1.);
#595 = DIRECTION('',(-1.,0.,0.));
#596 = ORIENTED_EDGE('',*,*,#117,.F.);
#597 = ORIENTED_EDGE('',*,*,#543,.F.);
#598 = PLANE('',#599);
#599 = AXIS2_PLACEMENT_3D('',#600,#601,#602);
#600 = CARTESIAN_POINT('',(13.,56.3,0.));
#601 = DIRECTION('',(0.,1.,0.));
#602 = DIRECTION('',(-1.,0.,0.));
#603 = ADVANCED_FACE('',(#604),#629,.T.);
#604 = FACE_BOUND('',#605,.T.);
#605 = EDGE_LOOP('',(#606,#616,#622,#623));
#606 = ORIENTED_EDGE('',*,*,#607,.T.);
#607 = EDGE_CURVE('',#608,#610,#612,.T.);
#608 = VERTEX_POINT('',#609);
#609 = CARTESIAN_POINT('',(44.999999999999,145.1,0.));
#610 = VERTEX_POINT('',#611);
#611 = CARTESIAN_POINT('',(44.999999999999,145.1,-1.E-02));
#612 = LINE('',#613,#614);
#613 = CARTESIAN_POINT('',(44.999999999999,145.1,0.));
#614 = VECTOR('',#615,1.);
#615 = DIRECTION('',(0.,0.,-1.));
#616 = ORIENTED_EDGE('',*,*,#617,.T.);
#617 = EDGE_CURVE('',#610,#214,#618,.T.);
#618 = LINE('',#619,#620);
#619 = CARTESIAN_POINT('',(44.999999999999,145.1,-1.E-02));
#620 = VECTOR('',#621,1.);
#621 = DIRECTION('',(-1.,0.,0.));
#622 = ORIENTED_EDGE('',*,*,#213,.F.);
#623 = ORIENTED_EDGE('',*,*,#624,.F.);
#624 = EDGE_CURVE('',#608,#206,#625,.T.);
#625 = LINE('',#626,#627);
#626 = CARTESIAN_POINT('',(44.999999999999,145.1,0.));
#627 = VECTOR('',#628,1.);
#628 = DIRECTION('',(-1.,0.,0.));
#629 = PLANE('',#630);
#630 = AXIS2_PLACEMENT_3D('',#631,#632,#633);
#631 = CARTESIAN_POINT('',(44.999999999999,145.1,0.));
#632 = DIRECTION('',(0.,1.,0.));
#633 = DIRECTION('',(-1.,0.,0.));
#634 = ADVANCED_FACE('',(#635),#660,.F.);
#635 = FACE_BOUND('',#636,.F.);
#636 = EDGE_LOOP('',(#637,#645,#646,#654));
#637 = ORIENTED_EDGE('',*,*,#638,.F.);
#638 = EDGE_CURVE('',#118,#639,#641,.T.);
#639 = VERTEX_POINT('',#640);
#640 = CARTESIAN_POINT('',(0.599,55.701,-3.));
#641 = LINE('',#642,#643);
#642 = CARTESIAN_POINT('',(0.529859727449,55.770140272551,
    -2.654875768066));
#643 = VECTOR('',#644,1.);
#644 = DIRECTION('',(0.192748018503,-0.192748018503,-0.962131177504));
#645 = ORIENTED_EDGE('',*,*,#125,.T.);
#646 = ORIENTED_EDGE('',*,*,#647,.T.);
#647 = EDGE_CURVE('',#126,#648,#650,.T.);
#648 = VERTEX_POINT('',#649);
#649 = CARTESIAN_POINT('',(0.599,49.9,-3.));
#650 = LINE('',#651,#652);
#651 = CARTESIAN_POINT('',(0.418588036025,49.719286847437,
    -2.099446123063));
#652 = VECTOR('',#653,1.);
#653 = DIRECTION('',(0.192736054821,0.193057817851,-0.962071458957));
#654 = ORIENTED_EDGE('',*,*,#655,.F.);
#655 = EDGE_CURVE('',#639,#648,#656,.T.);
#656 = LINE('',#657,#658);
#657 = CARTESIAN_POINT('',(0.599,56.3,-3.));
#658 = VECTOR('',#659,1.);
#659 = DIRECTION('',(0.,-1.,0.));
#660 = PLANE('',#661);
#661 = AXIS2_PLACEMENT_3D('',#662,#663,#664);
#662 = CARTESIAN_POINT('',(0.2995,56.3,-1.505));
#663 = DIRECTION('',(0.98051756109,-1.E-17,0.196431444513));
#664 = DIRECTION('',(-1.019102873484E-17,-1.,-3.826963617648E-20));
#665 = ADVANCED_FACE('',(#666),#707,.F.);
#666 = FACE_BOUND('',#667,.F.);
#667 = EDGE_LOOP('',(#668,#669,#670,#676,#677,#685,#693,#701));
#668 = ORIENTED_EDGE('',*,*,#205,.T.);
#669 = ORIENTED_EDGE('',*,*,#624,.F.);
#670 = ORIENTED_EDGE('',*,*,#671,.F.);
#671 = EDGE_CURVE('',#471,#608,#672,.T.);
#672 = LINE('',#673,#674);
#673 = CARTESIAN_POINT('',(44.999999999999,138.1,0.));
#674 = VECTOR('',#675,1.);
#675 = DIRECTION('',(0.,1.,0.));
#676 = ORIENTED_EDGE('',*,*,#478,.F.);
#677 = ORIENTED_EDGE('',*,*,#678,.T.);
#678 = EDGE_CURVE('',#479,#679,#681,.T.);
#679 = VERTEX_POINT('',#680);
#680 = CARTESIAN_POINT('',(125.,145.1,0.));
#681 = LINE('',#682,#683);
#682 = CARTESIAN_POINT('',(125.,138.1,0.));
#683 = VECTOR('',#684,1.);
#684 = DIRECTION('',(0.,1.,0.));
#685 = ORIENTED_EDGE('',*,*,#686,.T.);
#686 = EDGE_CURVE('',#679,#687,#689,.T.);
#687 = VERTEX_POINT('',#688);
#688 = CARTESIAN_POINT('',(170.,145.1,0.));
#689 = LINE('',#690,#691);
#690 = CARTESIAN_POINT('',(125.,145.1,0.));
#691 = VECTOR('',#692,1.);
#692 = DIRECTION('',(1.,0.,0.));
#693 = ORIENTED_EDGE('',*,*,#694,.T.);
#694 = EDGE_CURVE('',#687,#695,#697,.T.);
#695 = VERTEX_POINT('',#696);
#696 = CARTESIAN_POINT('',(170.,150.,0.));
#697 = LINE('',#698,#699);
#698 = CARTESIAN_POINT('',(170.,0.,0.));
#699 = VECTOR('',#700,1.);
#700 = DIRECTION('',(0.,1.,0.));
#701 = ORIENTED_EDGE('',*,*,#702,.T.);
#702 = EDGE_CURVE('',#695,#198,#703,.T.);
#703 = LINE('',#704,#705);
#704 = CARTESIAN_POINT('',(170.,150.,0.));
#705 = VECTOR('',#706,1.);
#706 = DIRECTION('',(-1.,0.,0.));
#707 = PLANE('',#708);
#708 = AXIS2_PLACEMENT_3D('',#709,#710,#711);
#709 = CARTESIAN_POINT('',(85.,75.,0.));
#710 = DIRECTION('',(0.,0.,1.));
#711 = DIRECTION('',(1.,0.,0.));
#712 = ADVANCED_FACE('',(#713),#729,.T.);
#713 = FACE_BOUND('',#714,.T.);
#714 = EDGE_LOOP('',(#715,#716,#722,#723));
#715 = ORIENTED_EDGE('',*,*,#133,.T.);
#716 = ORIENTED_EDGE('',*,*,#717,.T.);
#717 = EDGE_CURVE('',#126,#325,#718,.T.);
#718 = LINE('',#719,#720);
#719 = CARTESIAN_POINT('',(0.,49.3,-1.E-02));
#720 = VECTOR('',#721,1.);
#721 = DIRECTION('',(1.,0.,0.));
#722 = ORIENTED_EDGE('',*,*,#324,.F.);
#723 = ORIENTED_EDGE('',*,*,#724,.F.);
#724 = EDGE_CURVE('',#134,#317,#725,.T.);
#725 = LINE('',#726,#727);
#726 = CARTESIAN_POINT('',(0.,49.3,0.));
#727 = VECTOR('',#728,1.);
#728 = DIRECTION('',(1.,0.,0.));
#729 = PLANE('',#730);
#730 = AXIS2_PLACEMENT_3D('',#731,#732,#733);
#731 = CARTESIAN_POINT('',(0.,49.3,0.));
#732 = DIRECTION('',(0.,-1.,0.));
#733 = DIRECTION('',(1.,0.,0.));
#734 = ADVANCED_FACE('',(#735),#753,.F.);
#735 = FACE_BOUND('',#736,.F.);
#736 = EDGE_LOOP('',(#737,#745,#751,#752));
#737 = ORIENTED_EDGE('',*,*,#738,.T.);
#738 = EDGE_CURVE('',#695,#739,#741,.T.);
#739 = VERTEX_POINT('',#740);
#740 = CARTESIAN_POINT('',(170.,150.,10.));
#741 = LINE('',#742,#743);
#742 = CARTESIAN_POINT('',(170.,150.,0.));
#743 = VECTOR('',#744,1.);
#744 = DIRECTION('',(0.,0.,1.));
#745 = ORIENTED_EDGE('',*,*,#746,.T.);
#746 = EDGE_CURVE('',#739,#190,#747,.T.);
#747 = LINE('',#748,#749);
#748 = CARTESIAN_POINT('',(170.,150.,10.));
#749 = VECTOR('',#750,1.);
#750 = DIRECTION('',(-1.,0.,0.));
#751 = ORIENTED_EDGE('',*,*,#197,.F.);
#752 = ORIENTED_EDGE('',*,*,#702,.F.);
#753 = PLANE('',#754);
#754 = AXIS2_PLACEMENT_3D('',#755,#756,#757);
#755 = CARTESIAN_POINT('',(170.,150.,0.));
#756 = DIRECTION('',(0.,-1.,0.));
#757 = DIRECTION('',(-1.,0.,0.));
#758 = ADVANCED_FACE('',(#759),#770,.F.);
#759 = FACE_BOUND('',#760,.F.);
#760 = EDGE_LOOP('',(#761,#762,#768,#769));
#761 = ORIENTED_EDGE('',*,*,#141,.T.);
#762 = ORIENTED_EDGE('',*,*,#763,.F.);
#763 = EDGE_CURVE('',#309,#142,#764,.T.);
#764 = LINE('',#765,#766);
#765 = CARTESIAN_POINT('',(45.,11.9,0.));
#766 = VECTOR('',#767,1.);
#767 = DIRECTION('',(-1.,0.,0.));
#768 = ORIENTED_EDGE('',*,*,#316,.F.);
#769 = ORIENTED_EDGE('',*,*,#724,.F.);
#770 = PLANE('',#771);
#771 = AXIS2_PLACEMENT_3D('',#772,#773,#774);
#772 = CARTESIAN_POINT('',(85.,75.,0.));
#773 = DIRECTION('',(0.,0.,1.));
#774 = DIRECTION('',(1.,0.,0.));
#775 = ADVANCED_FACE('',(#776,#794,#805,#816,#827,#838,#849,#860,#894,
    #905),#916,.T.);
#776 = FACE_BOUND('',#777,.T.);
#777 = EDGE_LOOP('',(#778,#786,#792,#793));
#778 = ORIENTED_EDGE('',*,*,#779,.T.);
#779 = EDGE_CURVE('',#182,#780,#782,.T.);
#780 = VERTEX_POINT('',#781);
#781 = CARTESIAN_POINT('',(170.,0.,10.));
#782 = LINE('',#783,#784);
#783 = CARTESIAN_POINT('',(0.,0.,10.));
#784 = VECTOR('',#785,1.);
#785 = DIRECTION('',(1.,0.,0.));
#786 = ORIENTED_EDGE('',*,*,#787,.T.);
#787 = EDGE_CURVE('',#780,#739,#788,.T.);
#788 = LINE('',#789,#790);
#789 = CARTESIAN_POINT('',(170.,0.,10.));
#790 = VECTOR('',#791,1.);
#791 = DIRECTION('',(0.,1.,0.));
#792 = ORIENTED_EDGE('',*,*,#746,.T.);
#793 = ORIENTED_EDGE('',*,*,#189,.T.);
#794 = FACE_BOUND('',#795,.T.);
#795 = EDGE_LOOP('',(#796));
#796 = ORIENTED_EDGE('',*,*,#797,.F.);
#797 = EDGE_CURVE('',#798,#798,#800,.T.);
#798 = VERTEX_POINT('',#799);
#799 = CARTESIAN_POINT('',(43.25,8.4,10.));
#800 = CIRCLE('',#801,5.25);
#801 = AXIS2_PLACEMENT_3D('',#802,#803,#804);
#802 = CARTESIAN_POINT('',(38.,8.4,10.));
#803 = DIRECTION('',(0.,0.,1.));
#804 = DIRECTION('',(1.,0.,0.));
#805 = FACE_BOUND('',#806,.T.);
#806 = EDGE_LOOP('',(#807));
#807 = ORIENTED_EDGE('',*,*,#808,.F.);
#808 = EDGE_CURVE('',#809,#809,#811,.T.);
#809 = VERTEX_POINT('',#810);
#810 = CARTESIAN_POINT('',(12.75,52.8,10.));
#811 = CIRCLE('',#812,5.25);
#812 = AXIS2_PLACEMENT_3D('',#813,#814,#815);
#813 = CARTESIAN_POINT('',(7.5,52.8,10.));
#814 = DIRECTION('',(0.,0.,1.));
#815 = DIRECTION('',(1.,0.,0.));
#816 = FACE_BOUND('',#817,.T.);
#817 = EDGE_LOOP('',(#818));
#818 = ORIENTED_EDGE('',*,*,#819,.F.);
#819 = EDGE_CURVE('',#820,#820,#822,.T.);
#820 = VERTEX_POINT('',#821);
#821 = CARTESIAN_POINT('',(137.25,8.4,10.));
#822 = CIRCLE('',#823,5.25);
#823 = AXIS2_PLACEMENT_3D('',#824,#825,#826);
#824 = CARTESIAN_POINT('',(132.,8.4,10.));
#825 = DIRECTION('',(0.,0.,1.));
#826 = DIRECTION('',(1.,0.,0.));
#827 = FACE_BOUND('',#828,.T.);
#828 = EDGE_LOOP('',(#829));
#829 = ORIENTED_EDGE('',*,*,#830,.F.);
#830 = EDGE_CURVE('',#831,#831,#833,.T.);
#831 = VERTEX_POINT('',#832);
#832 = CARTESIAN_POINT('',(167.75,52.8,10.));
#833 = CIRCLE('',#834,5.25);
#834 = AXIS2_PLACEMENT_3D('',#835,#836,#837);
#835 = CARTESIAN_POINT('',(162.5,52.8,10.));
#836 = DIRECTION('',(0.,0.,1.));
#837 = DIRECTION('',(1.,0.,0.));
#838 = FACE_BOUND('',#839,.T.);
#839 = EDGE_LOOP('',(#840));
#840 = ORIENTED_EDGE('',*,*,#841,.F.);
#841 = EDGE_CURVE('',#842,#842,#844,.T.);
#842 = VERTEX_POINT('',#843);
#843 = CARTESIAN_POINT('',(12.75,97.2,10.));
#844 = CIRCLE('',#845,5.25);
#845 = AXIS2_PLACEMENT_3D('',#846,#847,#848);
#846 = CARTESIAN_POINT('',(7.5,97.2,10.));
#847 = DIRECTION('',(0.,0.,1.));
#848 = DIRECTION('',(1.,0.,0.));
#849 = FACE_BOUND('',#850,.T.);
#850 = EDGE_LOOP('',(#851));
#851 = ORIENTED_EDGE('',*,*,#852,.F.);
#852 = EDGE_CURVE('',#853,#853,#855,.T.);
#853 = VERTEX_POINT('',#854);
#854 = CARTESIAN_POINT('',(43.25,141.6,10.));
#855 = CIRCLE('',#856,5.25);
#856 = AXIS2_PLACEMENT_3D('',#857,#858,#859);
#857 = CARTESIAN_POINT('',(38.,141.6,10.));
#858 = DIRECTION('',(0.,0.,1.));
#859 = DIRECTION('',(1.,0.,0.));
#860 = FACE_BOUND('',#861,.T.);
#861 = EDGE_LOOP('',(#862,#872,#880,#888));
#862 = ORIENTED_EDGE('',*,*,#863,.T.);
#863 = EDGE_CURVE('',#864,#866,#868,.T.);
#864 = VERTEX_POINT('',#865);
#865 = CARTESIAN_POINT('',(21.,129.,10.));
#866 = VERTEX_POINT('',#867);
#867 = CARTESIAN_POINT('',(149.,129.,10.));
#868 = LINE('',#869,#870);
#869 = CARTESIAN_POINT('',(21.,129.,10.));
#870 = VECTOR('',#871,1.);
#871 = DIRECTION('',(1.,0.,0.));
#872 = ORIENTED_EDGE('',*,*,#873,.T.);
#873 = EDGE_CURVE('',#866,#874,#876,.T.);
#874 = VERTEX_POINT('',#875);
#875 = CARTESIAN_POINT('',(149.,21.,10.));
#876 = LINE('',#877,#878);
#877 = CARTESIAN_POINT('',(149.,129.,10.));
#878 = VECTOR('',#879,1.);
#879 = DIRECTION('',(0.,-1.,0.));
#880 = ORIENTED_EDGE('',*,*,#881,.T.);
#881 = EDGE_CURVE('',#874,#882,#884,.T.);
#882 = VERTEX_POINT('',#883);
#883 = CARTESIAN_POINT('',(21.,21.,10.));
#884 = LINE('',#885,#886);
#885 = CARTESIAN_POINT('',(149.,21.,10.));
#886 = VECTOR('',#887,1.);
#887 = DIRECTION('',(-1.,0.,0.));
#888 = ORIENTED_EDGE('',*,*,#889,.T.);
#889 = EDGE_CURVE('',#882,#864,#890,.T.);
#890 = LINE('',#891,#892);
#891 = CARTESIAN_POINT('',(21.,21.,10.));
#892 = VECTOR('',#893,1.);
#893 = DIRECTION('',(0.,1.,0.));
#894 = FACE_BOUND('',#895,.T.);
#895 = EDGE_LOOP('',(#896));
#896 = ORIENTED_EDGE('',*,*,#897,.F.);
#897 = EDGE_CURVE('',#898,#898,#900,.T.);
#898 = VERTEX_POINT('',#899);
#899 = CARTESIAN_POINT('',(167.75,97.2,10.));
#900 = CIRCLE('',#901,5.25);
#901 = AXIS2_PLACEMENT_3D('',#902,#903,#904);
#902 = CARTESIAN_POINT('',(162.5,97.2,10.));
#903 = DIRECTION('',(0.,0.,1.));
#904 = DIRECTION('',(1.,0.,0.));
#905 = FACE_BOUND('',#906,.T.);
#906 = EDGE_LOOP('',(#907));
#907 = ORIENTED_EDGE('',*,*,#908,.F.);
#908 = EDGE_CURVE('',#909,#909,#911,.T.);
#909 = VERTEX_POINT('',#910);
#910 = CARTESIAN_POINT('',(137.25,141.6,10.));
#911 = CIRCLE('',#912,5.25);
#912 = AXIS2_PLACEMENT_3D('',#913,#914,#915);
#913 = CARTESIAN_POINT('',(132.,141.6,10.));
#914 = DIRECTION('',(0.,0.,1.));
#915 = DIRECTION('',(1.,0.,0.));
#916 = PLANE('',#917);
#917 = AXIS2_PLACEMENT_3D('',#918,#919,#920);
#918 = CARTESIAN_POINT('',(85.,75.,10.));
#919 = DIRECTION('',(0.,0.,1.));
#920 = DIRECTION('',(1.,0.,0.));
#921 = ADVANCED_FACE('',(#922),#997,.T.);
#922 = FACE_BOUND('',#923,.T.);
#923 = EDGE_LOOP('',(#924,#934,#940,#941,#942,#943,#951,#959,#967,#975,
    #983,#991));
#924 = ORIENTED_EDGE('',*,*,#925,.T.);
#925 = EDGE_CURVE('',#926,#928,#930,.T.);
#926 = VERTEX_POINT('',#927);
#927 = CARTESIAN_POINT('',(45.,11.9,0.));
#928 = VERTEX_POINT('',#929);
#929 = CARTESIAN_POINT('',(45.,11.9,-9.999999999999E-03));
#930 = LINE('',#931,#932);
#931 = CARTESIAN_POINT('',(45.,11.9,0.));
#932 = VECTOR('',#933,1.);
#933 = DIRECTION('',(0.,0.,-1.));
#934 = ORIENTED_EDGE('',*,*,#935,.T.);
#935 = EDGE_CURVE('',#928,#150,#936,.T.);
#936 = LINE('',#937,#938);
#937 = CARTESIAN_POINT('',(45.,11.9,-1.E-02));
#938 = VECTOR('',#939,1.);
#939 = DIRECTION('',(-1.,0.,0.));
#940 = ORIENTED_EDGE('',*,*,#149,.F.);
#941 = ORIENTED_EDGE('',*,*,#763,.F.);
#942 = ORIENTED_EDGE('',*,*,#308,.T.);
#943 = ORIENTED_EDGE('',*,*,#944,.T.);
#944 = EDGE_CURVE('',#301,#945,#947,.T.);
#945 = VERTEX_POINT('',#946);
#946 = CARTESIAN_POINT('',(157.,11.9,3.));
#947 = LINE('',#948,#949);
#948 = CARTESIAN_POINT('',(13.,11.9,3.));
#949 = VECTOR('',#950,1.);
#950 = DIRECTION('',(1.,0.,0.));
#951 = ORIENTED_EDGE('',*,*,#952,.F.);
#952 = EDGE_CURVE('',#953,#945,#955,.T.);
#953 = VERTEX_POINT('',#954);
#954 = CARTESIAN_POINT('',(157.,11.9,0.));
#955 = LINE('',#956,#957);
#956 = CARTESIAN_POINT('',(157.,11.9,0.));
#957 = VECTOR('',#958,1.);
#958 = DIRECTION('',(0.,0.,1.));
#959 = ORIENTED_EDGE('',*,*,#960,.T.);
#960 = EDGE_CURVE('',#953,#961,#963,.T.);
#961 = VERTEX_POINT('',#962);
#962 = CARTESIAN_POINT('',(170.,11.9,0.));
#963 = LINE('',#964,#965);
#964 = CARTESIAN_POINT('',(125.,11.9,0.));
#965 = VECTOR('',#966,1.);
#966 = DIRECTION('',(1.,0.,0.));
#967 = ORIENTED_EDGE('',*,*,#968,.T.);
#968 = EDGE_CURVE('',#961,#969,#971,.T.);
#969 = VERTEX_POINT('',#970);
#970 = CARTESIAN_POINT('',(170.,11.9,-9.999999999999E-03));
#971 = LINE('',#972,#973);
#972 = CARTESIAN_POINT('',(170.,11.9,0.));
#973 = VECTOR('',#974,1.);
#974 = DIRECTION('',(0.,0.,-1.));
#975 = ORIENTED_EDGE('',*,*,#976,.F.);
#976 = EDGE_CURVE('',#977,#969,#979,.T.);
#977 = VERTEX_POINT('',#978);
#978 = CARTESIAN_POINT('',(125.,11.9,-1.E-02));
#979 = LINE('',#980,#981);
#980 = CARTESIAN_POINT('',(125.,11.9,-1.E-02));
#981 = VECTOR('',#982,1.);
#982 = DIRECTION('',(1.,0.,0.));
#983 = ORIENTED_EDGE('',*,*,#984,.F.);
#984 = EDGE_CURVE('',#985,#977,#987,.T.);
#985 = VERTEX_POINT('',#986);
#986 = CARTESIAN_POINT('',(125.,11.9,0.));
#987 = LINE('',#988,#989);
#988 = CARTESIAN_POINT('',(125.,11.9,0.));
#989 = VECTOR('',#990,1.);
#990 = DIRECTION('',(0.,0.,-1.));
#991 = ORIENTED_EDGE('',*,*,#992,.F.);
#992 = EDGE_CURVE('',#926,#985,#993,.T.);
#993 = LINE('',#994,#995);
#994 = CARTESIAN_POINT('',(13.,11.9,0.));
#995 = VECTOR('',#996,1.);
#996 = DIRECTION('',(1.,0.,0.));
#997 = PLANE('',#998);
#998 = AXIS2_PLACEMENT_3D('',#999,#1000,#1001);
#999 = CARTESIAN_POINT('',(85.,11.9,1.271817708935));
#1000 = DIRECTION('',(0.,1.,-1.31E-15));
#1001 = DIRECTION('',(0.,1.31E-15,1.));
#1002 = ADVANCED_FACE('',(#1003),#1021,.F.);
#1003 = FACE_BOUND('',#1004,.F.);
#1004 = EDGE_LOOP('',(#1005,#1006,#1007,#1015));
#1005 = ORIENTED_EDGE('',*,*,#181,.T.);
#1006 = ORIENTED_EDGE('',*,*,#779,.T.);
#1007 = ORIENTED_EDGE('',*,*,#1008,.F.);
#1008 = EDGE_CURVE('',#1009,#780,#1011,.T.);
#1009 = VERTEX_POINT('',#1010);
#1010 = CARTESIAN_POINT('',(170.,0.,0.));
#1011 = LINE('',#1012,#1013);
#1012 = CARTESIAN_POINT('',(170.,0.,0.));
#1013 = VECTOR('',#1014,1.);
#1014 = DIRECTION('',(0.,0.,1.));
#1015 = ORIENTED_EDGE('',*,*,#1016,.F.);
#1016 = EDGE_CURVE('',#174,#1009,#1017,.T.);
#1017 = LINE('',#1018,#1019);
#1018 = CARTESIAN_POINT('',(0.,0.,0.));
#1019 = VECTOR('',#1020,1.);
#1020 = DIRECTION('',(1.,0.,0.));
#1021 = PLANE('',#1022);
#1022 = AXIS2_PLACEMENT_3D('',#1023,#1024,#1025);
#1023 = CARTESIAN_POINT('',(0.,0.,0.));
#1024 = DIRECTION('',(0.,1.,0.));
#1025 = DIRECTION('',(1.,0.,0.));
#1026 = ADVANCED_FACE('',(#1027),#1052,.F.);
#1027 = FACE_BOUND('',#1028,.F.);
#1028 = EDGE_LOOP('',(#1029,#1037,#1038,#1046));
#1029 = ORIENTED_EDGE('',*,*,#1030,.F.);
#1030 = EDGE_CURVE('',#150,#1031,#1033,.T.);
#1031 = VERTEX_POINT('',#1032);
#1032 = CARTESIAN_POINT('',(0.59,11.31,-3.));
#1033 = LINE('',#1034,#1035);
#1034 = CARTESIAN_POINT('',(1.097129499912,10.802870500088,
    -5.57002916057));
#1035 = VECTOR('',#1036,1.);
#1036 = DIRECTION('',(0.190062682974,-0.190062682974,-0.963199020495));
#1037 = ORIENTED_EDGE('',*,*,#157,.T.);
#1038 = ORIENTED_EDGE('',*,*,#1039,.T.);
#1039 = EDGE_CURVE('',#158,#1040,#1042,.T.);
#1040 = VERTEX_POINT('',#1041);
#1041 = CARTESIAN_POINT('',(0.59,5.49,-3.));
#1042 = LINE('',#1043,#1044);
#1043 = CARTESIAN_POINT('',(0.410776854187,5.310776854187,
    -2.091733549184));
#1044 = VECTOR('',#1045,1.);
#1045 = DIRECTION('',(0.190062682974,0.190062682974,-0.963199020495));
#1046 = ORIENTED_EDGE('',*,*,#1047,.F.);
#1047 = EDGE_CURVE('',#1031,#1040,#1048,.T.);
#1048 = LINE('',#1049,#1050);
#1049 = CARTESIAN_POINT('',(0.59,11.9,-3.));
#1050 = VECTOR('',#1051,1.);
#1051 = DIRECTION('',(0.,-1.,0.));
#1052 = PLANE('',#1053);
#1053 = AXIS2_PLACEMENT_3D('',#1054,#1055,#1056);
#1054 = CARTESIAN_POINT('',(0.295,11.9,-1.505));
#1055 = DIRECTION('',(0.981082229058,1.E-17,0.193591476637));
#1056 = DIRECTION('',(1.018559888885E-17,-1.,3.662319211326E-20));
#1057 = ADVANCED_FACE('',(#1058),#1099,.F.);
#1058 = FACE_BOUND('',#1059,.F.);
#1059 = EDGE_LOOP('',(#1060,#1061,#1062,#1070,#1078,#1084,#1085,#1093));
#1060 = ORIENTED_EDGE('',*,*,#173,.T.);
#1061 = ORIENTED_EDGE('',*,*,#1016,.T.);
#1062 = ORIENTED_EDGE('',*,*,#1063,.T.);
#1063 = EDGE_CURVE('',#1009,#1064,#1066,.T.);
#1064 = VERTEX_POINT('',#1065);
#1065 = CARTESIAN_POINT('',(170.,4.9,0.));
#1066 = LINE('',#1067,#1068);
#1067 = CARTESIAN_POINT('',(170.,0.,0.));
#1068 = VECTOR('',#1069,1.);
#1069 = DIRECTION('',(0.,1.,0.));
#1070 = ORIENTED_EDGE('',*,*,#1071,.T.);
#1071 = EDGE_CURVE('',#1064,#1072,#1074,.T.);
#1072 = VERTEX_POINT('',#1073);
#1073 = CARTESIAN_POINT('',(125.,4.9,0.));
#1074 = LINE('',#1075,#1076);
#1075 = CARTESIAN_POINT('',(170.,4.9,0.));
#1076 = VECTOR('',#1077,1.);
#1077 = DIRECTION('',(-1.,0.,0.));
#1078 = ORIENTED_EDGE('',*,*,#1079,.T.);
#1079 = EDGE_CURVE('',#1072,#985,#1080,.T.);
#1080 = LINE('',#1081,#1082);
#1081 = CARTESIAN_POINT('',(125.,4.9,0.));
#1082 = VECTOR('',#1083,1.);
#1083 = DIRECTION('',(0.,1.,0.));
#1084 = ORIENTED_EDGE('',*,*,#992,.F.);
#1085 = ORIENTED_EDGE('',*,*,#1086,.F.);
#1086 = EDGE_CURVE('',#1087,#926,#1089,.T.);
#1087 = VERTEX_POINT('',#1088);
#1088 = CARTESIAN_POINT('',(45.,4.9,0.));
#1089 = LINE('',#1090,#1091);
#1090 = CARTESIAN_POINT('',(45.,4.9,0.));
#1091 = VECTOR('',#1092,1.);
#1092 = DIRECTION('',(0.,1.,0.));
#1093 = ORIENTED_EDGE('',*,*,#1094,.F.);
#1094 = EDGE_CURVE('',#166,#1087,#1095,.T.);
#1095 = LINE('',#1096,#1097);
#1096 = CARTESIAN_POINT('',(0.,4.9,0.));
#1097 = VECTOR('',#1098,1.);
#1098 = DIRECTION('',(1.,0.,0.));
#1099 = PLANE('',#1100);
#1100 = AXIS2_PLACEMENT_3D('',#1101,#1102,#1103);
#1101 = CARTESIAN_POINT('',(85.,75.,0.));
#1102 = DIRECTION('',(0.,0.,1.));
#1103 = DIRECTION('',(1.,0.,0.));
#1104 = ADVANCED_FACE('',(#1105),#1123,.T.);
#1105 = FACE_BOUND('',#1106,.T.);
#1106 = EDGE_LOOP('',(#1107,#1108,#1116,#1122));
#1107 = ORIENTED_EDGE('',*,*,#165,.T.);
#1108 = ORIENTED_EDGE('',*,*,#1109,.T.);
#1109 = EDGE_CURVE('',#158,#1110,#1112,.T.);
#1110 = VERTEX_POINT('',#1111);
#1111 = CARTESIAN_POINT('',(45.,4.9,-9.999999999999E-03));
#1112 = LINE('',#1113,#1114);
#1113 = CARTESIAN_POINT('',(0.,4.9,-1.E-02));
#1114 = VECTOR('',#1115,1.);
#1115 = DIRECTION('',(1.,0.,0.));
#1116 = ORIENTED_EDGE('',*,*,#1117,.F.);
#1117 = EDGE_CURVE('',#1087,#1110,#1118,.T.);
#1118 = LINE('',#1119,#1120);
#1119 = CARTESIAN_POINT('',(45.,4.9,0.));
#1120 = VECTOR('',#1121,1.);
#1121 = DIRECTION('',(0.,0.,-1.));
#1122 = ORIENTED_EDGE('',*,*,#1094,.F.);
#1123 = PLANE('',#1124);
#1124 = AXIS2_PLACEMENT_3D('',#1125,#1126,#1127);
#1125 = CARTESIAN_POINT('',(0.,4.9,0.));
#1126 = DIRECTION('',(0.,-1.,0.));
#1127 = DIRECTION('',(1.,0.,0.));
#1128 = ADVANCED_FACE('',(#1129),#1154,.F.);
#1129 = FACE_BOUND('',#1130,.F.);
#1130 = EDGE_LOOP('',(#1131,#1139,#1140,#1148));
#1131 = ORIENTED_EDGE('',*,*,#1132,.F.);
#1132 = EDGE_CURVE('',#325,#1133,#1135,.T.);
#1133 = VERTEX_POINT('',#1134);
#1134 = CARTESIAN_POINT('',(12.401,49.9,-3.));
#1135 = LINE('',#1136,#1137);
#1136 = CARTESIAN_POINT('',(12.459024696521,49.841878434203,
    -2.710360863777));
#1137 = VECTOR('',#1138,1.);
#1138 = DIRECTION('',(-0.192736054821,0.193057817851,-0.962071458957));
#1139 = ORIENTED_EDGE('',*,*,#332,.T.);
#1140 = ORIENTED_EDGE('',*,*,#1141,.T.);
#1141 = EDGE_CURVE('',#254,#1142,#1144,.T.);
#1142 = VERTEX_POINT('',#1143);
#1143 = CARTESIAN_POINT('',(12.401,55.701,-3.));
#1144 = LINE('',#1145,#1146);
#1145 = CARTESIAN_POINT('',(12.592741208053,55.892741208053,
    -2.042894470652));
#1146 = VECTOR('',#1147,1.);
#1147 = DIRECTION('',(-0.192748018503,-0.192748018503,-0.962131177504));
#1148 = ORIENTED_EDGE('',*,*,#1149,.F.);
#1149 = EDGE_CURVE('',#1133,#1142,#1150,.T.);
#1150 = LINE('',#1151,#1152);
#1151 = CARTESIAN_POINT('',(12.401,49.9,-3.));
#1152 = VECTOR('',#1153,1.);
#1153 = DIRECTION('',(0.,1.,0.));
#1154 = PLANE('',#1155);
#1155 = AXIS2_PLACEMENT_3D('',#1156,#1157,#1158);
#1156 = CARTESIAN_POINT('',(12.7005,49.9,-1.505));
#1157 = DIRECTION('',(-0.98051756109,0.,0.196431444513));
#1158 = DIRECTION('',(0.,1.,0.));
#1159 = ADVANCED_FACE('',(#1160,#1171),#1205,.F.);
#1160 = FACE_BOUND('',#1161,.F.);
#1161 = EDGE_LOOP('',(#1162,#1163,#1169,#1170));
#1162 = ORIENTED_EDGE('',*,*,#944,.T.);
#1163 = ORIENTED_EDGE('',*,*,#1164,.T.);
#1164 = EDGE_CURVE('',#945,#519,#1165,.T.);
#1165 = LINE('',#1166,#1167);
#1166 = CARTESIAN_POINT('',(157.,11.9,3.));
#1167 = VECTOR('',#1168,1.);
#1168 = DIRECTION('',(0.,1.,0.));
#1169 = ORIENTED_EDGE('',*,*,#526,.T.);
#1170 = ORIENTED_EDGE('',*,*,#300,.T.);
#1171 = FACE_BOUND('',#1172,.F.);
#1172 = EDGE_LOOP('',(#1173,#1183,#1191,#1199));
#1173 = ORIENTED_EDGE('',*,*,#1174,.T.);
#1174 = EDGE_CURVE('',#1175,#1177,#1179,.T.);
#1175 = VERTEX_POINT('',#1176);
#1176 = CARTESIAN_POINT('',(21.,21.,3.));
#1177 = VERTEX_POINT('',#1178);
#1178 = CARTESIAN_POINT('',(21.,129.,3.));
#1179 = LINE('',#1180,#1181);
#1180 = CARTESIAN_POINT('',(21.,48.,3.));
#1181 = VECTOR('',#1182,1.);
#1182 = DIRECTION('',(0.,1.,0.));
#1183 = ORIENTED_EDGE('',*,*,#1184,.T.);
#1184 = EDGE_CURVE('',#1177,#1185,#1187,.T.);
#1185 = VERTEX_POINT('',#1186);
#1186 = CARTESIAN_POINT('',(149.,129.,3.));
#1187 = LINE('',#1188,#1189);
#1188 = CARTESIAN_POINT('',(53.,129.,3.));
#1189 = VECTOR('',#1190,1.);
#1190 = DIRECTION('',(1.,0.,0.));
#1191 = ORIENTED_EDGE('',*,*,#1192,.T.);
#1192 = EDGE_CURVE('',#1185,#1193,#1195,.T.);
#1193 = VERTEX_POINT('',#1194);
#1194 = CARTESIAN_POINT('',(149.,21.,3.));
#1195 = LINE('',#1196,#1197);
#1196 = CARTESIAN_POINT('',(149.,102.,3.));
#1197 = VECTOR('',#1198,1.);
#1198 = DIRECTION('',(0.,-1.,0.));
#1199 = ORIENTED_EDGE('',*,*,#1200,.T.);
#1200 = EDGE_CURVE('',#1193,#1175,#1201,.T.);
#1201 = LINE('',#1202,#1203);
#1202 = CARTESIAN_POINT('',(117.,21.,3.));
#1203 = VECTOR('',#1204,1.);
#1204 = DIRECTION('',(-1.,0.,0.));
#1205 = PLANE('',#1206);
#1206 = AXIS2_PLACEMENT_3D('',#1207,#1208,#1209);
#1207 = CARTESIAN_POINT('',(85.,75.,3.));
#1208 = DIRECTION('',(0.,0.,1.));
#1209 = DIRECTION('',(1.,0.,0.));
#1210 = ADVANCED_FACE('',(#1211),#1217,.T.);
#1211 = FACE_BOUND('',#1212,.T.);
#1212 = EDGE_LOOP('',(#1213,#1214,#1215,#1216));
#1213 = ORIENTED_EDGE('',*,*,#397,.F.);
#1214 = ORIENTED_EDGE('',*,*,#425,.F.);
#1215 = ORIENTED_EDGE('',*,*,#440,.T.);
#1216 = ORIENTED_EDGE('',*,*,#371,.T.);
#1217 = PLANE('',#1218);
#1218 = AXIS2_PLACEMENT_3D('',#1219,#1220,#1221);
#1219 = CARTESIAN_POINT('',(13.,94.,-1.505));
#1220 = DIRECTION('',(1.E-17,-0.980454353251,-0.19674669296));
#1221 = DIRECTION('',(-1.,-1.019163614442E-17,-3.84554135959E-20));
#1222 = ADVANCED_FACE('',(#1223),#1242,.F.);
#1223 = FACE_BOUND('',#1224,.F.);
#1224 = EDGE_LOOP('',(#1225,#1234,#1240,#1241));
#1225 = ORIENTED_EDGE('',*,*,#1226,.F.);
#1226 = EDGE_CURVE('',#1227,#1227,#1229,.T.);
#1227 = VERTEX_POINT('',#1228);
#1228 = CARTESIAN_POINT('',(10.25,97.2,7.));
#1229 = CIRCLE('',#1230,2.75);
#1230 = AXIS2_PLACEMENT_3D('',#1231,#1232,#1233);
#1231 = CARTESIAN_POINT('',(7.5,97.2,7.));
#1232 = DIRECTION('',(0.,0.,1.));
#1233 = DIRECTION('',(1.,0.,0.));
#1234 = ORIENTED_EDGE('',*,*,#1235,.T.);
#1235 = EDGE_CURVE('',#1227,#406,#1236,.T.);
#1236 = LINE('',#1237,#1238);
#1237 = CARTESIAN_POINT('',(10.25,97.2,10.));
#1238 = VECTOR('',#1239,1.);
#1239 = DIRECTION('',(-0.,-0.,-1.));
#1240 = ORIENTED_EDGE('',*,*,#405,.T.);
#1241 = ORIENTED_EDGE('',*,*,#1235,.F.);
#1242 = CYLINDRICAL_SURFACE('',#1243,2.75);
#1243 = AXIS2_PLACEMENT_3D('',#1244,#1245,#1246);
#1244 = CARTESIAN_POINT('',(7.5,97.2,10.));
#1245 = DIRECTION('',(0.,0.,1.));
#1246 = DIRECTION('',(1.,0.,0.));
#1247 = ADVANCED_FACE('',(#1248),#1266,.F.);
#1248 = FACE_BOUND('',#1249,.F.);
#1249 = EDGE_LOOP('',(#1250,#1251,#1252,#1260));
#1250 = ORIENTED_EDGE('',*,*,#568,.F.);
#1251 = ORIENTED_EDGE('',*,*,#462,.T.);
#1252 = ORIENTED_EDGE('',*,*,#1253,.T.);
#1253 = EDGE_CURVE('',#463,#1254,#1256,.T.);
#1254 = VERTEX_POINT('',#1255);
#1255 = CARTESIAN_POINT('',(44.409999999999,138.69,-3.));
#1256 = LINE('',#1257,#1258);
#1257 = CARTESIAN_POINT('',(43.902870500087,139.19712949991,
    -5.57002916057));
#1258 = VECTOR('',#1259,1.);
#1259 = DIRECTION('',(-0.190062682974,0.190062682974,-0.963199020495));
#1260 = ORIENTED_EDGE('',*,*,#1261,.F.);
#1261 = EDGE_CURVE('',#569,#1254,#1262,.T.);
#1262 = LINE('',#1263,#1264);
#1263 = CARTESIAN_POINT('',(0.,138.69,-3.));
#1264 = VECTOR('',#1265,1.);
#1265 = DIRECTION('',(1.,0.,0.));
#1266 = PLANE('',#1267);
#1267 = AXIS2_PLACEMENT_3D('',#1268,#1269,#1270);
#1268 = CARTESIAN_POINT('',(0.,138.395,-1.505));
#1269 = DIRECTION('',(1.E-17,0.981082229058,0.193591476637));
#1270 = DIRECTION('',(1.,-1.018559888885E-17,-3.662319211326E-20));
#1271 = ADVANCED_FACE('',(#1272),#1283,.T.);
#1272 = FACE_BOUND('',#1273,.T.);
#1273 = EDGE_LOOP('',(#1274,#1275,#1281,#1282));
#1274 = ORIENTED_EDGE('',*,*,#470,.T.);
#1275 = ORIENTED_EDGE('',*,*,#1276,.T.);
#1276 = EDGE_CURVE('',#463,#610,#1277,.T.);
#1277 = LINE('',#1278,#1279);
#1278 = CARTESIAN_POINT('',(44.999999999999,138.1,-1.E-02));
#1279 = VECTOR('',#1280,1.);
#1280 = DIRECTION('',(0.,1.,0.));
#1281 = ORIENTED_EDGE('',*,*,#607,.F.);
#1282 = ORIENTED_EDGE('',*,*,#671,.F.);
#1283 = PLANE('',#1284);
#1284 = AXIS2_PLACEMENT_3D('',#1285,#1286,#1287);
#1285 = CARTESIAN_POINT('',(44.999999999999,138.1,0.));
#1286 = DIRECTION('',(1.,0.,0.));
#1287 = DIRECTION('',(0.,1.,0.));
#1288 = ADVANCED_FACE('',(#1289),#1307,.F.);
#1289 = FACE_BOUND('',#1290,.F.);
#1290 = EDGE_LOOP('',(#1291,#1292,#1300,#1306));
#1291 = ORIENTED_EDGE('',*,*,#486,.T.);
#1292 = ORIENTED_EDGE('',*,*,#1293,.T.);
#1293 = EDGE_CURVE('',#487,#1294,#1296,.T.);
#1294 = VERTEX_POINT('',#1295);
#1295 = CARTESIAN_POINT('',(125.,145.1,-1.E-02));
#1296 = LINE('',#1297,#1298);
#1297 = CARTESIAN_POINT('',(125.,138.1,-1.E-02));
#1298 = VECTOR('',#1299,1.);
#1299 = DIRECTION('',(0.,1.,0.));
#1300 = ORIENTED_EDGE('',*,*,#1301,.F.);
#1301 = EDGE_CURVE('',#679,#1294,#1302,.T.);
#1302 = LINE('',#1303,#1304);
#1303 = CARTESIAN_POINT('',(125.,145.1,0.));
#1304 = VECTOR('',#1305,1.);
#1305 = DIRECTION('',(0.,0.,-1.));
#1306 = ORIENTED_EDGE('',*,*,#678,.F.);
#1307 = PLANE('',#1308);
#1308 = AXIS2_PLACEMENT_3D('',#1309,#1310,#1311);
#1309 = CARTESIAN_POINT('',(125.,138.1,0.));
#1310 = DIRECTION('',(1.,0.,0.));
#1311 = DIRECTION('',(0.,1.,0.));
#1312 = ADVANCED_FACE('',(#1313),#1338,.T.);
#1313 = FACE_BOUND('',#1314,.T.);
#1314 = EDGE_LOOP('',(#1315,#1323,#1324,#1332));
#1315 = ORIENTED_EDGE('',*,*,#1316,.F.);
#1316 = EDGE_CURVE('',#495,#1317,#1319,.T.);
#1317 = VERTEX_POINT('',#1318);
#1318 = CARTESIAN_POINT('',(169.41,138.69,-3.));
#1319 = LINE('',#1320,#1321);
#1320 = CARTESIAN_POINT('',(169.58922314581,138.51077685418,
    -2.091733549184));
#1321 = VECTOR('',#1322,1.);
#1322 = DIRECTION('',(-0.190062682974,0.190062682974,-0.963199020495));
#1323 = ORIENTED_EDGE('',*,*,#494,.T.);
#1324 = ORIENTED_EDGE('',*,*,#1325,.T.);
#1325 = EDGE_CURVE('',#487,#1326,#1328,.T.);
#1326 = VERTEX_POINT('',#1327);
#1327 = CARTESIAN_POINT('',(125.59,138.69,-3.));
#1328 = LINE('',#1329,#1330);
#1329 = CARTESIAN_POINT('',(126.09712949991,139.19712949991,
    -5.57002916057));
#1330 = VECTOR('',#1331,1.);
#1331 = DIRECTION('',(0.190062682974,0.190062682974,-0.963199020495));
#1332 = ORIENTED_EDGE('',*,*,#1333,.F.);
#1333 = EDGE_CURVE('',#1317,#1326,#1334,.T.);
#1334 = LINE('',#1335,#1336);
#1335 = CARTESIAN_POINT('',(170.,138.69,-3.));
#1336 = VECTOR('',#1337,1.);
#1337 = DIRECTION('',(-1.,0.,0.));
#1338 = PLANE('',#1339);
#1339 = AXIS2_PLACEMENT_3D('',#1340,#1341,#1342);
#1340 = CARTESIAN_POINT('',(170.,138.395,-1.505));
#1341 = DIRECTION('',(1.E-17,-0.981082229058,-0.193591476637));
#1342 = DIRECTION('',(-1.,-1.018559888885E-17,-3.662319211326E-20));
#1343 = ADVANCED_FACE('',(#1344),#1451,.T.);
#1344 = FACE_BOUND('',#1345,.T.);
#1345 = EDGE_LOOP('',(#1346,#1356,#1364,#1372,#1380,#1388,#1394,#1395,
    #1403,#1409,#1410,#1411,#1412,#1413,#1414,#1422,#1428,#1429,#1437,
    #1445));
#1346 = ORIENTED_EDGE('',*,*,#1347,.F.);
#1347 = EDGE_CURVE('',#1348,#1350,#1352,.T.);
#1348 = VERTEX_POINT('',#1349);
#1349 = CARTESIAN_POINT('',(170.,56.3,0.));
#1350 = VERTEX_POINT('',#1351);
#1351 = CARTESIAN_POINT('',(170.,56.3,-1.E-02));
#1352 = LINE('',#1353,#1354);
#1353 = CARTESIAN_POINT('',(170.,56.3,0.));
#1354 = VECTOR('',#1355,1.);
#1355 = DIRECTION('',(0.,0.,-1.));
#1356 = ORIENTED_EDGE('',*,*,#1357,.T.);
#1357 = EDGE_CURVE('',#1348,#1358,#1360,.T.);
#1358 = VERTEX_POINT('',#1359);
#1359 = CARTESIAN_POINT('',(170.,93.7,0.));
#1360 = LINE('',#1361,#1362);
#1361 = CARTESIAN_POINT('',(170.,0.,0.));
#1362 = VECTOR('',#1363,1.);
#1363 = DIRECTION('',(0.,1.,0.));
#1364 = ORIENTED_EDGE('',*,*,#1365,.T.);
#1365 = EDGE_CURVE('',#1358,#1366,#1368,.T.);
#1366 = VERTEX_POINT('',#1367);
#1367 = CARTESIAN_POINT('',(170.,93.7,-1.E-02));
#1368 = LINE('',#1369,#1370);
#1369 = CARTESIAN_POINT('',(170.,93.7,0.));
#1370 = VECTOR('',#1371,1.);
#1371 = DIRECTION('',(0.,0.,-1.));
#1372 = ORIENTED_EDGE('',*,*,#1373,.F.);
#1373 = EDGE_CURVE('',#1374,#1366,#1376,.T.);
#1374 = VERTEX_POINT('',#1375);
#1375 = CARTESIAN_POINT('',(170.,100.7,-1.E-02));
#1376 = LINE('',#1377,#1378);
#1377 = CARTESIAN_POINT('',(170.,100.7,-1.E-02));
#1378 = VECTOR('',#1379,1.);
#1379 = DIRECTION('',(0.,-1.,0.));
#1380 = ORIENTED_EDGE('',*,*,#1381,.F.);
#1381 = EDGE_CURVE('',#1382,#1374,#1384,.T.);
#1382 = VERTEX_POINT('',#1383);
#1383 = CARTESIAN_POINT('',(170.,100.7,0.));
#1384 = LINE('',#1385,#1386);
#1385 = CARTESIAN_POINT('',(170.,100.7,0.));
#1386 = VECTOR('',#1387,1.);
#1387 = DIRECTION('',(0.,0.,-1.));
#1388 = ORIENTED_EDGE('',*,*,#1389,.T.);
#1389 = EDGE_CURVE('',#1382,#503,#1390,.T.);
#1390 = LINE('',#1391,#1392);
#1391 = CARTESIAN_POINT('',(170.,0.,0.));
#1392 = VECTOR('',#1393,1.);
#1393 = DIRECTION('',(0.,1.,0.));
#1394 = ORIENTED_EDGE('',*,*,#502,.T.);
#1395 = ORIENTED_EDGE('',*,*,#1396,.F.);
#1396 = EDGE_CURVE('',#1397,#495,#1399,.T.);
#1397 = VERTEX_POINT('',#1398);
#1398 = CARTESIAN_POINT('',(170.,145.1,-1.E-02));
#1399 = LINE('',#1400,#1401);
#1400 = CARTESIAN_POINT('',(170.,145.1,-1.E-02));
#1401 = VECTOR('',#1402,1.);
#1402 = DIRECTION('',(0.,-1.,0.));
#1403 = ORIENTED_EDGE('',*,*,#1404,.F.);
#1404 = EDGE_CURVE('',#687,#1397,#1405,.T.);
#1405 = LINE('',#1406,#1407);
#1406 = CARTESIAN_POINT('',(170.,145.1,0.));
#1407 = VECTOR('',#1408,1.);
#1408 = DIRECTION('',(0.,0.,-1.));
#1409 = ORIENTED_EDGE('',*,*,#694,.T.);
#1410 = ORIENTED_EDGE('',*,*,#738,.T.);
#1411 = ORIENTED_EDGE('',*,*,#787,.F.);
#1412 = ORIENTED_EDGE('',*,*,#1008,.F.);
#1413 = ORIENTED_EDGE('',*,*,#1063,.T.);
#1414 = ORIENTED_EDGE('',*,*,#1415,.T.);
#1415 = EDGE_CURVE('',#1064,#1416,#1418,.T.);
#1416 = VERTEX_POINT('',#1417);
#1417 = CARTESIAN_POINT('',(170.,4.9,-9.999999999999E-03));
#1418 = LINE('',#1419,#1420);
#1419 = CARTESIAN_POINT('',(170.,4.9,0.));
#1420 = VECTOR('',#1421,1.);
#1421 = DIRECTION('',(0.,0.,-1.));
#1422 = ORIENTED_EDGE('',*,*,#1423,.F.);
#1423 = EDGE_CURVE('',#969,#1416,#1424,.T.);
#1424 = LINE('',#1425,#1426);
#1425 = CARTESIAN_POINT('',(170.,11.9,-1.E-02));
#1426 = VECTOR('',#1427,1.);
#1427 = DIRECTION('',(0.,-1.,0.));
#1428 = ORIENTED_EDGE('',*,*,#968,.F.);
#1429 = ORIENTED_EDGE('',*,*,#1430,.T.);
#1430 = EDGE_CURVE('',#961,#1431,#1433,.T.);
#1431 = VERTEX_POINT('',#1432);
#1432 = CARTESIAN_POINT('',(170.,49.3,0.));
#1433 = LINE('',#1434,#1435);
#1434 = CARTESIAN_POINT('',(170.,0.,0.));
#1435 = VECTOR('',#1436,1.);
#1436 = DIRECTION('',(0.,1.,0.));
#1437 = ORIENTED_EDGE('',*,*,#1438,.T.);
#1438 = EDGE_CURVE('',#1431,#1439,#1441,.T.);
#1439 = VERTEX_POINT('',#1440);
#1440 = CARTESIAN_POINT('',(170.,49.3,-1.E-02));
#1441 = LINE('',#1442,#1443);
#1442 = CARTESIAN_POINT('',(170.,49.3,0.));
#1443 = VECTOR('',#1444,1.);
#1444 = DIRECTION('',(0.,0.,-1.));
#1445 = ORIENTED_EDGE('',*,*,#1446,.F.);
#1446 = EDGE_CURVE('',#1350,#1439,#1447,.T.);
#1447 = LINE('',#1448,#1449);
#1448 = CARTESIAN_POINT('',(170.,56.3,-1.E-02));
#1449 = VECTOR('',#1450,1.);
#1450 = DIRECTION('',(0.,-1.,0.));
#1451 = PLANE('',#1452);
#1452 = AXIS2_PLACEMENT_3D('',#1453,#1454,#1455);
#1453 = CARTESIAN_POINT('',(170.,75.,4.637573183954));
#1454 = DIRECTION('',(1.,0.,0.));
#1455 = DIRECTION('',(0.,0.,1.));
#1456 = ADVANCED_FACE('',(#1457),#1475,.F.);
#1457 = FACE_BOUND('',#1458,.F.);
#1458 = EDGE_LOOP('',(#1459,#1467,#1468,#1469));
#1459 = ORIENTED_EDGE('',*,*,#1460,.T.);
#1460 = EDGE_CURVE('',#1461,#1382,#1463,.T.);
#1461 = VERTEX_POINT('',#1462);
#1462 = CARTESIAN_POINT('',(157.,100.7,0.));
#1463 = LINE('',#1464,#1465);
#1464 = CARTESIAN_POINT('',(157.,100.7,0.));
#1465 = VECTOR('',#1466,1.);
#1466 = DIRECTION('',(1.,0.,0.));
#1467 = ORIENTED_EDGE('',*,*,#1389,.T.);
#1468 = ORIENTED_EDGE('',*,*,#510,.T.);
#1469 = ORIENTED_EDGE('',*,*,#1470,.F.);
#1470 = EDGE_CURVE('',#1461,#511,#1471,.T.);
#1471 = LINE('',#1472,#1473);
#1472 = CARTESIAN_POINT('',(157.,11.9,0.));
#1473 = VECTOR('',#1474,1.);
#1474 = DIRECTION('',(0.,1.,0.));
#1475 = PLANE('',#1476);
#1476 = AXIS2_PLACEMENT_3D('',#1477,#1478,#1479);
#1477 = CARTESIAN_POINT('',(85.,75.,0.));
#1478 = DIRECTION('',(0.,0.,1.));
#1479 = DIRECTION('',(1.,0.,0.));
#1480 = ADVANCED_FACE('',(#1481),#1549,.T.);
#1481 = FACE_BOUND('',#1482,.T.);
#1482 = EDGE_LOOP('',(#1483,#1491,#1499,#1507,#1515,#1523,#1531,#1539,
    #1545,#1546,#1547,#1548));
#1483 = ORIENTED_EDGE('',*,*,#1484,.T.);
#1484 = EDGE_CURVE('',#1461,#1485,#1487,.T.);
#1485 = VERTEX_POINT('',#1486);
#1486 = CARTESIAN_POINT('',(157.,100.7,-1.E-02));
#1487 = LINE('',#1488,#1489);
#1488 = CARTESIAN_POINT('',(157.,100.7,0.));
#1489 = VECTOR('',#1490,1.);
#1490 = DIRECTION('',(0.,0.,-1.));
#1491 = ORIENTED_EDGE('',*,*,#1492,.F.);
#1492 = EDGE_CURVE('',#1493,#1485,#1495,.T.);
#1493 = VERTEX_POINT('',#1494);
#1494 = CARTESIAN_POINT('',(157.,93.7,-1.E-02));
#1495 = LINE('',#1496,#1497);
#1496 = CARTESIAN_POINT('',(157.,94.3,-1.E-02));
#1497 = VECTOR('',#1498,1.);
#1498 = DIRECTION('',(0.,1.,0.));
#1499 = ORIENTED_EDGE('',*,*,#1500,.F.);
#1500 = EDGE_CURVE('',#1501,#1493,#1503,.T.);
#1501 = VERTEX_POINT('',#1502);
#1502 = CARTESIAN_POINT('',(157.,93.7,0.));
#1503 = LINE('',#1504,#1505);
#1504 = CARTESIAN_POINT('',(157.,93.7,0.));
#1505 = VECTOR('',#1506,1.);
#1506 = DIRECTION('',(0.,0.,-1.));
#1507 = ORIENTED_EDGE('',*,*,#1508,.F.);
#1508 = EDGE_CURVE('',#1509,#1501,#1511,.T.);
#1509 = VERTEX_POINT('',#1510);
#1510 = CARTESIAN_POINT('',(157.,56.3,0.));
#1511 = LINE('',#1512,#1513);
#1512 = CARTESIAN_POINT('',(157.,11.9,0.));
#1513 = VECTOR('',#1514,1.);
#1514 = DIRECTION('',(0.,1.,0.));
#1515 = ORIENTED_EDGE('',*,*,#1516,.T.);
#1516 = EDGE_CURVE('',#1509,#1517,#1519,.T.);
#1517 = VERTEX_POINT('',#1518);
#1518 = CARTESIAN_POINT('',(157.,56.3,-1.E-02));
#1519 = LINE('',#1520,#1521);
#1520 = CARTESIAN_POINT('',(157.,56.3,0.));
#1521 = VECTOR('',#1522,1.);
#1522 = DIRECTION('',(0.,0.,-1.));
#1523 = ORIENTED_EDGE('',*,*,#1524,.F.);
#1524 = EDGE_CURVE('',#1525,#1517,#1527,.T.);
#1525 = VERTEX_POINT('',#1526);
#1526 = CARTESIAN_POINT('',(157.,49.3,-1.E-02));
#1527 = LINE('',#1528,#1529);
#1528 = CARTESIAN_POINT('',(157.,49.9,-1.E-02));
#1529 = VECTOR('',#1530,1.);
#1530 = DIRECTION('',(0.,1.,0.));
#1531 = ORIENTED_EDGE('',*,*,#1532,.F.);
#1532 = EDGE_CURVE('',#1533,#1525,#1535,.T.);
#1533 = VERTEX_POINT('',#1534);
#1534 = CARTESIAN_POINT('',(157.,49.3,0.));
#1535 = LINE('',#1536,#1537);
#1536 = CARTESIAN_POINT('',(157.,49.3,0.));
#1537 = VECTOR('',#1538,1.);
#1538 = DIRECTION('',(0.,0.,-1.));
#1539 = ORIENTED_EDGE('',*,*,#1540,.F.);
#1540 = EDGE_CURVE('',#953,#1533,#1541,.T.);
#1541 = LINE('',#1542,#1543);
#1542 = CARTESIAN_POINT('',(157.,11.9,0.));
#1543 = VECTOR('',#1544,1.);
#1544 = DIRECTION('',(0.,1.,0.));
#1545 = ORIENTED_EDGE('',*,*,#952,.T.);
#1546 = ORIENTED_EDGE('',*,*,#1164,.T.);
#1547 = ORIENTED_EDGE('',*,*,#518,.F.);
#1548 = ORIENTED_EDGE('',*,*,#1470,.F.);
#1549 = PLANE('',#1550);
#1550 = AXIS2_PLACEMENT_3D('',#1551,#1552,#1553);
#1551 = CARTESIAN_POINT('',(157.,75.,1.211538461538));
#1552 = DIRECTION('',(-1.,-0.,-2.75E-15));
#1553 = DIRECTION('',(2.75E-15,0.,-1.));
#1554 = ADVANCED_FACE('',(#1555),#1573,.F.);
#1555 = FACE_BOUND('',#1556,.F.);
#1556 = EDGE_LOOP('',(#1557,#1565,#1566,#1567));
#1557 = ORIENTED_EDGE('',*,*,#1558,.F.);
#1558 = EDGE_CURVE('',#610,#1559,#1561,.T.);
#1559 = VERTEX_POINT('',#1560);
#1560 = CARTESIAN_POINT('',(44.409999999999,144.51,-3.));
#1561 = LINE('',#1562,#1563);
#1562 = CARTESIAN_POINT('',(44.589223145812,144.68922314581,
    -2.091733549184));
#1563 = VECTOR('',#1564,1.);
#1564 = DIRECTION('',(-0.190062682974,-0.190062682974,-0.963199020495));
#1565 = ORIENTED_EDGE('',*,*,#617,.T.);
#1566 = ORIENTED_EDGE('',*,*,#559,.T.);
#1567 = ORIENTED_EDGE('',*,*,#1568,.F.);
#1568 = EDGE_CURVE('',#1559,#560,#1569,.T.);
#1569 = LINE('',#1570,#1571);
#1570 = CARTESIAN_POINT('',(44.999999999999,144.51,-3.));
#1571 = VECTOR('',#1572,1.);
#1572 = DIRECTION('',(-1.,0.,0.));
#1573 = PLANE('',#1574);
#1574 = AXIS2_PLACEMENT_3D('',#1575,#1576,#1577);
#1575 = CARTESIAN_POINT('',(44.999999999999,144.805,-1.505));
#1576 = DIRECTION('',(-1.E-17,-0.981082229058,0.193591476637));
#1577 = DIRECTION('',(-1.,1.018559888885E-17,-3.662319211326E-20));
#1578 = ADVANCED_FACE('',(#1579,#1590),#1601,.F.);
#1579 = FACE_BOUND('',#1580,.F.);
#1580 = EDGE_LOOP('',(#1581,#1582,#1583,#1584));
#1581 = ORIENTED_EDGE('',*,*,#1568,.T.);
#1582 = ORIENTED_EDGE('',*,*,#576,.T.);
#1583 = ORIENTED_EDGE('',*,*,#1261,.T.);
#1584 = ORIENTED_EDGE('',*,*,#1585,.T.);
#1585 = EDGE_CURVE('',#1254,#1559,#1586,.T.);
#1586 = LINE('',#1587,#1588);
#1587 = CARTESIAN_POINT('',(44.409999999999,138.1,-3.));
#1588 = VECTOR('',#1589,1.);
#1589 = DIRECTION('',(0.,1.,0.));
#1590 = FACE_BOUND('',#1591,.F.);
#1591 = EDGE_LOOP('',(#1592));
#1592 = ORIENTED_EDGE('',*,*,#1593,.F.);
#1593 = EDGE_CURVE('',#1594,#1594,#1596,.T.);
#1594 = VERTEX_POINT('',#1595);
#1595 = CARTESIAN_POINT('',(40.75,141.6,-3.));
#1596 = CIRCLE('',#1597,2.75);
#1597 = AXIS2_PLACEMENT_3D('',#1598,#1599,#1600);
#1598 = CARTESIAN_POINT('',(38.,141.6,-3.));
#1599 = DIRECTION('',(0.,0.,1.));
#1600 = DIRECTION('',(1.,0.,0.));
#1601 = PLANE('',#1602);
#1602 = AXIS2_PLACEMENT_3D('',#1603,#1604,#1605);
#1603 = CARTESIAN_POINT('',(85.,75.,-3.));
#1604 = DIRECTION('',(0.,0.,1.));
#1605 = DIRECTION('',(1.,0.,0.));
#1606 = ADVANCED_FACE('',(#1607),#1618,.F.);
#1607 = FACE_BOUND('',#1608,.F.);
#1608 = EDGE_LOOP('',(#1609,#1610,#1611,#1612));
#1609 = ORIENTED_EDGE('',*,*,#1141,.F.);
#1610 = ORIENTED_EDGE('',*,*,#591,.T.);
#1611 = ORIENTED_EDGE('',*,*,#638,.T.);
#1612 = ORIENTED_EDGE('',*,*,#1613,.F.);
#1613 = EDGE_CURVE('',#1142,#639,#1614,.T.);
#1614 = LINE('',#1615,#1616);
#1615 = CARTESIAN_POINT('',(13.,55.701,-3.));
#1616 = VECTOR('',#1617,1.);
#1617 = DIRECTION('',(-1.,0.,0.));
#1618 = PLANE('',#1619);
#1619 = AXIS2_PLACEMENT_3D('',#1620,#1621,#1622);
#1620 = CARTESIAN_POINT('',(13.,56.0005,-1.505));
#1621 = DIRECTION('',(0.,-0.98051756109,0.196431444513));
#1622 = DIRECTION('',(-1.,0.,0.));
#1623 = ADVANCED_FACE('',(#1624,#1635),#1646,.F.);
#1624 = FACE_BOUND('',#1625,.F.);
#1625 = EDGE_LOOP('',(#1626,#1632,#1633,#1634));
#1626 = ORIENTED_EDGE('',*,*,#1627,.T.);
#1627 = EDGE_CURVE('',#648,#1133,#1628,.T.);
#1628 = LINE('',#1629,#1630);
#1629 = CARTESIAN_POINT('',(0.,49.9,-3.));
#1630 = VECTOR('',#1631,1.);
#1631 = DIRECTION('',(1.,0.,0.));
#1632 = ORIENTED_EDGE('',*,*,#1149,.T.);
#1633 = ORIENTED_EDGE('',*,*,#1613,.T.);
#1634 = ORIENTED_EDGE('',*,*,#655,.T.);
#1635 = FACE_BOUND('',#1636,.F.);
#1636 = EDGE_LOOP('',(#1637));
#1637 = ORIENTED_EDGE('',*,*,#1638,.F.);
#1638 = EDGE_CURVE('',#1639,#1639,#1641,.T.);
#1639 = VERTEX_POINT('',#1640);
#1640 = CARTESIAN_POINT('',(10.25,52.8,-3.));
#1641 = CIRCLE('',#1642,2.75);
#1642 = AXIS2_PLACEMENT_3D('',#1643,#1644,#1645);
#1643 = CARTESIAN_POINT('',(7.5,52.8,-3.));
#1644 = DIRECTION('',(0.,0.,1.));
#1645 = DIRECTION('',(1.,0.,0.));
#1646 = PLANE('',#1647);
#1647 = AXIS2_PLACEMENT_3D('',#1648,#1649,#1650);
#1648 = CARTESIAN_POINT('',(85.,75.,-3.));
#1649 = DIRECTION('',(0.,0.,1.));
#1650 = DIRECTION('',(1.,0.,0.));
#1651 = ADVANCED_FACE('',(#1652),#1658,.F.);
#1652 = FACE_BOUND('',#1653,.F.);
#1653 = EDGE_LOOP('',(#1654,#1655,#1656,#1657));
#1654 = ORIENTED_EDGE('',*,*,#1627,.F.);
#1655 = ORIENTED_EDGE('',*,*,#647,.F.);
#1656 = ORIENTED_EDGE('',*,*,#717,.T.);
#1657 = ORIENTED_EDGE('',*,*,#1132,.T.);
#1658 = PLANE('',#1659);
#1659 = AXIS2_PLACEMENT_3D('',#1660,#1661,#1662);
#1660 = CARTESIAN_POINT('',(0.,49.6,-1.505));
#1661 = DIRECTION('',(0.,0.980454353251,0.19674669296));
#1662 = DIRECTION('',(1.,0.,0.));
#1663 = ADVANCED_FACE('',(#1664),#1675,.F.);
#1664 = FACE_BOUND('',#1665,.F.);
#1665 = EDGE_LOOP('',(#1666,#1667,#1673,#1674));
#1666 = ORIENTED_EDGE('',*,*,#1301,.T.);
#1667 = ORIENTED_EDGE('',*,*,#1668,.T.);
#1668 = EDGE_CURVE('',#1294,#1397,#1669,.T.);
#1669 = LINE('',#1670,#1671);
#1670 = CARTESIAN_POINT('',(125.,145.1,-1.E-02));
#1671 = VECTOR('',#1672,1.);
#1672 = DIRECTION('',(1.,0.,0.));
#1673 = ORIENTED_EDGE('',*,*,#1404,.F.);
#1674 = ORIENTED_EDGE('',*,*,#686,.F.);
#1675 = PLANE('',#1676);
#1676 = AXIS2_PLACEMENT_3D('',#1677,#1678,#1679);
#1677 = CARTESIAN_POINT('',(125.,145.1,0.));
#1678 = DIRECTION('',(0.,-1.,0.));
#1679 = DIRECTION('',(1.,0.,0.));
#1680 = ADVANCED_FACE('',(#1681),#1700,.F.);
#1681 = FACE_BOUND('',#1682,.F.);
#1682 = EDGE_LOOP('',(#1683,#1691,#1698,#1699));
#1683 = ORIENTED_EDGE('',*,*,#1684,.T.);
#1684 = EDGE_CURVE('',#798,#1685,#1687,.T.);
#1685 = VERTEX_POINT('',#1686);
#1686 = CARTESIAN_POINT('',(43.25,8.4,7.));
#1687 = LINE('',#1688,#1689);
#1688 = CARTESIAN_POINT('',(43.25,8.4,10.));
#1689 = VECTOR('',#1690,1.);
#1690 = DIRECTION('',(-0.,-0.,-1.));
#1691 = ORIENTED_EDGE('',*,*,#1692,.T.);
#1692 = EDGE_CURVE('',#1685,#1685,#1693,.T.);
#1693 = CIRCLE('',#1694,5.25);
#1694 = AXIS2_PLACEMENT_3D('',#1695,#1696,#1697);
#1695 = CARTESIAN_POINT('',(38.,8.4,7.));
#1696 = DIRECTION('',(0.,0.,1.));
#1697 = DIRECTION('',(1.,0.,0.));
#1698 = ORIENTED_EDGE('',*,*,#1684,.F.);
#1699 = ORIENTED_EDGE('',*,*,#797,.F.);
#1700 = CYLINDRICAL_SURFACE('',#1701,5.25);
#1701 = AXIS2_PLACEMENT_3D('',#1702,#1703,#1704);
#1702 = CARTESIAN_POINT('',(38.,8.4,10.));
#1703 = DIRECTION('',(0.,0.,1.));
#1704 = DIRECTION('',(1.,0.,0.));
#1705 = ADVANCED_FACE('',(#1706),#1725,.F.);
#1706 = FACE_BOUND('',#1707,.F.);
#1707 = EDGE_LOOP('',(#1708,#1716,#1723,#1724));
#1708 = ORIENTED_EDGE('',*,*,#1709,.T.);
#1709 = EDGE_CURVE('',#809,#1710,#1712,.T.);
#1710 = VERTEX_POINT('',#1711);
#1711 = CARTESIAN_POINT('',(12.75,52.8,7.));
#1712 = LINE('',#1713,#1714);
#1713 = CARTESIAN_POINT('',(12.75,52.8,10.));
#1714 = VECTOR('',#1715,1.);
#1715 = DIRECTION('',(-0.,-0.,-1.));
#1716 = ORIENTED_EDGE('',*,*,#1717,.T.);
#1717 = EDGE_CURVE('',#1710,#1710,#1718,.T.);
#1718 = CIRCLE('',#1719,5.25);
#1719 = AXIS2_PLACEMENT_3D('',#1720,#1721,#1722);
#1720 = CARTESIAN_POINT('',(7.5,52.8,7.));
#1721 = DIRECTION('',(0.,0.,1.));
#1722 = DIRECTION('',(1.,0.,0.));
#1723 = ORIENTED_EDGE('',*,*,#1709,.F.);
#1724 = ORIENTED_EDGE('',*,*,#808,.F.);
#1725 = CYLINDRICAL_SURFACE('',#1726,5.25);
#1726 = AXIS2_PLACEMENT_3D('',#1727,#1728,#1729);
#1727 = CARTESIAN_POINT('',(7.5,52.8,10.));
#1728 = DIRECTION('',(0.,0.,1.));
#1729 = DIRECTION('',(1.,0.,0.));
#1730 = ADVANCED_FACE('',(#1731),#1750,.F.);
#1731 = FACE_BOUND('',#1732,.F.);
#1732 = EDGE_LOOP('',(#1733,#1741,#1748,#1749));
#1733 = ORIENTED_EDGE('',*,*,#1734,.T.);
#1734 = EDGE_CURVE('',#820,#1735,#1737,.T.);
#1735 = VERTEX_POINT('',#1736);
#1736 = CARTESIAN_POINT('',(137.25,8.4,7.));
#1737 = LINE('',#1738,#1739);
#1738 = CARTESIAN_POINT('',(137.25,8.4,10.));
#1739 = VECTOR('',#1740,1.);
#1740 = DIRECTION('',(-0.,-0.,-1.));
#1741 = ORIENTED_EDGE('',*,*,#1742,.T.);
#1742 = EDGE_CURVE('',#1735,#1735,#1743,.T.);
#1743 = CIRCLE('',#1744,5.25);
#1744 = AXIS2_PLACEMENT_3D('',#1745,#1746,#1747);
#1745 = CARTESIAN_POINT('',(132.,8.4,7.));
#1746 = DIRECTION('',(0.,0.,1.));
#1747 = DIRECTION('',(1.,0.,0.));
#1748 = ORIENTED_EDGE('',*,*,#1734,.F.);
#1749 = ORIENTED_EDGE('',*,*,#819,.F.);
#1750 = CYLINDRICAL_SURFACE('',#1751,5.25);
#1751 = AXIS2_PLACEMENT_3D('',#1752,#1753,#1754);
#1752 = CARTESIAN_POINT('',(132.,8.4,10.));
#1753 = DIRECTION('',(0.,0.,1.));
#1754 = DIRECTION('',(1.,0.,0.));
#1755 = ADVANCED_FACE('',(#1756),#1775,.F.);
#1756 = FACE_BOUND('',#1757,.F.);
#1757 = EDGE_LOOP('',(#1758,#1766,#1773,#1774));
#1758 = ORIENTED_EDGE('',*,*,#1759,.T.);
#1759 = EDGE_CURVE('',#831,#1760,#1762,.T.);
#1760 = VERTEX_POINT('',#1761);
#1761 = CARTESIAN_POINT('',(167.75,52.8,7.));
#1762 = LINE('',#1763,#1764);
#1763 = CARTESIAN_POINT('',(167.75,52.8,10.));
#1764 = VECTOR('',#1765,1.);
#1765 = DIRECTION('',(-0.,-0.,-1.));
#1766 = ORIENTED_EDGE('',*,*,#1767,.T.);
#1767 = EDGE_CURVE('',#1760,#1760,#1768,.T.);
#1768 = CIRCLE('',#1769,5.25);
#1769 = AXIS2_PLACEMENT_3D('',#1770,#1771,#1772);
#1770 = CARTESIAN_POINT('',(162.5,52.8,7.));
#1771 = DIRECTION('',(0.,0.,1.));
#1772 = DIRECTION('',(1.,0.,0.));
#1773 = ORIENTED_EDGE('',*,*,#1759,.F.);
#1774 = ORIENTED_EDGE('',*,*,#830,.F.);
#1775 = CYLINDRICAL_SURFACE('',#1776,5.25);
#1776 = AXIS2_PLACEMENT_3D('',#1777,#1778,#1779);
#1777 = CARTESIAN_POINT('',(162.5,52.8,10.));
#1778 = DIRECTION('',(0.,0.,1.));
#1779 = DIRECTION('',(1.,0.,0.));
#1780 = ADVANCED_FACE('',(#1781),#1800,.F.);
#1781 = FACE_BOUND('',#1782,.F.);
#1782 = EDGE_LOOP('',(#1783,#1791,#1798,#1799));
#1783 = ORIENTED_EDGE('',*,*,#1784,.T.);
#1784 = EDGE_CURVE('',#842,#1785,#1787,.T.);
#1785 = VERTEX_POINT('',#1786);
#1786 = CARTESIAN_POINT('',(12.75,97.2,7.));
#1787 = LINE('',#1788,#1789);
#1788 = CARTESIAN_POINT('',(12.75,97.2,10.));
#1789 = VECTOR('',#1790,1.);
#1790 = DIRECTION('',(-0.,-0.,-1.));
#1791 = ORIENTED_EDGE('',*,*,#1792,.T.);
#1792 = EDGE_CURVE('',#1785,#1785,#1793,.T.);
#1793 = CIRCLE('',#1794,5.25);
#1794 = AXIS2_PLACEMENT_3D('',#1795,#1796,#1797);
#1795 = CARTESIAN_POINT('',(7.5,97.2,7.));
#1796 = DIRECTION('',(0.,0.,1.));
#1797 = DIRECTION('',(1.,0.,0.));
#1798 = ORIENTED_EDGE('',*,*,#1784,.F.);
#1799 = ORIENTED_EDGE('',*,*,#841,.F.);
#1800 = CYLINDRICAL_SURFACE('',#1801,5.25);
#1801 = AXIS2_PLACEMENT_3D('',#1802,#1803,#1804);
#1802 = CARTESIAN_POINT('',(7.5,97.2,10.));
#1803 = DIRECTION('',(0.,0.,1.));
#1804 = DIRECTION('',(1.,0.,0.));
#1805 = ADVANCED_FACE('',(#1806),#1825,.F.);
#1806 = FACE_BOUND('',#1807,.F.);
#1807 = EDGE_LOOP('',(#1808,#1816,#1823,#1824));
#1808 = ORIENTED_EDGE('',*,*,#1809,.T.);
#1809 = EDGE_CURVE('',#853,#1810,#1812,.T.);
#1810 = VERTEX_POINT('',#1811);
#1811 = CARTESIAN_POINT('',(43.25,141.6,7.));
#1812 = LINE('',#1813,#1814);
#1813 = CARTESIAN_POINT('',(43.25,141.6,10.));
#1814 = VECTOR('',#1815,1.);
#1815 = DIRECTION('',(-0.,-0.,-1.));
#1816 = ORIENTED_EDGE('',*,*,#1817,.T.);
#1817 = EDGE_CURVE('',#1810,#1810,#1818,.T.);
#1818 = CIRCLE('',#1819,5.25);
#1819 = AXIS2_PLACEMENT_3D('',#1820,#1821,#1822);
#1820 = CARTESIAN_POINT('',(38.,141.6,7.));
#1821 = DIRECTION('',(0.,0.,1.));
#1822 = DIRECTION('',(1.,0.,0.));
#1823 = ORIENTED_EDGE('',*,*,#1809,.F.);
#1824 = ORIENTED_EDGE('',*,*,#852,.F.);
#1825 = CYLINDRICAL_SURFACE('',#1826,5.25);
#1826 = AXIS2_PLACEMENT_3D('',#1827,#1828,#1829);
#1827 = CARTESIAN_POINT('',(38.,141.6,10.));
#1828 = DIRECTION('',(0.,0.,1.));
#1829 = DIRECTION('',(1.,0.,0.));
#1830 = ADVANCED_FACE('',(#1831),#1847,.F.);
#1831 = FACE_BOUND('',#1832,.F.);
#1832 = EDGE_LOOP('',(#1833,#1834,#1840,#1841));
#1833 = ORIENTED_EDGE('',*,*,#1184,.F.);
#1834 = ORIENTED_EDGE('',*,*,#1835,.T.);
#1835 = EDGE_CURVE('',#1177,#864,#1836,.T.);
#1836 = LINE('',#1837,#1838);
#1837 = CARTESIAN_POINT('',(21.,129.,0.));
#1838 = VECTOR('',#1839,1.);
#1839 = DIRECTION('',(0.,0.,1.));
#1840 = ORIENTED_EDGE('',*,*,#863,.T.);
#1841 = ORIENTED_EDGE('',*,*,#1842,.F.);
#1842 = EDGE_CURVE('',#1185,#866,#1843,.T.);
#1843 = LINE('',#1844,#1845);
#1844 = CARTESIAN_POINT('',(149.,129.,0.));
#1845 = VECTOR('',#1846,1.);
#1846 = DIRECTION('',(0.,0.,1.));
#1847 = PLANE('',#1848);
#1848 = AXIS2_PLACEMENT_3D('',#1849,#1850,#1851);
#1849 = CARTESIAN_POINT('',(21.,129.,0.));
#1850 = DIRECTION('',(0.,1.,0.));
#1851 = DIRECTION('',(1.,0.,0.));
#1852 = ADVANCED_FACE('',(#1853),#1864,.F.);
#1853 = FACE_BOUND('',#1854,.F.);
#1854 = EDGE_LOOP('',(#1855,#1856,#1862,#1863));
#1855 = ORIENTED_EDGE('',*,*,#1174,.F.);
#1856 = ORIENTED_EDGE('',*,*,#1857,.T.);
#1857 = EDGE_CURVE('',#1175,#882,#1858,.T.);
#1858 = LINE('',#1859,#1860);
#1859 = CARTESIAN_POINT('',(21.,21.,0.));
#1860 = VECTOR('',#1861,1.);
#1861 = DIRECTION('',(0.,0.,1.));
#1862 = ORIENTED_EDGE('',*,*,#889,.T.);
#1863 = ORIENTED_EDGE('',*,*,#1835,.F.);
#1864 = PLANE('',#1865);
#1865 = AXIS2_PLACEMENT_3D('',#1866,#1867,#1868);
#1866 = CARTESIAN_POINT('',(21.,21.,0.));
#1867 = DIRECTION('',(-1.,0.,0.));
#1868 = DIRECTION('',(0.,1.,0.));
#1869 = ADVANCED_FACE('',(#1870),#1881,.F.);
#1870 = FACE_BOUND('',#1871,.F.);
#1871 = EDGE_LOOP('',(#1872,#1873,#1874,#1875));
#1872 = ORIENTED_EDGE('',*,*,#1192,.F.);
#1873 = ORIENTED_EDGE('',*,*,#1842,.T.);
#1874 = ORIENTED_EDGE('',*,*,#873,.T.);
#1875 = ORIENTED_EDGE('',*,*,#1876,.F.);
#1876 = EDGE_CURVE('',#1193,#874,#1877,.T.);
#1877 = LINE('',#1878,#1879);
#1878 = CARTESIAN_POINT('',(149.,21.,0.));
#1879 = VECTOR('',#1880,1.);
#1880 = DIRECTION('',(0.,0.,1.));
#1881 = PLANE('',#1882);
#1882 = AXIS2_PLACEMENT_3D('',#1883,#1884,#1885);
#1883 = CARTESIAN_POINT('',(149.,129.,0.));
#1884 = DIRECTION('',(1.,0.,0.));
#1885 = DIRECTION('',(0.,-1.,0.));
#1886 = ADVANCED_FACE('',(#1887),#1893,.F.);
#1887 = FACE_BOUND('',#1888,.F.);
#1888 = EDGE_LOOP('',(#1889,#1890,#1891,#1892));
#1889 = ORIENTED_EDGE('',*,*,#1200,.F.);
#1890 = ORIENTED_EDGE('',*,*,#1876,.T.);
#1891 = ORIENTED_EDGE('',*,*,#881,.T.);
#1892 = ORIENTED_EDGE('',*,*,#1857,.F.);
#1893 = PLANE('',#1894);
#1894 = AXIS2_PLACEMENT_3D('',#1895,#1896,#1897);
#1895 = CARTESIAN_POINT('',(149.,21.,0.));
#1896 = DIRECTION('',(0.,-1.,0.));
#1897 = DIRECTION('',(-1.,0.,0.));
#1898 = ADVANCED_FACE('',(#1899),#1918,.F.);
#1899 = FACE_BOUND('',#1900,.F.);
#1900 = EDGE_LOOP('',(#1901,#1909,#1916,#1917));
#1901 = ORIENTED_EDGE('',*,*,#1902,.T.);
#1902 = EDGE_CURVE('',#898,#1903,#1905,.T.);
#1903 = VERTEX_POINT('',#1904);
#1904 = CARTESIAN_POINT('',(167.75,97.2,7.));
#1905 = LINE('',#1906,#1907);
#1906 = CARTESIAN_POINT('',(167.75,97.2,10.));
#1907 = VECTOR('',#1908,1.);
#1908 = DIRECTION('',(-0.,-0.,-1.));
#1909 = ORIENTED_EDGE('',*,*,#1910,.T.);
#1910 = EDGE_CURVE('',#1903,#1903,#1911,.T.);
#1911 = CIRCLE('',#1912,5.25);
#1912 = AXIS2_PLACEMENT_3D('',#1913,#1914,#1915);
#1913 = CARTESIAN_POINT('',(162.5,97.2,7.));
#1914 = DIRECTION('',(0.,0.,1.));
#1915 = DIRECTION('',(1.,0.,0.));
#1916 = ORIENTED_EDGE('',*,*,#1902,.F.);
#1917 = ORIENTED_EDGE('',*,*,#897,.F.);
#1918 = CYLINDRICAL_SURFACE('',#1919,5.25);
#1919 = AXIS2_PLACEMENT_3D('',#1920,#1921,#1922);
#1920 = CARTESIAN_POINT('',(162.5,97.2,10.));
#1921 = DIRECTION('',(0.,0.,1.));
#1922 = DIRECTION('',(1.,0.,0.));
#1923 = ADVANCED_FACE('',(#1924),#1943,.F.);
#1924 = FACE_BOUND('',#1925,.F.);
#1925 = EDGE_LOOP('',(#1926,#1934,#1941,#1942));
#1926 = ORIENTED_EDGE('',*,*,#1927,.T.);
#1927 = EDGE_CURVE('',#909,#1928,#1930,.T.);
#1928 = VERTEX_POINT('',#1929);
#1929 = CARTESIAN_POINT('',(137.25,141.6,7.));
#1930 = LINE('',#1931,#1932);
#1931 = CARTESIAN_POINT('',(137.25,141.6,10.));
#1932 = VECTOR('',#1933,1.);
#1933 = DIRECTION('',(-0.,-0.,-1.));
#1934 = ORIENTED_EDGE('',*,*,#1935,.T.);
#1935 = EDGE_CURVE('',#1928,#1928,#1936,.T.);
#1936 = CIRCLE('',#1937,5.25);
#1937 = AXIS2_PLACEMENT_3D('',#1938,#1939,#1940);
#1938 = CARTESIAN_POINT('',(132.,141.6,7.));
#1939 = DIRECTION('',(0.,0.,1.));
#1940 = DIRECTION('',(1.,0.,0.));
#1941 = ORIENTED_EDGE('',*,*,#1927,.F.);
#1942 = ORIENTED_EDGE('',*,*,#908,.F.);
#1943 = CYLINDRICAL_SURFACE('',#1944,5.25);
#1944 = AXIS2_PLACEMENT_3D('',#1945,#1946,#1947);
#1945 = CARTESIAN_POINT('',(132.,141.6,10.));
#1946 = DIRECTION('',(0.,0.,1.));
#1947 = DIRECTION('',(1.,0.,0.));
#1948 = ADVANCED_FACE('',(#1949),#1960,.T.);
#1949 = FACE_BOUND('',#1950,.T.);
#1950 = EDGE_LOOP('',(#1951,#1952,#1958,#1959));
#1951 = ORIENTED_EDGE('',*,*,#1117,.T.);
#1952 = ORIENTED_EDGE('',*,*,#1953,.T.);
#1953 = EDGE_CURVE('',#1110,#928,#1954,.T.);
#1954 = LINE('',#1955,#1956);
#1955 = CARTESIAN_POINT('',(45.,4.9,-1.E-02));
#1956 = VECTOR('',#1957,1.);
#1957 = DIRECTION('',(0.,1.,0.));
#1958 = ORIENTED_EDGE('',*,*,#925,.F.);
#1959 = ORIENTED_EDGE('',*,*,#1086,.F.);
#1960 = PLANE('',#1961);
#1961 = AXIS2_PLACEMENT_3D('',#1962,#1963,#1964);
#1962 = CARTESIAN_POINT('',(45.,4.9,0.));
#1963 = DIRECTION('',(1.,0.,0.));
#1964 = DIRECTION('',(0.,1.,0.));
#1965 = ADVANCED_FACE('',(#1966),#1984,.F.);
#1966 = FACE_BOUND('',#1967,.F.);
#1967 = EDGE_LOOP('',(#1968,#1976,#1977,#1978));
#1968 = ORIENTED_EDGE('',*,*,#1969,.F.);
#1969 = EDGE_CURVE('',#928,#1970,#1972,.T.);
#1970 = VERTEX_POINT('',#1971);
#1971 = CARTESIAN_POINT('',(44.41,11.31,-3.));
#1972 = LINE('',#1973,#1974);
#1973 = CARTESIAN_POINT('',(44.589223145813,11.489223145813,
    -2.091733549184));
#1974 = VECTOR('',#1975,1.);
#1975 = DIRECTION('',(-0.190062682974,-0.190062682974,-0.963199020495));
#1976 = ORIENTED_EDGE('',*,*,#935,.T.);
#1977 = ORIENTED_EDGE('',*,*,#1030,.T.);
#1978 = ORIENTED_EDGE('',*,*,#1979,.F.);
#1979 = EDGE_CURVE('',#1970,#1031,#1980,.T.);
#1980 = LINE('',#1981,#1982);
#1981 = CARTESIAN_POINT('',(45.,11.31,-3.));
#1982 = VECTOR('',#1983,1.);
#1983 = DIRECTION('',(-1.,0.,0.));
#1984 = PLANE('',#1985);
#1985 = AXIS2_PLACEMENT_3D('',#1986,#1987,#1988);
#1986 = CARTESIAN_POINT('',(45.,11.605,-1.505));
#1987 = DIRECTION('',(0.,-0.981082229058,0.193591476637));
#1988 = DIRECTION('',(-1.,0.,0.));
#1989 = ADVANCED_FACE('',(#1990),#2001,.F.);
#1990 = FACE_BOUND('',#1991,.F.);
#1991 = EDGE_LOOP('',(#1992,#1993,#1994,#2000));
#1992 = ORIENTED_EDGE('',*,*,#960,.T.);
#1993 = ORIENTED_EDGE('',*,*,#1430,.T.);
#1994 = ORIENTED_EDGE('',*,*,#1995,.T.);
#1995 = EDGE_CURVE('',#1431,#1533,#1996,.T.);
#1996 = LINE('',#1997,#1998);
#1997 = CARTESIAN_POINT('',(170.,49.3,0.));
#1998 = VECTOR('',#1999,1.);
#1999 = DIRECTION('',(-1.,0.,0.));
#2000 = ORIENTED_EDGE('',*,*,#1540,.F.);
#2001 = PLANE('',#2002);
#2002 = AXIS2_PLACEMENT_3D('',#2003,#2004,#2005);
#2003 = CARTESIAN_POINT('',(85.,75.,0.));
#2004 = DIRECTION('',(0.,0.,1.));
#2005 = DIRECTION('',(1.,0.,0.));
#2006 = ADVANCED_FACE('',(#2007),#2032,.T.);
#2007 = FACE_BOUND('',#2008,.T.);
#2008 = EDGE_LOOP('',(#2009,#2017,#2018,#2026));
#2009 = ORIENTED_EDGE('',*,*,#2010,.F.);
#2010 = EDGE_CURVE('',#977,#2011,#2013,.T.);
#2011 = VERTEX_POINT('',#2012);
#2012 = CARTESIAN_POINT('',(125.59,11.31,-3.));
#2013 = LINE('',#2014,#2015);
#2014 = CARTESIAN_POINT('',(125.41077685418,11.489223145813,
    -2.091733549184));
#2015 = VECTOR('',#2016,1.);
#2016 = DIRECTION('',(0.190062682974,-0.190062682974,-0.963199020495));
#2017 = ORIENTED_EDGE('',*,*,#976,.T.);
#2018 = ORIENTED_EDGE('',*,*,#2019,.T.);
#2019 = EDGE_CURVE('',#969,#2020,#2022,.T.);
#2020 = VERTEX_POINT('',#2021);
#2021 = CARTESIAN_POINT('',(169.41,11.31,-3.));
#2022 = LINE('',#2023,#2024);
#2023 = CARTESIAN_POINT('',(168.90287050008,10.802870500088,
    -5.57002916057));
#2024 = VECTOR('',#2025,1.);
#2025 = DIRECTION('',(-0.190062682974,-0.190062682974,-0.963199020495));
#2026 = ORIENTED_EDGE('',*,*,#2027,.F.);
#2027 = EDGE_CURVE('',#2011,#2020,#2028,.T.);
#2028 = LINE('',#2029,#2030);
#2029 = CARTESIAN_POINT('',(125.,11.31,-3.));
#2030 = VECTOR('',#2031,1.);
#2031 = DIRECTION('',(1.,0.,0.));
#2032 = PLANE('',#2033);
#2033 = AXIS2_PLACEMENT_3D('',#2034,#2035,#2036);
#2034 = CARTESIAN_POINT('',(125.,11.605,-1.505));
#2035 = DIRECTION('',(0.,0.981082229058,-0.193591476637));
#2036 = DIRECTION('',(1.,0.,0.));
#2037 = ADVANCED_FACE('',(#2038),#2056,.F.);
#2038 = FACE_BOUND('',#2039,.F.);
#2039 = EDGE_LOOP('',(#2040,#2048,#2054,#2055));
#2040 = ORIENTED_EDGE('',*,*,#2041,.T.);
#2041 = EDGE_CURVE('',#1072,#2042,#2044,.T.);
#2042 = VERTEX_POINT('',#2043);
#2043 = CARTESIAN_POINT('',(125.,4.9,-9.999999999999E-03));
#2044 = LINE('',#2045,#2046);
#2045 = CARTESIAN_POINT('',(125.,4.9,0.));
#2046 = VECTOR('',#2047,1.);
#2047 = DIRECTION('',(0.,0.,-1.));
#2048 = ORIENTED_EDGE('',*,*,#2049,.T.);
#2049 = EDGE_CURVE('',#2042,#977,#2050,.T.);
#2050 = LINE('',#2051,#2052);
#2051 = CARTESIAN_POINT('',(125.,4.9,-1.E-02));
#2052 = VECTOR('',#2053,1.);
#2053 = DIRECTION('',(0.,1.,0.));
#2054 = ORIENTED_EDGE('',*,*,#984,.F.);
#2055 = ORIENTED_EDGE('',*,*,#1079,.F.);
#2056 = PLANE('',#2057);
#2057 = AXIS2_PLACEMENT_3D('',#2058,#2059,#2060);
#2058 = CARTESIAN_POINT('',(125.,4.9,0.));
#2059 = DIRECTION('',(1.,0.,0.));
#2060 = DIRECTION('',(0.,1.,0.));
#2061 = ADVANCED_FACE('',(#2062,#2080),#2091,.F.);
#2062 = FACE_BOUND('',#2063,.F.);
#2063 = EDGE_LOOP('',(#2064,#2072,#2073,#2074));
#2064 = ORIENTED_EDGE('',*,*,#2065,.T.);
#2065 = EDGE_CURVE('',#2066,#1970,#2068,.T.);
#2066 = VERTEX_POINT('',#2067);
#2067 = CARTESIAN_POINT('',(44.41,5.49,-3.));
#2068 = LINE('',#2069,#2070);
#2069 = CARTESIAN_POINT('',(44.41,4.9,-3.));
#2070 = VECTOR('',#2071,1.);
#2071 = DIRECTION('',(0.,1.,0.));
#2072 = ORIENTED_EDGE('',*,*,#1979,.T.);
#2073 = ORIENTED_EDGE('',*,*,#1047,.T.);
#2074 = ORIENTED_EDGE('',*,*,#2075,.T.);
#2075 = EDGE_CURVE('',#1040,#2066,#2076,.T.);
#2076 = LINE('',#2077,#2078);
#2077 = CARTESIAN_POINT('',(0.,5.49,-3.));
#2078 = VECTOR('',#2079,1.);
#2079 = DIRECTION('',(1.,0.,0.));
#2080 = FACE_BOUND('',#2081,.F.);
#2081 = EDGE_LOOP('',(#2082));
#2082 = ORIENTED_EDGE('',*,*,#2083,.F.);
#2083 = EDGE_CURVE('',#2084,#2084,#2086,.T.);
#2084 = VERTEX_POINT('',#2085);
#2085 = CARTESIAN_POINT('',(40.75,8.4,-3.));
#2086 = CIRCLE('',#2087,2.75);
#2087 = AXIS2_PLACEMENT_3D('',#2088,#2089,#2090);
#2088 = CARTESIAN_POINT('',(38.,8.4,-3.));
#2089 = DIRECTION('',(0.,0.,1.));
#2090 = DIRECTION('',(1.,0.,0.));
#2091 = PLANE('',#2092);
#2092 = AXIS2_PLACEMENT_3D('',#2093,#2094,#2095);
#2093 = CARTESIAN_POINT('',(85.,75.,-3.));
#2094 = DIRECTION('',(0.,0.,1.));
#2095 = DIRECTION('',(1.,0.,0.));
#2096 = ADVANCED_FACE('',(#2097),#2108,.F.);
#2097 = FACE_BOUND('',#2098,.F.);
#2098 = EDGE_LOOP('',(#2099,#2100,#2101,#2107));
#2099 = ORIENTED_EDGE('',*,*,#1039,.F.);
#2100 = ORIENTED_EDGE('',*,*,#1109,.T.);
#2101 = ORIENTED_EDGE('',*,*,#2102,.T.);
#2102 = EDGE_CURVE('',#1110,#2066,#2103,.T.);
#2103 = LINE('',#2104,#2105);
#2104 = CARTESIAN_POINT('',(43.902870500088,5.997129499912,
    -5.57002916057));
#2105 = VECTOR('',#2106,1.);
#2106 = DIRECTION('',(-0.190062682974,0.190062682974,-0.963199020495));
#2107 = ORIENTED_EDGE('',*,*,#2075,.F.);
#2108 = PLANE('',#2109);
#2109 = AXIS2_PLACEMENT_3D('',#2110,#2111,#2112);
#2110 = CARTESIAN_POINT('',(0.,5.195,-1.505));
#2111 = DIRECTION('',(0.,0.981082229058,0.193591476637));
#2112 = DIRECTION('',(1.,0.,0.));
#2113 = ADVANCED_FACE('',(#2114),#2125,.F.);
#2114 = FACE_BOUND('',#2115,.F.);
#2115 = EDGE_LOOP('',(#2116,#2117,#2123,#2124));
#2116 = ORIENTED_EDGE('',*,*,#1415,.T.);
#2117 = ORIENTED_EDGE('',*,*,#2118,.T.);
#2118 = EDGE_CURVE('',#1416,#2042,#2119,.T.);
#2119 = LINE('',#2120,#2121);
#2120 = CARTESIAN_POINT('',(170.,4.9,-1.E-02));
#2121 = VECTOR('',#2122,1.);
#2122 = DIRECTION('',(-1.,0.,0.));
#2123 = ORIENTED_EDGE('',*,*,#2041,.F.);
#2124 = ORIENTED_EDGE('',*,*,#1071,.F.);
#2125 = PLANE('',#2126);
#2126 = AXIS2_PLACEMENT_3D('',#2127,#2128,#2129);
#2127 = CARTESIAN_POINT('',(170.,4.9,0.));
#2128 = DIRECTION('',(0.,1.,0.));
#2129 = DIRECTION('',(-1.,0.,0.));
#2130 = ADVANCED_FACE('',(#2131,#2134),#2137,.T.);
#2131 = FACE_BOUND('',#2132,.T.);
#2132 = EDGE_LOOP('',(#2133));
#2133 = ORIENTED_EDGE('',*,*,#1792,.T.);
#2134 = FACE_BOUND('',#2135,.T.);
#2135 = EDGE_LOOP('',(#2136));
#2136 = ORIENTED_EDGE('',*,*,#1226,.F.);
#2137 = PLANE('',#2138);
#2138 = AXIS2_PLACEMENT_3D('',#2139,#2140,#2141);
#2139 = CARTESIAN_POINT('',(85.,75.,7.));
#2140 = DIRECTION('',(0.,0.,1.));
#2141 = DIRECTION('',(1.,0.,0.));
#2142 = ADVANCED_FACE('',(#2143),#2149,.F.);
#2143 = FACE_BOUND('',#2144,.F.);
#2144 = EDGE_LOOP('',(#2145,#2146,#2147,#2148));
#2145 = ORIENTED_EDGE('',*,*,#1253,.F.);
#2146 = ORIENTED_EDGE('',*,*,#1276,.T.);
#2147 = ORIENTED_EDGE('',*,*,#1558,.T.);
#2148 = ORIENTED_EDGE('',*,*,#1585,.F.);
#2149 = PLANE('',#2150);
#2150 = AXIS2_PLACEMENT_3D('',#2151,#2152,#2153);
#2151 = CARTESIAN_POINT('',(44.704999999999,138.1,-1.505));
#2152 = DIRECTION('',(-0.981082229058,1.E-17,0.193591476637));
#2153 = DIRECTION('',(1.018559888885E-17,1.,-3.662319211326E-20));
#2154 = ADVANCED_FACE('',(#2155),#2173,.T.);
#2155 = FACE_BOUND('',#2156,.T.);
#2156 = EDGE_LOOP('',(#2157,#2158,#2159,#2167));
#2157 = ORIENTED_EDGE('',*,*,#1325,.F.);
#2158 = ORIENTED_EDGE('',*,*,#1293,.T.);
#2159 = ORIENTED_EDGE('',*,*,#2160,.T.);
#2160 = EDGE_CURVE('',#1294,#2161,#2163,.T.);
#2161 = VERTEX_POINT('',#2162);
#2162 = CARTESIAN_POINT('',(125.59,144.51,-3.));
#2163 = LINE('',#2164,#2165);
#2164 = CARTESIAN_POINT('',(125.41077685418,144.68922314581,
    -2.091733549184));
#2165 = VECTOR('',#2166,1.);
#2166 = DIRECTION('',(0.190062682974,-0.190062682974,-0.963199020495));
#2167 = ORIENTED_EDGE('',*,*,#2168,.F.);
#2168 = EDGE_CURVE('',#1326,#2161,#2169,.T.);
#2169 = LINE('',#2170,#2171);
#2170 = CARTESIAN_POINT('',(125.59,138.1,-3.));
#2171 = VECTOR('',#2172,1.);
#2172 = DIRECTION('',(0.,1.,0.));
#2173 = PLANE('',#2174);
#2174 = AXIS2_PLACEMENT_3D('',#2175,#2176,#2177);
#2175 = CARTESIAN_POINT('',(125.295,138.1,-1.505));
#2176 = DIRECTION('',(-0.981082229058,-1.E-17,-0.193591476637));
#2177 = DIRECTION('',(-1.018559888885E-17,1.,-3.662319211326E-20));
#2178 = ADVANCED_FACE('',(#2179),#2197,.T.);
#2179 = FACE_BOUND('',#2180,.T.);
#2180 = EDGE_LOOP('',(#2181,#2189,#2190,#2191));
#2181 = ORIENTED_EDGE('',*,*,#2182,.F.);
#2182 = EDGE_CURVE('',#1397,#2183,#2185,.T.);
#2183 = VERTEX_POINT('',#2184);
#2184 = CARTESIAN_POINT('',(169.41,144.51,-3.));
#2185 = LINE('',#2186,#2187);
#2186 = CARTESIAN_POINT('',(168.90287050008,144.00287050008,
    -5.57002916057));
#2187 = VECTOR('',#2188,1.);
#2188 = DIRECTION('',(-0.190062682974,-0.190062682974,-0.963199020495));
#2189 = ORIENTED_EDGE('',*,*,#1396,.T.);
#2190 = ORIENTED_EDGE('',*,*,#1316,.T.);
#2191 = ORIENTED_EDGE('',*,*,#2192,.F.);
#2192 = EDGE_CURVE('',#2183,#1317,#2193,.T.);
#2193 = LINE('',#2194,#2195);
#2194 = CARTESIAN_POINT('',(169.41,145.1,-3.));
#2195 = VECTOR('',#2196,1.);
#2196 = DIRECTION('',(0.,-1.,0.));
#2197 = PLANE('',#2198);
#2198 = AXIS2_PLACEMENT_3D('',#2199,#2200,#2201);
#2199 = CARTESIAN_POINT('',(169.705,145.1,-1.505));
#2200 = DIRECTION('',(0.981082229058,1.E-17,-0.193591476637));
#2201 = DIRECTION('',(1.018559888885E-17,-1.,-3.662319211326E-20));
#2202 = ADVANCED_FACE('',(#2203,#2214),#2225,.F.);
#2203 = FACE_BOUND('',#2204,.F.);
#2204 = EDGE_LOOP('',(#2205,#2211,#2212,#2213));
#2205 = ORIENTED_EDGE('',*,*,#2206,.F.);
#2206 = EDGE_CURVE('',#2161,#2183,#2207,.T.);
#2207 = LINE('',#2208,#2209);
#2208 = CARTESIAN_POINT('',(125.,144.51,-3.));
#2209 = VECTOR('',#2210,1.);
#2210 = DIRECTION('',(1.,0.,0.));
#2211 = ORIENTED_EDGE('',*,*,#2168,.F.);
#2212 = ORIENTED_EDGE('',*,*,#1333,.F.);
#2213 = ORIENTED_EDGE('',*,*,#2192,.F.);
#2214 = FACE_BOUND('',#2215,.F.);
#2215 = EDGE_LOOP('',(#2216));
#2216 = ORIENTED_EDGE('',*,*,#2217,.F.);
#2217 = EDGE_CURVE('',#2218,#2218,#2220,.T.);
#2218 = VERTEX_POINT('',#2219);
#2219 = CARTESIAN_POINT('',(134.75,141.6,-3.));
#2220 = CIRCLE('',#2221,2.75);
#2221 = AXIS2_PLACEMENT_3D('',#2222,#2223,#2224);
#2222 = CARTESIAN_POINT('',(132.,141.6,-3.));
#2223 = DIRECTION('',(0.,0.,1.));
#2224 = DIRECTION('',(1.,0.,0.));
#2225 = PLANE('',#2226);
#2226 = AXIS2_PLACEMENT_3D('',#2227,#2228,#2229);
#2227 = CARTESIAN_POINT('',(85.,75.,-3.));
#2228 = DIRECTION('',(0.,0.,1.));
#2229 = DIRECTION('',(1.,0.,0.));
#2230 = ADVANCED_FACE('',(#2231),#2247,.F.);
#2231 = FACE_BOUND('',#2232,.F.);
#2232 = EDGE_LOOP('',(#2233,#2239,#2240,#2246));
#2233 = ORIENTED_EDGE('',*,*,#2234,.T.);
#2234 = EDGE_CURVE('',#1517,#1350,#2235,.T.);
#2235 = LINE('',#2236,#2237);
#2236 = CARTESIAN_POINT('',(157.599,56.3,-1.E-02));
#2237 = VECTOR('',#2238,1.);
#2238 = DIRECTION('',(1.,0.,0.));
#2239 = ORIENTED_EDGE('',*,*,#1347,.F.);
#2240 = ORIENTED_EDGE('',*,*,#2241,.F.);
#2241 = EDGE_CURVE('',#1509,#1348,#2242,.T.);
#2242 = LINE('',#2243,#2244);
#2243 = CARTESIAN_POINT('',(157.,56.3,0.));
#2244 = VECTOR('',#2245,1.);
#2245 = DIRECTION('',(1.,0.,0.));
#2246 = ORIENTED_EDGE('',*,*,#1516,.T.);
#2247 = PLANE('',#2248);
#2248 = AXIS2_PLACEMENT_3D('',#2249,#2250,#2251);
#2249 = CARTESIAN_POINT('',(157.,56.3,0.));
#2250 = DIRECTION('',(0.,-1.,0.));
#2251 = DIRECTION('',(1.,0.,0.));
#2252 = ADVANCED_FACE('',(#2253),#2278,.F.);
#2253 = FACE_BOUND('',#2254,.T.);
#2254 = EDGE_LOOP('',(#2255,#2265,#2271,#2272));
#2255 = ORIENTED_EDGE('',*,*,#2256,.F.);
#2256 = EDGE_CURVE('',#2257,#2259,#2261,.T.);
#2257 = VERTEX_POINT('',#2258);
#2258 = CARTESIAN_POINT('',(169.401,55.701,-3.));
#2259 = VERTEX_POINT('',#2260);
#2260 = CARTESIAN_POINT('',(169.401,49.9,-3.));
#2261 = LINE('',#2262,#2263);
#2262 = CARTESIAN_POINT('',(169.401,56.3,-3.));
#2263 = VECTOR('',#2264,1.);
#2264 = DIRECTION('',(0.,-1.,0.));
#2265 = ORIENTED_EDGE('',*,*,#2266,.F.);
#2266 = EDGE_CURVE('',#1350,#2257,#2267,.T.);
#2267 = LINE('',#2268,#2269);
#2268 = CARTESIAN_POINT('',(169.48126723624,55.781267236243,
    -2.599333829103));
#2269 = VECTOR('',#2270,1.);
#2270 = DIRECTION('',(-0.192748018503,-0.192748018503,-0.962131177504));
#2271 = ORIENTED_EDGE('',*,*,#1446,.T.);
#2272 = ORIENTED_EDGE('',*,*,#2273,.T.);
#2273 = EDGE_CURVE('',#1439,#2259,#2274,.T.);
#2274 = LINE('',#2275,#2276);
#2275 = CARTESIAN_POINT('',(169.58141196397,49.719286847437,
    -2.099446123063));
#2276 = VECTOR('',#2277,1.);
#2277 = DIRECTION('',(-0.192736054821,0.193057817851,-0.962071458957));
#2278 = PLANE('',#2279);
#2279 = AXIS2_PLACEMENT_3D('',#2280,#2281,#2282);
#2280 = CARTESIAN_POINT('',(169.7005,56.3,-1.505));
#2281 = DIRECTION('',(-0.98051756109,1.E-17,0.196431444513));
#2282 = DIRECTION('',(1.019102873484E-17,1.,-3.826963617647E-20));
#2283 = ADVANCED_FACE('',(#2284),#2295,.F.);
#2284 = FACE_BOUND('',#2285,.F.);
#2285 = EDGE_LOOP('',(#2286,#2287,#2288,#2294));
#2286 = ORIENTED_EDGE('',*,*,#2241,.T.);
#2287 = ORIENTED_EDGE('',*,*,#1357,.T.);
#2288 = ORIENTED_EDGE('',*,*,#2289,.T.);
#2289 = EDGE_CURVE('',#1358,#1501,#2290,.T.);
#2290 = LINE('',#2291,#2292);
#2291 = CARTESIAN_POINT('',(170.,93.7,0.));
#2292 = VECTOR('',#2293,1.);
#2293 = DIRECTION('',(-1.,0.,0.));
#2294 = ORIENTED_EDGE('',*,*,#1508,.F.);
#2295 = PLANE('',#2296);
#2296 = AXIS2_PLACEMENT_3D('',#2297,#2298,#2299);
#2297 = CARTESIAN_POINT('',(85.,75.,0.));
#2298 = DIRECTION('',(0.,0.,1.));
#2299 = DIRECTION('',(1.,0.,0.));
#2300 = ADVANCED_FACE('',(#2301),#2312,.F.);
#2301 = FACE_BOUND('',#2302,.F.);
#2302 = EDGE_LOOP('',(#2303,#2304,#2310,#2311));
#2303 = ORIENTED_EDGE('',*,*,#1438,.T.);
#2304 = ORIENTED_EDGE('',*,*,#2305,.T.);
#2305 = EDGE_CURVE('',#1439,#1525,#2306,.T.);
#2306 = LINE('',#2307,#2308);
#2307 = CARTESIAN_POINT('',(170.,49.3,-1.E-02));
#2308 = VECTOR('',#2309,1.);
#2309 = DIRECTION('',(-1.,0.,0.));
#2310 = ORIENTED_EDGE('',*,*,#1532,.F.);
#2311 = ORIENTED_EDGE('',*,*,#1995,.F.);
#2312 = PLANE('',#2313);
#2313 = AXIS2_PLACEMENT_3D('',#2314,#2315,#2316);
#2314 = CARTESIAN_POINT('',(170.,49.3,0.));
#2315 = DIRECTION('',(0.,1.,0.));
#2316 = DIRECTION('',(-1.,0.,0.));
#2317 = ADVANCED_FACE('',(#2318),#2329,.F.);
#2318 = FACE_BOUND('',#2319,.F.);
#2319 = EDGE_LOOP('',(#2320,#2321,#2327,#2328));
#2320 = ORIENTED_EDGE('',*,*,#1365,.T.);
#2321 = ORIENTED_EDGE('',*,*,#2322,.T.);
#2322 = EDGE_CURVE('',#1366,#1493,#2323,.T.);
#2323 = LINE('',#2324,#2325);
#2324 = CARTESIAN_POINT('',(170.,93.7,-1.E-02));
#2325 = VECTOR('',#2326,1.);
#2326 = DIRECTION('',(-1.,0.,0.));
#2327 = ORIENTED_EDGE('',*,*,#1500,.F.);
#2328 = ORIENTED_EDGE('',*,*,#2289,.F.);
#2329 = PLANE('',#2330);
#2330 = AXIS2_PLACEMENT_3D('',#2331,#2332,#2333);
#2331 = CARTESIAN_POINT('',(170.,93.7,0.));
#2332 = DIRECTION('',(0.,1.,0.));
#2333 = DIRECTION('',(-1.,0.,0.));
#2334 = ADVANCED_FACE('',(#2335),#2360,.F.);
#2335 = FACE_BOUND('',#2336,.T.);
#2336 = EDGE_LOOP('',(#2337,#2347,#2353,#2354));
#2337 = ORIENTED_EDGE('',*,*,#2338,.F.);
#2338 = EDGE_CURVE('',#2339,#2341,#2343,.T.);
#2339 = VERTEX_POINT('',#2340);
#2340 = CARTESIAN_POINT('',(169.401,100.101,-3.));
#2341 = VERTEX_POINT('',#2342);
#2342 = CARTESIAN_POINT('',(169.401,94.3,-3.));
#2343 = LINE('',#2344,#2345);
#2344 = CARTESIAN_POINT('',(169.401,100.7,-3.));
#2345 = VECTOR('',#2346,1.);
#2346 = DIRECTION('',(0.,-1.,0.));
#2347 = ORIENTED_EDGE('',*,*,#2348,.F.);
#2348 = EDGE_CURVE('',#1374,#2339,#2349,.T.);
#2349 = LINE('',#2350,#2351);
#2350 = CARTESIAN_POINT('',(169.48126723624,100.18126723624,
    -2.599333829103));
#2351 = VECTOR('',#2352,1.);
#2352 = DIRECTION('',(-0.192748018503,-0.192748018503,-0.962131177504));
#2353 = ORIENTED_EDGE('',*,*,#1373,.T.);
#2354 = ORIENTED_EDGE('',*,*,#2355,.T.);
#2355 = EDGE_CURVE('',#1366,#2341,#2356,.T.);
#2356 = LINE('',#2357,#2358);
#2357 = CARTESIAN_POINT('',(169.58141196397,94.119286847437,
    -2.099446123063));
#2358 = VECTOR('',#2359,1.);
#2359 = DIRECTION('',(-0.192736054821,0.193057817851,-0.962071458957));
#2360 = PLANE('',#2361);
#2361 = AXIS2_PLACEMENT_3D('',#2362,#2363,#2364);
#2362 = CARTESIAN_POINT('',(169.7005,100.7,-1.505));
#2363 = DIRECTION('',(-0.98051756109,1.E-17,0.196431444513));
#2364 = DIRECTION('',(1.019102873484E-17,1.,-3.826963617647E-20));
#2365 = ADVANCED_FACE('',(#2366),#2377,.F.);
#2366 = FACE_BOUND('',#2367,.F.);
#2367 = EDGE_LOOP('',(#2368,#2374,#2375,#2376));
#2368 = ORIENTED_EDGE('',*,*,#2369,.T.);
#2369 = EDGE_CURVE('',#1485,#1374,#2370,.T.);
#2370 = LINE('',#2371,#2372);
#2371 = CARTESIAN_POINT('',(157.599,100.7,-1.E-02));
#2372 = VECTOR('',#2373,1.);
#2373 = DIRECTION('',(1.,0.,0.));
#2374 = ORIENTED_EDGE('',*,*,#1381,.F.);
#2375 = ORIENTED_EDGE('',*,*,#1460,.F.);
#2376 = ORIENTED_EDGE('',*,*,#1484,.T.);
#2377 = PLANE('',#2378);
#2378 = AXIS2_PLACEMENT_3D('',#2379,#2380,#2381);
#2379 = CARTESIAN_POINT('',(157.,100.7,0.));
#2380 = DIRECTION('',(0.,-1.,0.));
#2381 = DIRECTION('',(1.,0.,0.));
#2382 = ADVANCED_FACE('',(#2383),#2401,.T.);
#2383 = FACE_BOUND('',#2384,.T.);
#2384 = EDGE_LOOP('',(#2385,#2386,#2387,#2395));
#2385 = ORIENTED_EDGE('',*,*,#2019,.F.);
#2386 = ORIENTED_EDGE('',*,*,#1423,.T.);
#2387 = ORIENTED_EDGE('',*,*,#2388,.T.);
#2388 = EDGE_CURVE('',#1416,#2389,#2391,.T.);
#2389 = VERTEX_POINT('',#2390);
#2390 = CARTESIAN_POINT('',(169.41,5.49,-3.));
#2391 = LINE('',#2392,#2393);
#2392 = CARTESIAN_POINT('',(169.58922314581,5.310776854187,
    -2.091733549184));
#2393 = VECTOR('',#2394,1.);
#2394 = DIRECTION('',(-0.190062682974,0.190062682974,-0.963199020495));
#2395 = ORIENTED_EDGE('',*,*,#2396,.F.);
#2396 = EDGE_CURVE('',#2020,#2389,#2397,.T.);
#2397 = LINE('',#2398,#2399);
#2398 = CARTESIAN_POINT('',(169.41,11.9,-3.));
#2399 = VECTOR('',#2400,1.);
#2400 = DIRECTION('',(0.,-1.,0.));
#2401 = PLANE('',#2402);
#2402 = AXIS2_PLACEMENT_3D('',#2403,#2404,#2405);
#2403 = CARTESIAN_POINT('',(169.705,11.9,-1.505));
#2404 = DIRECTION('',(0.981082229058,1.E-17,-0.193591476637));
#2405 = DIRECTION('',(1.018559888885E-17,-1.,-3.662319211326E-20));
#2406 = ADVANCED_FACE('',(#2407),#2432,.F.);
#2407 = FACE_BOUND('',#2408,.T.);
#2408 = EDGE_LOOP('',(#2409,#2419,#2425,#2426));
#2409 = ORIENTED_EDGE('',*,*,#2410,.F.);
#2410 = EDGE_CURVE('',#2411,#2413,#2415,.T.);
#2411 = VERTEX_POINT('',#2412);
#2412 = CARTESIAN_POINT('',(157.599,94.3,-3.));
#2413 = VERTEX_POINT('',#2414);
#2414 = CARTESIAN_POINT('',(157.599,100.101,-3.));
#2415 = LINE('',#2416,#2417);
#2416 = CARTESIAN_POINT('',(157.599,94.3,-3.));
#2417 = VECTOR('',#2418,1.);
#2418 = DIRECTION('',(0.,1.,0.));
#2419 = ORIENTED_EDGE('',*,*,#2420,.F.);
#2420 = EDGE_CURVE('',#1493,#2411,#2421,.T.);
#2421 = LINE('',#2422,#2423);
#2422 = CARTESIAN_POINT('',(157.54097530347,94.241878434203,
    -2.710360863777));
#2423 = VECTOR('',#2424,1.);
#2424 = DIRECTION('',(0.192736054821,0.193057817851,-0.962071458957));
#2425 = ORIENTED_EDGE('',*,*,#1492,.T.);
#2426 = ORIENTED_EDGE('',*,*,#2427,.T.);
#2427 = EDGE_CURVE('',#1485,#2413,#2428,.T.);
#2428 = LINE('',#2429,#2430);
#2429 = CARTESIAN_POINT('',(157.41838575563,100.28161424436,
    -2.098436409614));
#2430 = VECTOR('',#2431,1.);
#2431 = DIRECTION('',(0.192748018503,-0.192748018503,-0.962131177504));
#2432 = PLANE('',#2433);
#2433 = AXIS2_PLACEMENT_3D('',#2434,#2435,#2436);
#2434 = CARTESIAN_POINT('',(157.2995,94.3,-1.505));
#2435 = DIRECTION('',(0.98051756109,-1.E-17,0.196431444513));
#2436 = DIRECTION('',(-1.019102873484E-17,-1.,-3.826963617647E-20));
#2437 = ADVANCED_FACE('',(#2438),#2463,.F.);
#2438 = FACE_BOUND('',#2439,.T.);
#2439 = EDGE_LOOP('',(#2440,#2450,#2456,#2457));
#2440 = ORIENTED_EDGE('',*,*,#2441,.F.);
#2441 = EDGE_CURVE('',#2442,#2444,#2446,.T.);
#2442 = VERTEX_POINT('',#2443);
#2443 = CARTESIAN_POINT('',(157.599,49.9,-3.));
#2444 = VERTEX_POINT('',#2445);
#2445 = CARTESIAN_POINT('',(157.599,55.701,-3.));
#2446 = LINE('',#2447,#2448);
#2447 = CARTESIAN_POINT('',(157.599,49.9,-3.));
#2448 = VECTOR('',#2449,1.);
#2449 = DIRECTION('',(0.,1.,0.));
#2450 = ORIENTED_EDGE('',*,*,#2451,.F.);
#2451 = EDGE_CURVE('',#1525,#2442,#2452,.T.);
#2452 = LINE('',#2453,#2454);
#2453 = CARTESIAN_POINT('',(157.54097530347,49.841878434203,
    -2.710360863777));
#2454 = VECTOR('',#2455,1.);
#2455 = DIRECTION('',(0.192736054821,0.193057817851,-0.962071458957));
#2456 = ORIENTED_EDGE('',*,*,#1524,.T.);
#2457 = ORIENTED_EDGE('',*,*,#2458,.T.);
#2458 = EDGE_CURVE('',#1517,#2444,#2459,.T.);
#2459 = LINE('',#2460,#2461);
#2460 = CARTESIAN_POINT('',(157.41838575563,55.881614244362,
    -2.098436409614));
#2461 = VECTOR('',#2462,1.);
#2462 = DIRECTION('',(0.192748018503,-0.192748018503,-0.962131177504));
#2463 = PLANE('',#2464);
#2464 = AXIS2_PLACEMENT_3D('',#2465,#2466,#2467);
#2465 = CARTESIAN_POINT('',(157.2995,49.9,-1.505));
#2466 = DIRECTION('',(0.98051756109,-1.E-17,0.196431444513));
#2467 = DIRECTION('',(-1.019102873484E-17,-1.,-3.826963617647E-20));
#2468 = ADVANCED_FACE('',(#2469),#2488,.F.);
#2469 = FACE_BOUND('',#2470,.F.);
#2470 = EDGE_LOOP('',(#2471,#2480,#2486,#2487));
#2471 = ORIENTED_EDGE('',*,*,#2472,.F.);
#2472 = EDGE_CURVE('',#2473,#2473,#2475,.T.);
#2473 = VERTEX_POINT('',#2474);
#2474 = CARTESIAN_POINT('',(40.75,141.6,7.));
#2475 = CIRCLE('',#2476,2.75);
#2476 = AXIS2_PLACEMENT_3D('',#2477,#2478,#2479);
#2477 = CARTESIAN_POINT('',(38.,141.6,7.));
#2478 = DIRECTION('',(0.,0.,1.));
#2479 = DIRECTION('',(1.,0.,0.));
#2480 = ORIENTED_EDGE('',*,*,#2481,.T.);
#2481 = EDGE_CURVE('',#2473,#1594,#2482,.T.);
#2482 = LINE('',#2483,#2484);
#2483 = CARTESIAN_POINT('',(40.75,141.6,10.));
#2484 = VECTOR('',#2485,1.);
#2485 = DIRECTION('',(-0.,-0.,-1.));
#2486 = ORIENTED_EDGE('',*,*,#1593,.T.);
#2487 = ORIENTED_EDGE('',*,*,#2481,.F.);
#2488 = CYLINDRICAL_SURFACE('',#2489,2.75);
#2489 = AXIS2_PLACEMENT_3D('',#2490,#2491,#2492);
#2490 = CARTESIAN_POINT('',(38.,141.6,10.));
#2491 = DIRECTION('',(0.,0.,1.));
#2492 = DIRECTION('',(1.,0.,0.));
#2493 = ADVANCED_FACE('',(#2494),#2513,.F.);
#2494 = FACE_BOUND('',#2495,.F.);
#2495 = EDGE_LOOP('',(#2496,#2505,#2511,#2512));
#2496 = ORIENTED_EDGE('',*,*,#2497,.F.);
#2497 = EDGE_CURVE('',#2498,#2498,#2500,.T.);
#2498 = VERTEX_POINT('',#2499);
#2499 = CARTESIAN_POINT('',(10.25,52.8,7.));
#2500 = CIRCLE('',#2501,2.75);
#2501 = AXIS2_PLACEMENT_3D('',#2502,#2503,#2504);
#2502 = CARTESIAN_POINT('',(7.5,52.8,7.));
#2503 = DIRECTION('',(0.,0.,1.));
#2504 = DIRECTION('',(1.,0.,0.));
#2505 = ORIENTED_EDGE('',*,*,#2506,.T.);
#2506 = EDGE_CURVE('',#2498,#1639,#2507,.T.);
#2507 = LINE('',#2508,#2509);
#2508 = CARTESIAN_POINT('',(10.25,52.8,10.));
#2509 = VECTOR('',#2510,1.);
#2510 = DIRECTION('',(-0.,-0.,-1.));
#2511 = ORIENTED_EDGE('',*,*,#1638,.T.);
#2512 = ORIENTED_EDGE('',*,*,#2506,.F.);
#2513 = CYLINDRICAL_SURFACE('',#2514,2.75);
#2514 = AXIS2_PLACEMENT_3D('',#2515,#2516,#2517);
#2515 = CARTESIAN_POINT('',(7.5,52.8,10.));
#2516 = DIRECTION('',(0.,0.,1.));
#2517 = DIRECTION('',(1.,0.,0.));
#2518 = ADVANCED_FACE('',(#2519),#2525,.T.);
#2519 = FACE_BOUND('',#2520,.T.);
#2520 = EDGE_LOOP('',(#2521,#2522,#2523,#2524));
#2521 = ORIENTED_EDGE('',*,*,#2160,.F.);
#2522 = ORIENTED_EDGE('',*,*,#1668,.T.);
#2523 = ORIENTED_EDGE('',*,*,#2182,.T.);
#2524 = ORIENTED_EDGE('',*,*,#2206,.F.);
#2525 = PLANE('',#2526);
#2526 = AXIS2_PLACEMENT_3D('',#2527,#2528,#2529);
#2527 = CARTESIAN_POINT('',(125.,144.805,-1.505));
#2528 = DIRECTION('',(-1.E-17,0.981082229058,-0.193591476637));
#2529 = DIRECTION('',(1.,1.018559888885E-17,-3.662319211326E-20));
#2530 = ADVANCED_FACE('',(#2531,#2534),#2545,.T.);
#2531 = FACE_BOUND('',#2532,.T.);
#2532 = EDGE_LOOP('',(#2533));
#2533 = ORIENTED_EDGE('',*,*,#1692,.T.);
#2534 = FACE_BOUND('',#2535,.T.);
#2535 = EDGE_LOOP('',(#2536));
#2536 = ORIENTED_EDGE('',*,*,#2537,.F.);
#2537 = EDGE_CURVE('',#2538,#2538,#2540,.T.);
#2538 = VERTEX_POINT('',#2539);
#2539 = CARTESIAN_POINT('',(40.75,8.4,7.));
#2540 = CIRCLE('',#2541,2.75);
#2541 = AXIS2_PLACEMENT_3D('',#2542,#2543,#2544);
#2542 = CARTESIAN_POINT('',(38.,8.4,7.));
#2543 = DIRECTION('',(0.,0.,1.));
#2544 = DIRECTION('',(1.,0.,0.));
#2545 = PLANE('',#2546);
#2546 = AXIS2_PLACEMENT_3D('',#2547,#2548,#2549);
#2547 = CARTESIAN_POINT('',(85.,75.,7.));
#2548 = DIRECTION('',(0.,0.,1.));
#2549 = DIRECTION('',(1.,0.,0.));
#2550 = ADVANCED_FACE('',(#2551,#2554),#2557,.T.);
#2551 = FACE_BOUND('',#2552,.T.);
#2552 = EDGE_LOOP('',(#2553));
#2553 = ORIENTED_EDGE('',*,*,#1717,.T.);
#2554 = FACE_BOUND('',#2555,.T.);
#2555 = EDGE_LOOP('',(#2556));
#2556 = ORIENTED_EDGE('',*,*,#2497,.F.);
#2557 = PLANE('',#2558);
#2558 = AXIS2_PLACEMENT_3D('',#2559,#2560,#2561);
#2559 = CARTESIAN_POINT('',(85.,75.,7.));
#2560 = DIRECTION('',(0.,0.,1.));
#2561 = DIRECTION('',(1.,0.,0.));
#2562 = ADVANCED_FACE('',(#2563,#2566),#2577,.T.);
#2563 = FACE_BOUND('',#2564,.T.);
#2564 = EDGE_LOOP('',(#2565));
#2565 = ORIENTED_EDGE('',*,*,#1742,.T.);
#2566 = FACE_BOUND('',#2567,.T.);
#2567 = EDGE_LOOP('',(#2568));
#2568 = ORIENTED_EDGE('',*,*,#2569,.F.);
#2569 = EDGE_CURVE('',#2570,#2570,#2572,.T.);
#2570 = VERTEX_POINT('',#2571);
#2571 = CARTESIAN_POINT('',(134.75,8.4,7.));
#2572 = CIRCLE('',#2573,2.75);
#2573 = AXIS2_PLACEMENT_3D('',#2574,#2575,#2576);
#2574 = CARTESIAN_POINT('',(132.,8.4,7.));
#2575 = DIRECTION('',(0.,0.,1.));
#2576 = DIRECTION('',(1.,0.,0.));
#2577 = PLANE('',#2578);
#2578 = AXIS2_PLACEMENT_3D('',#2579,#2580,#2581);
#2579 = CARTESIAN_POINT('',(85.,75.,7.));
#2580 = DIRECTION('',(0.,0.,1.));
#2581 = DIRECTION('',(1.,0.,0.));
#2582 = ADVANCED_FACE('',(#2583,#2586),#2597,.T.);
#2583 = FACE_BOUND('',#2584,.T.);
#2584 = EDGE_LOOP('',(#2585));
#2585 = ORIENTED_EDGE('',*,*,#1767,.T.);
#2586 = FACE_BOUND('',#2587,.T.);
#2587 = EDGE_LOOP('',(#2588));
#2588 = ORIENTED_EDGE('',*,*,#2589,.F.);
#2589 = EDGE_CURVE('',#2590,#2590,#2592,.T.);
#2590 = VERTEX_POINT('',#2591);
#2591 = CARTESIAN_POINT('',(165.25,52.8,7.));
#2592 = CIRCLE('',#2593,2.75);
#2593 = AXIS2_PLACEMENT_3D('',#2594,#2595,#2596);
#2594 = CARTESIAN_POINT('',(162.5,52.8,7.));
#2595 = DIRECTION('',(0.,0.,1.));
#2596 = DIRECTION('',(1.,0.,0.));
#2597 = PLANE('',#2598);
#2598 = AXIS2_PLACEMENT_3D('',#2599,#2600,#2601);
#2599 = CARTESIAN_POINT('',(85.,75.,7.));
#2600 = DIRECTION('',(0.,0.,1.));
#2601 = DIRECTION('',(1.,0.,0.));
#2602 = ADVANCED_FACE('',(#2603,#2606),#2609,.T.);
#2603 = FACE_BOUND('',#2604,.T.);
#2604 = EDGE_LOOP('',(#2605));
#2605 = ORIENTED_EDGE('',*,*,#1817,.T.);
#2606 = FACE_BOUND('',#2607,.T.);
#2607 = EDGE_LOOP('',(#2608));
#2608 = ORIENTED_EDGE('',*,*,#2472,.F.);
#2609 = PLANE('',#2610);
#2610 = AXIS2_PLACEMENT_3D('',#2611,#2612,#2613);
#2611 = CARTESIAN_POINT('',(85.,75.,7.));
#2612 = DIRECTION('',(0.,0.,1.));
#2613 = DIRECTION('',(1.,0.,0.));
#2614 = ADVANCED_FACE('',(#2615,#2618),#2629,.T.);
#2615 = FACE_BOUND('',#2616,.T.);
#2616 = EDGE_LOOP('',(#2617));
#2617 = ORIENTED_EDGE('',*,*,#1910,.T.);
#2618 = FACE_BOUND('',#2619,.T.);
#2619 = EDGE_LOOP('',(#2620));
#2620 = ORIENTED_EDGE('',*,*,#2621,.F.);
#2621 = EDGE_CURVE('',#2622,#2622,#2624,.T.);
#2622 = VERTEX_POINT('',#2623);
#2623 = CARTESIAN_POINT('',(165.25,97.2,7.));
#2624 = CIRCLE('',#2625,2.75);
#2625 = AXIS2_PLACEMENT_3D('',#2626,#2627,#2628);
#2626 = CARTESIAN_POINT('',(162.5,97.2,7.));
#2627 = DIRECTION('',(0.,0.,1.));
#2628 = DIRECTION('',(1.,0.,0.));
#2629 = PLANE('',#2630);
#2630 = AXIS2_PLACEMENT_3D('',#2631,#2632,#2633);
#2631 = CARTESIAN_POINT('',(85.,75.,7.));
#2632 = DIRECTION('',(0.,0.,1.));
#2633 = DIRECTION('',(1.,0.,0.));
#2634 = ADVANCED_FACE('',(#2635,#2638),#2649,.T.);
#2635 = FACE_BOUND('',#2636,.T.);
#2636 = EDGE_LOOP('',(#2637));
#2637 = ORIENTED_EDGE('',*,*,#1935,.T.);
#2638 = FACE_BOUND('',#2639,.T.);
#2639 = EDGE_LOOP('',(#2640));
#2640 = ORIENTED_EDGE('',*,*,#2641,.F.);
#2641 = EDGE_CURVE('',#2642,#2642,#2644,.T.);
#2642 = VERTEX_POINT('',#2643);
#2643 = CARTESIAN_POINT('',(134.75,141.6,7.));
#2644 = CIRCLE('',#2645,2.75);
#2645 = AXIS2_PLACEMENT_3D('',#2646,#2647,#2648);
#2646 = CARTESIAN_POINT('',(132.,141.6,7.));
#2647 = DIRECTION('',(0.,0.,1.));
#2648 = DIRECTION('',(1.,0.,0.));
#2649 = PLANE('',#2650);
#2650 = AXIS2_PLACEMENT_3D('',#2651,#2652,#2653);
#2651 = CARTESIAN_POINT('',(85.,75.,7.));
#2652 = DIRECTION('',(0.,0.,1.));
#2653 = DIRECTION('',(1.,0.,0.));
#2654 = ADVANCED_FACE('',(#2655),#2661,.F.);
#2655 = FACE_BOUND('',#2656,.F.);
#2656 = EDGE_LOOP('',(#2657,#2658,#2659,#2660));
#2657 = ORIENTED_EDGE('',*,*,#2102,.F.);
#2658 = ORIENTED_EDGE('',*,*,#1953,.T.);
#2659 = ORIENTED_EDGE('',*,*,#1969,.T.);
#2660 = ORIENTED_EDGE('',*,*,#2065,.F.);
#2661 = PLANE('',#2662);
#2662 = AXIS2_PLACEMENT_3D('',#2663,#2664,#2665);
#2663 = CARTESIAN_POINT('',(44.705,4.9,-1.505));
#2664 = DIRECTION('',(-0.981082229058,1.E-17,0.193591476637));
#2665 = DIRECTION('',(1.018559888885E-17,1.,-3.662319211326E-20));
#2666 = ADVANCED_FACE('',(#2667),#2685,.T.);
#2667 = FACE_BOUND('',#2668,.T.);
#2668 = EDGE_LOOP('',(#2669,#2677,#2678,#2679));
#2669 = ORIENTED_EDGE('',*,*,#2670,.F.);
#2670 = EDGE_CURVE('',#2042,#2671,#2673,.T.);
#2671 = VERTEX_POINT('',#2672);
#2672 = CARTESIAN_POINT('',(125.59,5.49,-3.));
#2673 = LINE('',#2674,#2675);
#2674 = CARTESIAN_POINT('',(126.09712949991,5.997129499912,
    -5.57002916057));
#2675 = VECTOR('',#2676,1.);
#2676 = DIRECTION('',(0.190062682974,0.190062682974,-0.963199020495));
#2677 = ORIENTED_EDGE('',*,*,#2049,.T.);
#2678 = ORIENTED_EDGE('',*,*,#2010,.T.);
#2679 = ORIENTED_EDGE('',*,*,#2680,.F.);
#2680 = EDGE_CURVE('',#2671,#2011,#2681,.T.);
#2681 = LINE('',#2682,#2683);
#2682 = CARTESIAN_POINT('',(125.59,4.9,-3.));
#2683 = VECTOR('',#2684,1.);
#2684 = DIRECTION('',(0.,1.,0.));
#2685 = PLANE('',#2686);
#2686 = AXIS2_PLACEMENT_3D('',#2687,#2688,#2689);
#2687 = CARTESIAN_POINT('',(125.295,4.9,-1.505));
#2688 = DIRECTION('',(-0.981082229058,-1.E-17,-0.193591476637));
#2689 = DIRECTION('',(-1.018559888885E-17,1.,-3.662319211326E-20));
#2690 = ADVANCED_FACE('',(#2691,#2702),#2713,.F.);
#2691 = FACE_BOUND('',#2692,.F.);
#2692 = EDGE_LOOP('',(#2693,#2699,#2700,#2701));
#2693 = ORIENTED_EDGE('',*,*,#2694,.F.);
#2694 = EDGE_CURVE('',#2389,#2671,#2695,.T.);
#2695 = LINE('',#2696,#2697);
#2696 = CARTESIAN_POINT('',(170.,5.49,-3.));
#2697 = VECTOR('',#2698,1.);
#2698 = DIRECTION('',(-1.,0.,0.));
#2699 = ORIENTED_EDGE('',*,*,#2396,.F.);
#2700 = ORIENTED_EDGE('',*,*,#2027,.F.);
#2701 = ORIENTED_EDGE('',*,*,#2680,.F.);
#2702 = FACE_BOUND('',#2703,.F.);
#2703 = EDGE_LOOP('',(#2704));
#2704 = ORIENTED_EDGE('',*,*,#2705,.F.);
#2705 = EDGE_CURVE('',#2706,#2706,#2708,.T.);
#2706 = VERTEX_POINT('',#2707);
#2707 = CARTESIAN_POINT('',(134.75,8.4,-3.));
#2708 = CIRCLE('',#2709,2.75);
#2709 = AXIS2_PLACEMENT_3D('',#2710,#2711,#2712);
#2710 = CARTESIAN_POINT('',(132.,8.4,-3.));
#2711 = DIRECTION('',(0.,0.,1.));
#2712 = DIRECTION('',(1.,0.,0.));
#2713 = PLANE('',#2714);
#2714 = AXIS2_PLACEMENT_3D('',#2715,#2716,#2717);
#2715 = CARTESIAN_POINT('',(85.,75.,-3.));
#2716 = DIRECTION('',(0.,0.,1.));
#2717 = DIRECTION('',(1.,0.,0.));
#2718 = ADVANCED_FACE('',(#2719),#2730,.F.);
#2719 = FACE_BOUND('',#2720,.F.);
#2720 = EDGE_LOOP('',(#2721,#2722,#2728,#2729));
#2721 = ORIENTED_EDGE('',*,*,#2537,.F.);
#2722 = ORIENTED_EDGE('',*,*,#2723,.T.);
#2723 = EDGE_CURVE('',#2538,#2084,#2724,.T.);
#2724 = LINE('',#2725,#2726);
#2725 = CARTESIAN_POINT('',(40.75,8.4,10.));
#2726 = VECTOR('',#2727,1.);
#2727 = DIRECTION('',(-0.,-0.,-1.));
#2728 = ORIENTED_EDGE('',*,*,#2083,.T.);
#2729 = ORIENTED_EDGE('',*,*,#2723,.F.);
#2730 = CYLINDRICAL_SURFACE('',#2731,2.75);
#2731 = AXIS2_PLACEMENT_3D('',#2732,#2733,#2734);
#2732 = CARTESIAN_POINT('',(38.,8.4,10.));
#2733 = DIRECTION('',(0.,0.,1.));
#2734 = DIRECTION('',(1.,0.,0.));
#2735 = ADVANCED_FACE('',(#2736),#2742,.T.);
#2736 = FACE_BOUND('',#2737,.T.);
#2737 = EDGE_LOOP('',(#2738,#2739,#2740,#2741));
#2738 = ORIENTED_EDGE('',*,*,#2388,.F.);
#2739 = ORIENTED_EDGE('',*,*,#2118,.T.);
#2740 = ORIENTED_EDGE('',*,*,#2670,.T.);
#2741 = ORIENTED_EDGE('',*,*,#2694,.F.);
#2742 = PLANE('',#2743);
#2743 = AXIS2_PLACEMENT_3D('',#2744,#2745,#2746);
#2744 = CARTESIAN_POINT('',(170.,5.195,-1.505));
#2745 = DIRECTION('',(0.,-0.981082229058,-0.193591476637));
#2746 = DIRECTION('',(-1.,0.,0.));
#2747 = ADVANCED_FACE('',(#2748),#2759,.F.);
#2748 = FACE_BOUND('',#2749,.F.);
#2749 = EDGE_LOOP('',(#2750,#2751,#2757,#2758));
#2750 = ORIENTED_EDGE('',*,*,#2641,.F.);
#2751 = ORIENTED_EDGE('',*,*,#2752,.T.);
#2752 = EDGE_CURVE('',#2642,#2218,#2753,.T.);
#2753 = LINE('',#2754,#2755);
#2754 = CARTESIAN_POINT('',(134.75,141.6,10.));
#2755 = VECTOR('',#2756,1.);
#2756 = DIRECTION('',(-0.,-0.,-1.));
#2757 = ORIENTED_EDGE('',*,*,#2217,.T.);
#2758 = ORIENTED_EDGE('',*,*,#2752,.F.);
#2759 = CYLINDRICAL_SURFACE('',#2760,2.75);
#2760 = AXIS2_PLACEMENT_3D('',#2761,#2762,#2763);
#2761 = CARTESIAN_POINT('',(132.,141.6,10.));
#2762 = DIRECTION('',(0.,0.,1.));
#2763 = DIRECTION('',(1.,0.,0.));
#2764 = ADVANCED_FACE('',(#2765),#2776,.T.);
#2765 = FACE_BOUND('',#2766,.T.);
#2766 = EDGE_LOOP('',(#2767,#2768,#2769,#2770));
#2767 = ORIENTED_EDGE('',*,*,#2458,.F.);
#2768 = ORIENTED_EDGE('',*,*,#2234,.T.);
#2769 = ORIENTED_EDGE('',*,*,#2266,.T.);
#2770 = ORIENTED_EDGE('',*,*,#2771,.F.);
#2771 = EDGE_CURVE('',#2444,#2257,#2772,.T.);
#2772 = LINE('',#2773,#2774);
#2773 = CARTESIAN_POINT('',(157.599,55.701,-3.));
#2774 = VECTOR('',#2775,1.);
#2775 = DIRECTION('',(1.,0.,0.));
#2776 = PLANE('',#2777);
#2777 = AXIS2_PLACEMENT_3D('',#2778,#2779,#2780);
#2778 = CARTESIAN_POINT('',(157.599,56.0005,-1.505));
#2779 = DIRECTION('',(0.,0.98051756109,-0.196431444513));
#2780 = DIRECTION('',(1.,0.,0.));
#2781 = ADVANCED_FACE('',(#2782,#2793),#2804,.F.);
#2782 = FACE_BOUND('',#2783,.F.);
#2783 = EDGE_LOOP('',(#2784,#2785,#2786,#2787));
#2784 = ORIENTED_EDGE('',*,*,#2256,.F.);
#2785 = ORIENTED_EDGE('',*,*,#2771,.F.);
#2786 = ORIENTED_EDGE('',*,*,#2441,.F.);
#2787 = ORIENTED_EDGE('',*,*,#2788,.F.);
#2788 = EDGE_CURVE('',#2259,#2442,#2789,.T.);
#2789 = LINE('',#2790,#2791);
#2790 = CARTESIAN_POINT('',(170.,49.9,-3.));
#2791 = VECTOR('',#2792,1.);
#2792 = DIRECTION('',(-1.,0.,0.));
#2793 = FACE_BOUND('',#2794,.F.);
#2794 = EDGE_LOOP('',(#2795));
#2795 = ORIENTED_EDGE('',*,*,#2796,.F.);
#2796 = EDGE_CURVE('',#2797,#2797,#2799,.T.);
#2797 = VERTEX_POINT('',#2798);
#2798 = CARTESIAN_POINT('',(165.25,52.8,-3.));
#2799 = CIRCLE('',#2800,2.75);
#2800 = AXIS2_PLACEMENT_3D('',#2801,#2802,#2803);
#2801 = CARTESIAN_POINT('',(162.5,52.8,-3.));
#2802 = DIRECTION('',(0.,0.,1.));
#2803 = DIRECTION('',(1.,0.,0.));
#2804 = PLANE('',#2805);
#2805 = AXIS2_PLACEMENT_3D('',#2806,#2807,#2808);
#2806 = CARTESIAN_POINT('',(85.,75.,-3.));
#2807 = DIRECTION('',(0.,0.,1.));
#2808 = DIRECTION('',(1.,0.,0.));
#2809 = ADVANCED_FACE('',(#2810),#2816,.T.);
#2810 = FACE_BOUND('',#2811,.T.);
#2811 = EDGE_LOOP('',(#2812,#2813,#2814,#2815));
#2812 = ORIENTED_EDGE('',*,*,#2788,.F.);
#2813 = ORIENTED_EDGE('',*,*,#2273,.F.);
#2814 = ORIENTED_EDGE('',*,*,#2305,.T.);
#2815 = ORIENTED_EDGE('',*,*,#2451,.T.);
#2816 = PLANE('',#2817);
#2817 = AXIS2_PLACEMENT_3D('',#2818,#2819,#2820);
#2818 = CARTESIAN_POINT('',(170.,49.6,-1.505));
#2819 = DIRECTION('',(0.,-0.980454353251,-0.19674669296));
#2820 = DIRECTION('',(-1.,0.,0.));
#2821 = ADVANCED_FACE('',(#2822),#2833,.T.);
#2822 = FACE_BOUND('',#2823,.T.);
#2823 = EDGE_LOOP('',(#2824,#2830,#2831,#2832));
#2824 = ORIENTED_EDGE('',*,*,#2825,.F.);
#2825 = EDGE_CURVE('',#2341,#2411,#2826,.T.);
#2826 = LINE('',#2827,#2828);
#2827 = CARTESIAN_POINT('',(170.,94.3,-3.));
#2828 = VECTOR('',#2829,1.);
#2829 = DIRECTION('',(-1.,0.,0.));
#2830 = ORIENTED_EDGE('',*,*,#2355,.F.);
#2831 = ORIENTED_EDGE('',*,*,#2322,.T.);
#2832 = ORIENTED_EDGE('',*,*,#2420,.T.);
#2833 = PLANE('',#2834);
#2834 = AXIS2_PLACEMENT_3D('',#2835,#2836,#2837);
#2835 = CARTESIAN_POINT('',(170.,94.,-1.505));
#2836 = DIRECTION('',(1.E-17,-0.980454353251,-0.19674669296));
#2837 = DIRECTION('',(-1.,-1.019163614442E-17,-3.84554135959E-20));
#2838 = ADVANCED_FACE('',(#2839,#2850),#2861,.F.);
#2839 = FACE_BOUND('',#2840,.F.);
#2840 = EDGE_LOOP('',(#2841,#2842,#2848,#2849));
#2841 = ORIENTED_EDGE('',*,*,#2338,.F.);
#2842 = ORIENTED_EDGE('',*,*,#2843,.F.);
#2843 = EDGE_CURVE('',#2413,#2339,#2844,.T.);
#2844 = LINE('',#2845,#2846);
#2845 = CARTESIAN_POINT('',(157.599,100.101,-3.));
#2846 = VECTOR('',#2847,1.);
#2847 = DIRECTION('',(1.,0.,0.));
#2848 = ORIENTED_EDGE('',*,*,#2410,.F.);
#2849 = ORIENTED_EDGE('',*,*,#2825,.F.);
#2850 = FACE_BOUND('',#2851,.F.);
#2851 = EDGE_LOOP('',(#2852));
#2852 = ORIENTED_EDGE('',*,*,#2853,.F.);
#2853 = EDGE_CURVE('',#2854,#2854,#2856,.T.);
#2854 = VERTEX_POINT('',#2855);
#2855 = CARTESIAN_POINT('',(165.25,97.2,-3.));
#2856 = CIRCLE('',#2857,2.75);
#2857 = AXIS2_PLACEMENT_3D('',#2858,#2859,#2860);
#2858 = CARTESIAN_POINT('',(162.5,97.2,-3.));
#2859 = DIRECTION('',(0.,0.,1.));
#2860 = DIRECTION('',(1.,0.,0.));
#2861 = PLANE('',#2862);
#2862 = AXIS2_PLACEMENT_3D('',#2863,#2864,#2865);
#2863 = CARTESIAN_POINT('',(85.,75.,-3.));
#2864 = DIRECTION('',(0.,0.,1.));
#2865 = DIRECTION('',(1.,0.,0.));
#2866 = ADVANCED_FACE('',(#2867),#2873,.T.);
#2867 = FACE_BOUND('',#2868,.T.);
#2868 = EDGE_LOOP('',(#2869,#2870,#2871,#2872));
#2869 = ORIENTED_EDGE('',*,*,#2427,.F.);
#2870 = ORIENTED_EDGE('',*,*,#2369,.T.);
#2871 = ORIENTED_EDGE('',*,*,#2348,.T.);
#2872 = ORIENTED_EDGE('',*,*,#2843,.F.);
#2873 = PLANE('',#2874);
#2874 = AXIS2_PLACEMENT_3D('',#2875,#2876,#2877);
#2875 = CARTESIAN_POINT('',(157.599,100.4005,-1.505));
#2876 = DIRECTION('',(0.,0.98051756109,-0.196431444513));
#2877 = DIRECTION('',(1.,0.,0.));
#2878 = ADVANCED_FACE('',(#2879),#2890,.F.);
#2879 = FACE_BOUND('',#2880,.F.);
#2880 = EDGE_LOOP('',(#2881,#2882,#2888,#2889));
#2881 = ORIENTED_EDGE('',*,*,#2569,.F.);
#2882 = ORIENTED_EDGE('',*,*,#2883,.T.);
#2883 = EDGE_CURVE('',#2570,#2706,#2884,.T.);
#2884 = LINE('',#2885,#2886);
#2885 = CARTESIAN_POINT('',(134.75,8.4,10.));
#2886 = VECTOR('',#2887,1.);
#2887 = DIRECTION('',(-0.,-0.,-1.));
#2888 = ORIENTED_EDGE('',*,*,#2705,.T.);
#2889 = ORIENTED_EDGE('',*,*,#2883,.F.);
#2890 = CYLINDRICAL_SURFACE('',#2891,2.75);
#2891 = AXIS2_PLACEMENT_3D('',#2892,#2893,#2894);
#2892 = CARTESIAN_POINT('',(132.,8.4,10.));
#2893 = DIRECTION('',(0.,0.,1.));
#2894 = DIRECTION('',(1.,0.,0.));
#2895 = ADVANCED_FACE('',(#2896),#2907,.F.);
#2896 = FACE_BOUND('',#2897,.F.);
#2897 = EDGE_LOOP('',(#2898,#2899,#2905,#2906));
#2898 = ORIENTED_EDGE('',*,*,#2589,.F.);
#2899 = ORIENTED_EDGE('',*,*,#2900,.T.);
#2900 = EDGE_CURVE('',#2590,#2797,#2901,.T.);
#2901 = LINE('',#2902,#2903);
#2902 = CARTESIAN_POINT('',(165.25,52.8,10.));
#2903 = VECTOR('',#2904,1.);
#2904 = DIRECTION('',(-0.,-0.,-1.));
#2905 = ORIENTED_EDGE('',*,*,#2796,.T.);
#2906 = ORIENTED_EDGE('',*,*,#2900,.F.);
#2907 = CYLINDRICAL_SURFACE('',#2908,2.75);
#2908 = AXIS2_PLACEMENT_3D('',#2909,#2910,#2911);
#2909 = CARTESIAN_POINT('',(162.5,52.8,10.));
#2910 = DIRECTION('',(0.,0.,1.));
#2911 = DIRECTION('',(1.,0.,0.));
#2912 = ADVANCED_FACE('',(#2913),#2924,.F.);
#2913 = FACE_BOUND('',#2914,.F.);
#2914 = EDGE_LOOP('',(#2915,#2916,#2922,#2923));
#2915 = ORIENTED_EDGE('',*,*,#2621,.F.);
#2916 = ORIENTED_EDGE('',*,*,#2917,.T.);
#2917 = EDGE_CURVE('',#2622,#2854,#2918,.T.);
#2918 = LINE('',#2919,#2920);
#2919 = CARTESIAN_POINT('',(165.25,97.2,10.));
#2920 = VECTOR('',#2921,1.);
#2921 = DIRECTION('',(-0.,-0.,-1.));
#2922 = ORIENTED_EDGE('',*,*,#2853,.T.);
#2923 = ORIENTED_EDGE('',*,*,#2917,.F.);
#2924 = CYLINDRICAL_SURFACE('',#2925,2.75);
#2925 = AXIS2_PLACEMENT_3D('',#2926,#2927,#2928);
#2926 = CARTESIAN_POINT('',(162.5,97.2,10.));
#2927 = DIRECTION('',(0.,0.,1.));
#2928 = DIRECTION('',(1.,0.,0.));
#2929 = ( GEOMETRIC_REPRESENTATION_CONTEXT(3) 
GLOBAL_UNCERTAINTY_ASSIGNED_CONTEXT((#2933)) 
GLOBAL_UNIT_ASSIGNED_CONTEXT((#2930,#2931,#2932)) REPRESENTATION_CONTEXT
('Context #1','3D Context with UNIT and UNCERTAINTY') );
#2930 = ( LENGTH_UNIT() NAMED_UNIT(*) SI_UNIT(.MILLI.,.METRE.) );
#2931 = ( NAMED_UNIT(*) PLANE_ANGLE_UNIT() SI_UNIT($,.RADIAN.) );
#2932 = ( NAMED_UNIT(*) SI_UNIT($,.STERADIAN.) SOLID_ANGLE_UNIT() );
#2933 = UNCERTAINTY_MEASURE_WITH_UNIT(LENGTH_MEASURE(2.E-05),#2930,
  'distance_accuracy_value','confusion accuracy');
#2934 = PRODUCT_RELATED_PRODUCT_CATEGORY('part',$,(#7));
#2935 = MECHANICAL_DESIGN_GEOMETRIC_PRESENTATION_REPRESENTATION('',(
    #2936),#2929);
#2936 = STYLED_ITEM('color',(#2937),#15);
#2937 = PRESENTATION_STYLE_ASSIGNMENT((#2938,#2944));
#2938 = SURFACE_STYLE_USAGE(.BOTH.,#2939);
#2939 = SURFACE_SIDE_STYLE('',(#2940));
#2940 = SURFACE_STYLE_FILL_AREA(#2941);
#2941 = FILL_AREA_STYLE('',(#2942));
#2942 = FILL_AREA_STYLE_COLOUR('',#2943);
#2943 = COLOUR_RGB('',0.800000010877,0.800000010877,0.800000010877);
#2944 = CURVE_STYLE('',#2945,POSITIVE_LENGTH_MEASURE(0.1),#2946);
#2945 = DRAUGHTING_PRE_DEFINED_CURVE_FONT('continuous');
#2946 = COLOUR_RGB('',9.803921802644E-02,9.803921802644E-02,
  9.803921802644E-02);
ENDSEC;
END-ISO-10303-21;
